timestamp,open,high,low,close,volume
1767780000000,79.8800,82.4000,78.5700,79.6600,26611.980
1767780900000,79.7000,79.8900,79.1100,79.1100,16599.423
1767781800000,79.2100,79.4800,78.6000,79.3600,8665.546
1767782700000,79.3600,79.5400,79.3500,79.4800,4826.369
1767783600000,79.4800,79.8400,79.4200,79.6500,4070.257
1767784500000,79.6500,79.7200,79.0100,79.4200,4327.681
1767785400000,79.4600,79.7400,79.2600,79.3500,3237.296
1767786300000,79.3300,79.5000,78.6100,78.9800,4701.966
1767787200000,78.9800,79.1200,78.5100,78.6500,6024.498
1767788100000,78.6800,78.8600,78.2100,78.6200,8971.973
1767789000000,78.6100,79.1200,78.5300,78.9300,6012.790
1767789900000,78.8800,79.2000,78.7000,78.7100,4488.690
1767790800000,78.6900,78.9200,77.4500,77.8100,9421.764
1767791700000,77.8000,78.2000,77.6600,77.9800,5912.314
1767792600000,77.9900,78.1300,77.1900,77.6000,6309.873
1767793500000,77.7200,77.7700,77.2300,77.6700,5704.341
1767794400000,77.6900,77.7000,76.8000,77.1300,7742.663
1767795300000,77.1300,77.3100,76.8200,77.1700,6973.615
1767796200000,77.1200,77.7800,77.0000,77.6500,9175.249
1767797100000,77.6500,78.1900,77.0300,77.9300,9541.869
1767798000000,77.9500,77.9500,76.9800,77.0400,7535.183
1767798900000,77.0000,77.8000,76.5000,77.6500,4380.136
1767799800000,77.6500,79.9900,77.5400,77.7400,5458.121
1767800700000,77.7100,77.7800,77.2100,77.2400,2704.926
1767801600000,77.3000,77.7600,77.3000,77.6600,1950.976
1767802500000,77.7000,78.4500,77.3400,78.1900,4348.092
1767803400000,78.1900,78.8900,78.1700,78.7100,2997.882
1767804300000,78.7400,79.1000,78.5300,78.9600,3599.225
1767805200000,79.0100,79.0300,78.5600,78.8100,3083.002
1767806100000,78.8100,78.9700,78.3800,78.6100,1921.952
1767807000000,78.5700,78.8500,78.5100,78.6100,2068.145
1767807900000,78.6100,78.6600,78.0100,78.1900,1988.294
1767808800000,78.1900,78.2300,77.6700,77.7100,1881.928
1767809700000,77.7200,78.1400,77.5600,77.9800,1953.827
1767810600000,78.0200,78.4000,77.9600,78.3200,858.910
1767811500000,78.3000,78.3900,78.1200,78.3300,1154.763
1767812400000,78.3300,78.4900,78.2000,78.3000,536.055
1767813300000,78.3200,78.3200,77.9600,78.2000,609.732
1767814200000,78.2100,78.5000,78.2000,78.3500,432.766
1767815100000,78.3500,78.6200,78.2800,78.5700,991.125
1767816000000,78.6000,78.7500,78.3000,78.4000,813.167
1767816900000,78.4000,78.6300,78.3800,78.4300,732.085
1767817800000,78.4500,78.5200,78.3700,78.4500,245.233
1767818700000,78.4800,78.7200,78.4600,78.4600,620.482
1767819600000,78.4600,78.4700,78.2000,78.3700,592.423
1767820500000,78.3600,78.5000,78.3400,78.3800,537.003
1767821400000,78.3900,78.3900,77.9000,78.1700,1296.165
1767822300000,78.2000,78.5000,78.0300,78.2400,447.172
1767823200000,78.2400,78.5000,77.8900,78.0600,320.627
1767824100000,78.0800,78.6600,77.4000,78.1700,1322.158
1767825000000,78.4600,78.8600,78.0100,78.8500,599.161
1767825900000,78.4300,78.8000,78.1500,78.3500,257.203
1767826800000,78.3500,78.7000,78.1900,78.4000,739.978
1767827700000,78.3800,78.8000,78.3400,78.7000,947.072
1767828600000,78.7000,78.8700,78.5700,78.6000,240.362
1767829500000,78.5900,79.0100,78.5600,78.9200,903.555
1767830400000,78.8600,79.7300,78.8000,79.4000,2646.936
1767831300000,79.3800,79.4500,78.4000,78.6600,1670.624
1767832200000,78.6000,78.7900,78.0200,78.0500,977.928
1767833100000,78.0000,78.1500,77.4000,77.9300,2154.426
1767834000000,77.8800,78.9900,77.0800,78.5700,1647.415
1767834900000,78.6900,79.2000,78.5300,78.7200,1080.068
1767835800000,78.7500,79.0200,78.5500,78.7700,813.955
1767836700000,78.7800,78.8000,78.5000,78.6800,308.678
1767837600000,78.6800,78.7100,78.2000,78.6400,708.075
1767838500000,78.6800,78.7000,78.1000,78.3700,631.944
1767839400000,78.3200,78.3400,77.7700,78.0400,1200.720
1767840300000,78.0100,78.2100,77.7200,77.9700,865.833
1767841200000,78.0500,78.4200,77.7000,78.1400,1102.922
1767842100000,78.0700,78.4200,78.0300,78.1900,1219.490
1767843000000,78.1900,78.5800,78.0500,78.1400,1078.126
1767843900000,78.1900,78.2300,78.0200,78.1100,743.644
1767844800000,78.1600,78.1600,77.5000,77.9000,1987.902
1767845700000,77.9800,78.0000,77.7400,77.7700,445.244
1767846600000,77.7400,77.9500,77.6600,77.6800,656.704
1767847500000,77.6800,77.7600,77.5000,77.6600,863.230
1767848400000,77.6600,77.6700,77.0300,77.2800,2104.897
1767849300000,77.2600,77.4200,77.0500,77.1700,1886.316
1767850200000,77.0800,77.3200,75.6100,75.8000,8301.368
1767851100000,75.8100,76.4000,75.6900,76.2500,3489.577
1767852000000,76.2000,76.3500,75.7200,75.7700,2582.692
1767852900000,75.7700,76.1800,75.7000,76.0600,2011.961
1767853800000,76.0400,76.9000,76.0400,76.5000,3708.134
1767854700000,76.5000,76.5600,76.3200,76.4000,1677.865
1767855600000,76.4200,76.9000,76.4000,76.5900,4720.670
1767856500000,76.6100,76.8000,76.1400,76.2900,1485.713
1767857400000,76.2500,76.4100,76.1400,76.2600,1176.907
1767858300000,76.2100,76.2600,75.8200,76.0600,2783.335
1767859200000,76.0600,76.1400,75.7700,76.0500,1503.903
1767860100000,76.0900,76.2800,75.8100,75.8100,822.318
1767861000000,75.8100,76.5000,75.4300,75.4600,3211.162
1767861900000,75.5000,75.9400,75.4000,75.9000,1357.239
1767862800000,75.9400,76.2400,75.8500,76.1400,1691.727
1767863700000,76.1600,76.1800,75.7400,76.0300,2385.697
1767864600000,76.0200,76.4000,76.0100,76.2600,1159.822
1767865500000,76.2700,76.4600,76.1300,76.4000,1094.737
1767866400000,76.3600,76.3800,76.0400,76.2300,569.757
1767867300000,76.2200,76.2700,75.7100,75.7800,981.162
1767868200000,75.7800,76.1000,75.7000,76.0600,1010.462
1767869100000,76.0600,76.2400,75.9000,76.1700,858.499
1767870000000,76.1900,76.1900,75.7800,75.9200,907.870
1767870900000,75.9300,75.9400,75.6300,75.9100,1055.411
1767871800000,75.9100,76.0300,75.8000,75.8300,719.671
1767872700000,75.8500,75.9200,75.6200,75.6200,1120.969
1767873600000,75.6000,75.6000,74.8000,74.9200,4284.573
1767874500000,74.9500,75.0800,74.7100,75.0800,2407.181
1767875400000,75.0600,75.5000,74.8700,75.4200,1589.738
1767876300000,75.4000,75.7100,75.2400,75.4400,1779.452
1767877200000,75.4000,75.5600,74.6100,74.7800,2863.099
1767878100000,74.8200,75.3700,74.7800,75.2500,2274.931
1767879000000,75.2800,75.2800,74.6800,75.0300,1702.929
1767879900000,75.0100,75.0600,74.4000,74.5300,5668.923
1767880800000,74.5100,74.7900,74.1800,74.2800,5081.243
1767881700000,74.2900,74.7100,74.1800,74.4100,1785.710
1767882600000,74.3800,74.9900,74.0400,74.5200,4723.306
1767883500000,74.4800,75.0000,74.4500,74.7800,2296.837
1767884400000,74.7800,75.2900,73.0100,75.2000,7314.207
1767885300000,75.1700,75.7500,75.1200,75.7200,7956.452
1767886200000,75.7400,76.0300,75.5700,75.9600,5397.216
1767887100000,75.9600,76.1200,75.4800,75.8500,3689.687
1767888000000,75.8700,75.9900,75.6100,75.6100,1555.435
1767888900000,75.6000,75.9500,75.6000,75.8500,1177.829
1767889800000,75.8500,76.5600,75.8000,76.2700,3413.848
1767890700000,76.3100,76.4000,76.0000,76.3700,2085.594
1767891600000,76.3700,76.5500,76.2000,76.3900,1718.223
1767892500000,76.3500,76.3600,75.8700,76.0100,1522.022
1767893400000,76.0600,76.4400,76.0600,76.2200,1373.742
1767894300000,76.2600,76.2900,76.0400,76.2800,1064.620
1767895200000,76.2500,76.2500,75.7300,75.9000,1443.586
1767896100000,75.8900,75.9700,75.3000,75.7800,2362.832
1767897000000,75.7600,75.9200,75.6000,75.9200,727.733
1767897900000,75.9100,76.1300,75.7600,75.8500,1263.651
1767898800000,75.8500,76.0900,75.8000,75.9200,534.123
1767899700000,75.9000,75.9400,75.7100,75.7500,456.596
1767900600000,75.8000,76.0600,75.7400,76.0300,735.010
1767901500000,76.0200,76.1000,75.8900,76.0100,636.891
1767902400000,76.0000,76.2400,75.9700,76.2000,935.550
1767903300000,76.1500,76.6300,76.1500,76.5200,991.169
1767904200000,76.5100,76.9600,76.5100,76.8000,2647.033
1767905100000,76.8700,77.1100,76.7800,77.0300,1704.649
1767906000000,77.0300,77.2100,77.0200,77.1000,1093.824
1767906900000,77.1100,77.1200,76.8400,76.9500,2785.036
1767907800000,76.9900,77.0900,76.9400,77.0400,432.446
1767908700000,76.9800,77.0900,76.9100,77.0800,529.728
1767909600000,77.0100,77.1400,76.9500,77.1200,298.635
1767910500000,77.1000,77.1800,76.9100,77.1200,233.495
1767911400000,77.1500,77.1900,76.9800,76.9800,201.993
1767912300000,77.0400,77.1200,76.5800,76.5800,610.370
1767913200000,76.5800,77.2100,76.5400,77.1600,1752.532
1767914100000,77.1800,77.2100,76.9600,77.0500,695.796
1767915000000,77.0400,77.0600,76.3000,76.6800,1443.633
1767915900000,76.6900,76.8800,76.6600,76.8500,1081.218
1767916800000,76.8500,76.9500,76.6400,76.6700,836.519
1767917700000,76.6700,76.7300,76.0500,76.3000,1312.214
1767918600000,76.3200,76.6900,76.1300,76.6000,1155.418
1767919500000,76.5400,76.5400,76.1000,76.1500,548.646
1767920400000,76.1500,76.5100,75.7800,76.0900,1375.616
1767921300000,76.0900,76.2900,75.7900,75.8400,483.294
1767922200000,75.9000,76.2100,75.8300,76.2100,1129.846
1767923100000,76.2400,76.8100,76.2400,76.7000,879.626
1767924000000,76.7100,77.6500,76.7000,77.2600,2573.940
1767924900000,77.2600,77.3900,77.1500,77.2100,1175.636
1767925800000,77.2500,77.4200,77.0500,77.3600,923.656
1767926700000,77.3600,77.3600,76.8600,77.1800,972.902
1767927600000,77.1700,77.1700,76.6600,76.8200,795.490
1767928500000,76.8000,77.0300,76.5700,76.6600,1278.052
1767929400000,76.6700,76.7300,76.3900,76.6900,1258.340
1767930300000,76.6900,76.8800,76.6400,76.7600,1133.258
1767931200000,76.7600,77.0900,76.6000,76.8800,1265.590
1767932100000,76.8700,77.0400,76.6600,77.0400,1560.710
1767933000000,77.0400,77.0900,76.6700,76.9100,1497.956
1767933900000,76.9100,76.9200,76.7600,76.8500,899.056
1767934800000,76.8500,76.9200,76.7200,76.9100,1325.816
1767935700000,76.9100,76.9300,76.5200,76.8800,2066.512
1767936600000,76.8800,77.2400,76.7900,76.9400,4020.016
1767937500000,76.9400,77.0800,76.8000,77.0800,1667.335
1767938400000,77.0800,77.3400,76.8800,76.9900,3528.172
1767939300000,76.9900,76.9900,76.7700,76.9900,1933.256
1767940200000,76.9900,77.3300,76.9800,77.2700,4282.281
1767941100000,77.2700,77.6300,77.2100,77.3800,2606.761
1767942000000,77.3800,77.5800,77.3300,77.4200,2974.853
1767942900000,77.4200,77.5200,77.3100,77.3600,2032.600
1767943800000,77.3600,77.4700,77.1800,77.3000,3810.619
1767944700000,77.3000,77.4500,77.2000,77.2700,1162.327
1767945600000,77.2700,77.9700,77.1000,77.8000,5569.930
1767946500000,77.8000,77.8500,77.6400,77.6800,2487.547
1767947400000,77.7700,77.8600,77.5900,77.7000,1904.587
1767948300000,77.7100,77.7500,77.4200,77.5500,1651.850
1767949200000,77.5900,78.1600,77.5800,78.1100,5587.095
1767950100000,78.0900,78.3600,78.0400,78.2600,3768.165
1767951000000,78.2900,78.4500,78.2000,78.2800,2389.066
1767951900000,78.2600,78.3400,78.1600,78.1900,3353.133
1767952800000,78.1700,78.3300,77.9900,78.1600,3035.453
1767953700000,78.1500,78.2500,78.0500,78.1200,1334.763
1767954600000,78.0800,78.1200,77.7000,77.9700,3503.007
1767955500000,77.9500,78.1400,77.8800,78.1400,1268.133
1767956400000,78.1400,78.3400,78.0000,78.0600,3072.871
1767957300000,78.0900,78.1500,78.0200,78.0300,1062.278
1767958200000,78.0300,78.0600,77.7000,77.7700,1867.408
1767959100000,77.7700,78.1200,77.7500,78.0500,2800.121
1767960000000,78.0500,78.4900,78.0500,78.4100,3383.664
1767960900000,78.3600,78.3900,77.9800,78.1200,1911.737
1767961800000,78.1400,78.1400,77.4000,77.4600,4327.623
1767962700000,77.4600,77.6400,77.3000,77.5000,3332.850
1767963600000,77.5200,78.2200,77.3800,78.0400,3575.726
1767964500000,78.0100,78.0900,77.6800,77.9200,5374.314
1767965400000,77.9500,78.7800,77.6000,78.5500,9614.430
1767966300000,78.5600,78.6400,78.2000,78.3000,3782.128
1767967200000,78.3200,79.8000,78.3200,78.7500,12608.325
1767968100000,78.7900,78.9900,78.5800,78.8100,4318.182
1767969000000,78.7800,79.3100,78.3000,78.9800,11128.907
1767969900000,78.9900,79.5300,78.7800,79.4000,9581.699
1767970800000,79.4000,79.5500,79.0100,79.2800,6993.007
1767971700000,79.2700,79.9600,79.1500,79.7800,7358.854
1767972600000,79.8000,80.1900,79.7200,80.0000,8711.653
1767973500000,80.0000,80.3100,79.8100,80.1900,6289.750
1767974400000,80.1900,80.2800,79.6100,79.8100,5796.355
1767975300000,79.8200,80.2000,79.8200,80.1400,4423.451
1767976200000,80.1400,80.4700,80.0500,80.4400,5143.600
1767977100000,80.4900,80.5300,80.2600,80.4600,4052.719
1767978000000,80.4600,80.4900,80.0500,80.1900,4689.155
1767978900000,80.1500,80.1700,79.7200,79.9200,6256.391
1767979800000,79.8800,80.2400,79.8000,79.8000,3311.420
1767980700000,79.8000,80.0000,79.2600,79.5300,8552.599
1767981600000,79.5200,79.7600,79.3900,79.6300,3043.730
1767982500000,79.6400,79.6800,79.3600,79.4500,2346.625
1767983400000,79.4500,80.3000,79.4300,80.0200,5855.984
1767984300000,80.0000,80.0700,79.7700,79.9600,2272.003
1767985200000,79.9500,79.9800,79.6700,79.8900,1961.318
1767986100000,79.8800,80.1400,79.8100,79.8600,6039.247
1767987000000,79.8800,80.0800,79.8300,80.0000,1121.298
1767987900000,80.0000,80.1500,79.9200,79.9700,1476.255
1767988800000,79.9500,80.2900,79.9200,80.2100,1265.228
1767989700000,80.2200,80.2800,79.7800,79.8300,917.464
1767990600000,79.8300,80.0600,79.7600,79.8600,3319.479
1767991500000,79.8900,79.9500,79.6400,79.9200,3322.702
1767992400000,79.9100,79.9700,79.8200,79.9200,651.431
1767993300000,79.9200,80.0000,79.7800,79.8900,1282.075
1767994200000,79.8900,80.0700,79.8000,80.0700,962.047
1767995100000,80.0700,80.2200,79.9300,79.9800,1086.964
1767996000000,79.9800,79.9900,79.7600,79.8800,797.880
1767996900000,79.8500,80.1400,79.8000,80.1400,810.876
1767997800000,80.1400,80.2300,80.0100,80.0700,717.582
1767998700000,80.0200,80.2400,79.9600,79.9800,522.909
1767999600000,80.0300,80.2400,79.8900,80.1300,767.104
1768000500000,80.1500,80.1900,80.0800,80.1200,251.311
1768001400000,80.1300,80.1500,79.8900,79.9800,1209.385
1768002300000,79.9800,80.0500,79.6700,79.8600,1050.327
1768003200000,79.8500,79.8700,79.5600,79.8100,933.727
1768004100000,79.8100,79.8200,79.2200,79.4700,2606.535
1768005000000,79.4700,79.8900,79.4500,79.7900,944.631
1768005900000,79.7900,79.8900,79.7300,79.8400,548.888
1768006800000,79.8400,79.8900,79.8000,79.8700,231.285
1768007700000,79.8700,80.2000,79.8600,80.1100,1449.128
1768008600000,80.0900,80.2000,80.0600,80.1000,508.050
1768009500000,80.0800,80.0900,79.8800,79.9600,1144.168
1768010400000,79.9200,80.0600,79.8700,79.8700,871.845
1768011300000,79.8900,80.0800,79.8700,80.0600,653.445
1768012200000,80.0400,80.0900,79.9900,80.0500,743.868
1768013100000,80.0500,80.1800,80.0200,80.0800,739.043
1768014000000,80.1000,80.1600,79.9900,80.0600,577.864
1768014900000,80.0600,80.1000,80.0200,80.0800,129.944
1768015800000,80.0800,80.0800,79.9900,79.9900,582.049
1768016700000,79.9900,80.0700,79.9900,79.9900,2178.141
1768017600000,79.9900,80.0000,79.9900,79.9900,1004.579
1768018500000,79.9900,80.0500,79.9500,79.9500,531.641
1768019400000,79.9500,79.9800,79.8700,79.8800,666.538
1768020300000,79.8800,80.0700,79.8700,79.9500,1120.804
1768021200000,79.9500,80.0300,79.9300,79.9300,346.933
1768022100000,79.9300,79.9500,79.9100,79.9200,140.076
1768023000000,79.9200,79.9800,79.8800,79.9000,763.336
1768023900000,79.9000,79.9500,79.8700,79.8900,896.704
1768024800000,79.8900,79.9600,79.8700,79.9100,661.575
1768025700000,79.9100,79.9700,79.8700,79.9300,965.248
1768026600000,79.9300,79.9800,79.9100,79.9500,628.898
1768027500000,79.9300,79.9400,79.9000,79.9400,386.906
1768028400000,79.9100,79.9300,79.8700,79.8800,598.976
1768029300000,79.8800,79.9200,79.8700,79.8800,788.862
1768030200000,79.9100,79.9300,79.8800,79.8900,466.748
1768031100000,79.8900,79.9300,79.8800,79.8900,551.657
1768032000000,79.8900,79.9600,79.8900,79.8900,359.454
1768032900000,79.9100,79.9300,79.8800,79.9200,257.159
1768033800000,79.9300,79.9700,79.9200,79.9300,242.362
1768034700000,79.9300,79.9400,79.8700,79.9000,1504.602
1768035600000,79.8800,79.9200,79.8700,79.9200,494.203
1768036500000,79.9200,79.9300,79.8800,79.9200,415.375
1768037400000,79.9000,79.9300,79.8000,79.8400,1316.468
1768038300000,79.8300,79.9800,79.8000,79.8100,1212.391
1768039200000,79.8100,79.9800,79.8000,79.8800,518.533
1768040100000,79.9000,80.0500,79.8900,80.0400,1090.688
1768041000000,80.0300,80.0400,79.9900,80.0400,466.189
1768041900000,80.0400,80.0700,80.0200,80.0600,267.079
1768042800000,80.0700,80.0900,80.0300,80.0800,362.108
1768043700000,80.0900,80.1000,80.0500,80.0800,360.158
1768044600000,80.0500,80.0500,79.9100,79.9100,468.442
1768045500000,79.9100,79.9800,79.9000,79.9600,259.848
1768046400000,79.9600,80.0000,79.9100,79.9300,634.191
1768047300000,79.9600,80.0000,79.7900,79.9700,1299.938
1768048200000,79.9400,80.0000,79.9000,79.9200,421.123
1768049100000,79.9400,79.9500,79.7900,79.8800,564.686
1768050000000,79.8800,79.9100,79.8300,79.8600,455.441
1768050900000,79.8600,79.9900,79.8600,79.9700,321.227
1768051800000,79.9600,79.9700,79.9000,79.9200,306.154
1768052700000,79.9200,80.0000,79.9200,80.0000,941.065
1768053600000,80.0000,80.0800,79.9500,79.9700,2264.868
1768054500000,80.0000,80.0100,79.9300,79.9500,374.084
1768055400000,79.9400,80.0800,79.9200,80.0400,544.235
1768056300000,80.0300,80.0900,80.0000,80.0300,276.685
1768057200000,80.0300,80.1000,80.0000,80.0300,658.211
1768058100000,80.0300,80.0700,80.0100,80.0700,180.460
1768059000000,80.0500,80.1100,79.9500,80.0400,77124.834
1768059900000,80.0500,80.0700,79.9600,80.0400,601.532
1768060800000,80.0400,80.1200,79.9500,80.1200,14886.388
1768061700000,80.1200,80.2600,80.0300,80.1800,8780.643
1768062600000,80.1800,80.3200,80.1200,80.2200,5746.476
1768063500000,80.2600,80.2600,80.0800,80.0800,1368.812
1768064400000,80.0800,80.1100,80.0200,80.0700,321.663
1768065300000,80.0700,82.0000,80.0700,80.5200,14861.110
1768066200000,80.5200,80.7700,80.0800,80.3100,7122.449
1768067100000,80.3000,80.3100,80.1000,80.2300,710.401
1768068000000,80.2300,80.3000,80.1300,80.2200,1208.037
1768068900000,80.2200,80.2500,80.1400,80.1500,511.392
1768069800000,80.1500,80.1800,80.0900,80.1500,376.186
1768070700000,80.1600,80.3000,80.1600,80.2500,625.630
1768071600000,80.2500,80.3000,80.1800,80.2500,359.388
1768072500000,80.2500,80.2600,80.1600,80.2300,335.783
1768073400000,80.2200,80.2800,80.2000,80.2300,248.353
1768074300000,80.2000,80.2500,80.1300,80.1600,551.166
1768075200000,80.1900,80.3000,80.1800,80.2800,512.936
1768076100000,80.2800,80.3000,80.2500,80.2600,146.636
1768077000000,80.2800,80.3700,80.2500,80.3700,445.542
1768077900000,80.3700,80.4400,80.3200,80.3800,191.782
1768078800000,80.3800,80.5500,80.3800,80.4300,563.183
1768079700000,80.4300,80.6600,80.3800,80.3800,722.950
1768080600000,80.3900,80.5100,80.2900,80.3200,632.290
1768081500000,80.3200,80.4800,80.3200,80.4200,384.528
1768082400000,80.4000,80.4700,80.3300,80.4000,327.013
1768083300000,80.3700,80.4200,80.3600,80.4000,289.562
1768084200000,80.4000,80.4100,80.3300,80.3400,267.710
1768085100000,80.3400,80.3900,80.0900,80.1100,1609.543
1768086000000,80.1100,80.3100,80.0900,80.2300,989.022
1768086900000,80.2700,80.2700,80.0000,80.0200,5291.525
1768087800000,80.0200,80.0400,79.9600,80.0000,574.929
1768088700000,79.9700,79.9900,79.7100,79.8600,1351.436
1768089600000,79.8500,80.1200,79.8500,80.1000,743.567
1768090500000,80.0900,80.1400,79.7100,79.9500,1295.478
1768091400000,79.9600,80.0900,79.9400,80.0600,481.670
1768092300000,80.0600,80.1000,79.9600,80.0900,367.197
1768093200000,80.0900,80.4000,80.0900,80.3800,1182.002
1768094100000,80.3800,80.4000,80.2000,80.2500,428.860
1768095000000,80.2500,80.3100,80.2000,80.2500,389.881
1768095900000,80.2500,80.4400,80.2000,80.4400,599.947
1768096800000,80.4400,80.4900,80.3200,80.3200,825.084
1768097700000,80.3100,80.3400,80.1500,80.2200,1200.928
1768098600000,80.2400,80.3900,80.2200,80.3500,696.669
1768099500000,80.3300,80.4800,80.2400,80.2700,894.002
1768100400000,80.2600,80.2700,80.1300,80.1700,422.688
1768101300000,80.1800,80.2300,80.1600,80.2100,441.894
1768102200000,80.1900,80.2500,80.1900,80.2200,479.524
1768103100000,80.1900,80.2100,80.0200,80.0200,648.603
1768104000000,80.0300,80.1400,80.0300,80.1400,239.621
1768104900000,80.1400,80.1400,79.5000,80.0500,4436.305
1768105800000,80.0300,80.1300,79.9900,80.1100,513.798
1768106700000,80.1000,80.1500,80.0100,80.1100,299.374
1768107600000,80.1100,80.1400,80.0200,80.1000,217.831
1768108500000,80.1000,80.2000,80.0600,80.1900,404.764
1768109400000,80.1900,80.1900,80.1000,80.1100,126.897
1768110300000,80.1300,80.2000,80.1000,80.1100,363.883
1768111200000,80.1100,80.3100,80.1100,80.1900,738.205
1768112100000,80.1900,80.3000,80.1000,80.1500,637.830
1768113000000,80.1300,80.1500,80.1200,80.1200,64.898
1768113900000,80.1200,80.3000,80.1100,80.2600,407.056
1768114800000,80.2300,80.2600,80.2000,80.2000,441.290
1768115700000,80.2200,80.2700,80.2000,80.2100,232.034
1768116600000,80.2000,80.2100,80.2000,80.2000,381.981
1768117500000,80.2000,80.2100,80.1000,80.1000,441.064
1768118400000,80.1200,80.1800,80.1100,80.1700,422.804
1768119300000,80.1300,80.2000,80.0900,80.1600,522.245
1768120200000,80.1600,80.2400,80.1600,80.1700,275.442
1768121100000,80.1800,80.2200,80.1600,80.2000,163.582
1768122000000,80.2000,80.2400,80.1400,80.1500,234.610
1768122900000,80.1500,80.2000,80.1400,80.1700,193.775
1768123800000,80.1700,80.1900,80.1200,80.1500,205.909
1768124700000,80.1700,80.2500,80.1500,80.2400,631.499
1768125600000,80.2500,80.2500,80.1900,80.1900,402.794
1768126500000,80.1900,80.2100,80.1900,80.1900,114.181
1768127400000,80.1900,80.2000,80.1400,80.1700,66.551
1768128300000,80.1800,80.2000,80.1400,80.1800,688.112
1768129200000,80.1600,80.1900,80.1000,80.1400,166.961
1768130100000,80.1400,80.1500,80.1000,80.1000,555.276
1768131000000,80.1000,80.1400,80.0000,80.0000,534.895
1768131900000,80.0000,80.0600,79.9800,80.0100,1062.535
1768132800000,80.0200,80.1700,80.0100,80.0500,814.106
1768133700000,80.0500,80.0800,79.9900,80.0000,508.109
1768134600000,80.0000,80.2000,79.9900,80.1500,482.379
1768135500000,80.1500,80.1600,80.0600,80.1500,530.939
1768136400000,80.1500,80.1800,80.1300,80.1700,150.315
1768137300000,80.1600,80.1800,80.0800,80.0800,381.139
1768138200000,80.0800,80.1600,80.0700,80.1300,270.084
1768139100000,80.1300,80.1300,80.0600,80.1000,314.331
1768140000000,80.1000,80.1800,80.0900,80.1600,342.098
1768140900000,80.1300,80.1900,80.1000,80.1700,400.309
1768141800000,80.1700,80.1900,80.1400,80.1900,388.697
1768142700000,80.1800,80.1900,80.0600,80.1000,953.816
1768143600000,80.1000,80.1500,80.0400,80.1100,517.373
1768144500000,80.1100,80.1900,80.1100,80.1600,478.037
1768145400000,80.1600,80.2000,80.0500,80.1000,550.837
1768146300000,80.0800,80.0900,80.0000,80.0400,480.633
1768147200000,80.0500,80.1900,80.0500,80.1300,681.817
1768148100000,80.1100,80.1400,80.0600,80.1400,360.471
1768149000000,80.1400,80.2000,80.0800,80.1500,537.961
1768149900000,80.1500,80.2300,80.1100,80.2200,361.631
1768150800000,80.2200,80.2500,80.1700,80.2500,1152.073
1768151700000,80.2500,80.2500,80.1600,80.2500,545.155
1768152600000,80.2500,80.4700,80.0200,80.2800,2054.641
1768153500000,80.2800,80.3100,80.1400,80.2700,654.691
1768154400000,80.2700,80.3300,80.1600,80.2300,551.426
1768155300000,80.2200,80.2900,80.1200,80.2200,345.309
1768156200000,80.2500,80.2500,80.2100,80.2300,88.574
1768157100000,80.2600,80.3000,80.2300,80.2600,104.230
1768158000000,80.2600,80.3000,80.2400,80.3000,144.578
1768158900000,80.3000,80.4200,80.2400,80.3700,563.548
1768159800000,80.3700,80.4000,80.3100,80.3600,596.205
1768160700000,80.3700,80.3700,80.2100,80.2100,660.082
1768161600000,80.2500,80.3800,80.2200,80.3400,601.883
1768162500000,80.3400,80.3500,80.1900,80.2700,768.447
1768163400000,80.2600,80.3200,80.1700,80.3000,123.874
1768164300000,80.3000,80.4000,80.2500,80.3000,631.308
1768165200000,80.2800,80.4200,80.2300,80.3000,428.933
1768166100000,80.3000,80.4100,80.2700,80.3500,291.061
1768167000000,80.3300,80.4700,80.3200,80.4300,387.030
1768167900000,80.4000,80.6100,80.2500,80.3200,2030.793
1768168800000,80.3500,80.3600,80.2600,80.3300,457.501
1768169700000,80.3300,80.4300,80.2500,80.2600,492.228
1768170600000,80.2600,80.3000,80.2200,80.2600,331.970
1768171500000,80.2700,80.2900,80.1800,80.2900,387.340
1768172400000,80.2900,80.9200,80.1000,80.8600,9097.348
1768173300000,80.9100,81.8800,80.5600,81.5600,18345.705
1768174200000,81.5700,81.7400,81.2900,81.6300,7185.477
1768175100000,81.6600,81.7800,81.4900,81.6500,3237.649
1768176000000,81.6400,82.3800,81.5600,82.2600,9902.038
1768176900000,82.2700,82.4600,82.0300,82.4100,7205.682
1768177800000,82.4000,83.7400,82.3500,83.5100,17338.065
1768178700000,83.5000,83.9200,83.3200,83.4000,26209.912
1768179600000,83.3900,84.3100,83.3700,83.5600,18864.122
1768180500000,83.5900,83.8100,83.2300,83.8100,10082.912
1768181400000,83.8600,84.0600,83.4100,83.5100,8123.174
1768182300000,83.5300,83.6700,82.9000,82.9900,9396.221
1768183200000,83.0100,83.2800,82.5700,83.0300,14341.212
1768184100000,83.0300,83.1300,82.5800,82.6500,8587.409
1768185000000,82.6300,83.6100,82.5100,83.5100,9322.385
1768185900000,83.5200,83.7000,83.1000,83.5400,26076.626
1768186800000,83.5900,83.6500,83.1900,83.5200,7179.884
1768187700000,83.5500,84.0700,83.5500,83.9800,9094.367
1768188600000,83.9700,84.0500,83.4000,83.4500,5715.156
1768189500000,83.4600,83.7600,83.3300,83.4300,3708.516
1768190400000,83.4400,83.5600,83.2200,83.5100,2447.152
1768191300000,83.5100,83.8600,83.4800,83.5300,3057.787
1768192200000,83.5200,83.6300,83.3100,83.5800,2826.705
1768193100000,83.5700,83.6400,83.4800,83.5900,2061.465
1768194000000,83.5500,83.8000,83.4000,83.6600,2983.446
1768194900000,83.6600,83.8000,83.5800,83.7100,2718.541
1768195800000,83.7000,84.5800,83.5100,84.4500,14642.651
1768196700000,84.4900,84.7400,84.2500,84.7100,11225.415
1768197600000,84.7000,84.7400,84.2100,84.3800,8716.031
1768198500000,84.3800,84.6200,84.1800,84.5500,6646.865
1768199400000,84.5900,84.6300,84.3700,84.4900,3772.068
1768200300000,84.4800,84.7300,84.3800,84.5800,6099.752
1768201200000,84.6000,84.6000,84.0800,84.1300,9990.698
1768202100000,84.1200,84.4000,83.9100,83.9800,5831.658
1768203000000,83.9900,84.1200,83.7600,83.9500,6009.924
1768203900000,83.9700,84.5500,83.8200,84.2500,6793.501
1768204800000,84.2400,84.6100,84.2100,84.2800,6196.651
1768205700000,84.2700,84.4600,84.1900,84.3600,3389.453
1768206600000,84.3600,84.5200,84.2200,84.2500,5033.568
1768207500000,84.2400,84.5000,84.2000,84.3500,4306.489
1768208400000,84.3400,84.4500,84.1400,84.4000,8602.596
1768209300000,84.4000,84.6500,84.3700,84.5100,4402.960
1768210200000,84.5100,84.5300,84.2500,84.3400,3526.509
1768211100000,84.3400,84.4000,84.2400,84.3500,1663.623
1768212000000,84.3600,84.4700,84.0900,84.2700,2578.034
1768212900000,84.2900,84.3900,84.1000,84.3100,3284.879
1768213800000,84.3000,84.4600,84.2300,84.3100,3045.754
1768214700000,84.3100,84.4000,84.2700,84.4000,1427.560
1768215600000,84.4000,84.4000,84.1400,84.1600,4504.784
1768216500000,84.1700,84.2800,83.7000,83.8300,7475.169
1768217400000,83.8300,84.1600,83.7600,84.1100,8442.687
1768218300000,84.1100,84.1200,83.7000,83.9300,4232.482
1768219200000,83.9500,84.3300,83.9300,84.0000,5355.526
1768220100000,83.9800,84.0200,83.7200,83.8800,4866.183
1768221000000,83.8900,84.2600,83.8900,84.1600,4006.635
1768221900000,84.1700,84.2500,84.0000,84.2200,2597.780
1768222800000,84.2300,85.5500,84.1200,85.4100,21221.244
1768223700000,85.4200,85.6900,85.1200,85.2200,21762.120
1768224600000,85.2200,85.5800,85.1300,85.2500,11211.010
1768225500000,85.2300,85.9600,85.2000,85.8000,13603.424
1768226400000,85.8000,85.8700,84.2800,84.6700,36881.801
1768227300000,84.6700,84.8200,84.0000,84.2400,16904.948
1768228200000,84.2100,85.5800,84.1600,84.9400,23252.395
1768229100000,84.9400,85.2700,84.4800,85.2200,11464.731
1768230000000,85.2000,85.8000,85.0200,85.6800,12875.387
1768230900000,85.6800,85.7800,85.2300,85.6200,13858.772
1768231800000,85.6300,85.9700,85.5000,85.7400,8859.001
1768232700000,85.7200,85.8000,85.3300,85.4500,9930.237
1768233600000,85.4400,85.8500,85.4300,85.8100,6027.718
1768234500000,85.8000,86.2000,85.7200,86.0300,18686.900
1768235400000,86.0300,86.3300,85.5500,85.8800,11218.784
1768236300000,85.8800,86.0800,85.8700,86.0600,3977.312
1768237200000,86.0700,86.1300,85.6500,86.0000,4946.283
1768238100000,86.0000,86.1400,85.8500,85.8900,2698.811
1768239000000,85.8800,85.9800,85.6000,85.9600,5426.379
1768239900000,85.9600,86.3500,85.9100,86.0300,7235.085
1768240800000,86.0300,86.1000,85.5700,85.5700,4843.049
1768241700000,85.5600,85.5600,85.0400,85.3400,11011.079
1768242600000,85.3700,85.6500,85.1900,85.2000,5072.850
1768243500000,85.2200,85.6400,85.1100,85.6200,4490.512
1768244400000,85.6200,85.7300,85.5000,85.6000,3161.575
1768245300000,85.6300,85.8900,85.5300,85.8700,2766.290
1768246200000,85.8600,85.9700,85.8000,85.8600,4146.174
1768247100000,85.8600,85.9400,85.6000,85.7300,3854.386
1768248000000,85.6900,85.8000,85.1800,85.3100,6430.231
1768248900000,85.3100,85.3500,84.9200,85.2400,2849.596
1768249800000,85.2500,85.5700,85.1300,85.1500,2328.608
1768250700000,85.1300,85.4100,85.0600,85.2500,2253.401
1768251600000,85.2800,85.3000,84.9800,85.0100,2641.358
1768252500000,85.0100,85.1700,84.8400,85.0700,1893.281
1768253400000,85.0700,85.1800,84.9400,85.0300,1715.721
1768254300000,85.0400,85.3600,84.9400,85.3600,3769.213
1768255200000,85.3400,85.5800,85.3400,85.4400,2303.015
1768256100000,85.4400,85.4600,84.8000,85.2700,3834.578
1768257000000,85.2300,85.3900,85.2300,85.3700,505.195
1768257900000,85.3600,85.4000,84.6100,84.9900,2864.381
1768258800000,85.0300,85.2700,83.3000,83.7300,26279.214
1768259700000,83.7300,84.2000,83.4400,83.8700,17608.869
1768260600000,83.8300,84.6800,83.8000,84.1300,11769.089
1768261500000,84.1600,84.7000,84.0900,84.5200,7018.146
1768262400000,84.5700,84.6200,84.2200,84.4200,7591.982
1768263300000,84.4100,84.7100,84.0700,84.0900,5345.876
1768264200000,84.0800,84.3400,83.9700,84.1400,5920.260
1768265100000,84.1400,84.5800,84.1400,84.3500,6419.693
1768266000000,84.3400,84.5400,83.9100,84.2400,11696.467
1768266900000,84.2700,84.5000,83.9900,83.9900,10410.271
1768267800000,83.9900,84.2800,83.5400,84.1200,9867.336
1768268700000,84.1100,84.2300,83.8300,83.8500,6338.237
1768269600000,83.8500,84.8500,83.8500,84.4600,7018.781
1768270500000,84.4500,84.6000,84.3400,84.4800,3616.860
1768271400000,84.4900,85.0300,84.4300,84.9900,5890.893
1768272300000,84.9900,85.8000,84.9900,85.5600,11860.482
1768273200000,85.5900,86.0900,85.5300,85.9600,8789.893
1768274100000,85.9400,86.0800,85.6000,85.6400,9462.725
1768275000000,85.6400,85.8000,85.3800,85.4700,6707.690
1768275900000,85.4700,85.5100,85.0700,85.4900,3735.707
1768276800000,85.5000,85.9000,85.5000,85.8600,4086.046
1768277700000,85.8600,86.0200,85.7600,85.8500,6267.410
1768278600000,85.8500,85.9500,85.4000,85.6700,7077.183
1768279500000,85.6700,85.9100,85.6000,85.8600,4872.021
1768280400000,85.8600,86.0000,85.4500,85.6600,4608.133
1768281300000,85.6600,85.9300,85.6300,85.9200,4721.833
1768282200000,85.9300,85.9400,84.7500,85.5300,16305.519
1768283100000,85.5300,85.7100,85.2800,85.4500,11122.682
1768284000000,85.4400,85.5400,84.9600,85.1400,6927.881
1768284900000,85.1400,85.4700,84.9700,85.1400,5613.498
1768285800000,85.1700,85.2900,84.7400,84.8800,6951.473
1768286700000,84.9200,85.2500,84.8100,85.0400,6724.578
1768287600000,85.0500,85.1500,85.0000,85.0900,9765.864
1768288500000,85.0800,85.3000,84.8400,85.1700,7321.520
1768289400000,85.1700,85.4300,85.1700,85.2600,3087.512
1768290300000,85.2800,85.3800,85.1300,85.2900,2640.366
1768291200000,85.2900,85.8300,85.2900,85.7800,6202.056
1768292100000,85.7700,85.9900,85.6500,85.9300,5450.647
1768293000000,85.9100,86.1800,85.6500,85.8200,10168.370
1768293900000,85.8200,85.9200,85.6400,85.7900,3201.808
1768294800000,85.8000,85.9000,85.6400,85.6400,5446.968
1768295700000,85.6900,85.8400,85.6500,85.7200,3097.713
1768296600000,85.7200,85.7500,85.2700,85.5100,22817.252
1768297500000,85.5100,85.5800,85.3500,85.4400,4212.865
1768298400000,85.4400,85.5500,85.3100,85.4200,5681.205
1768299300000,85.4200,85.5700,85.3800,85.5600,2796.141
1768300200000,85.5600,85.7400,85.3400,85.7200,3465.760
1768301100000,85.7000,85.7300,85.5700,85.6300,1849.005
1768302000000,85.6500,85.7800,85.5500,85.6700,2063.027
1768302900000,85.6700,85.8000,85.5000,85.7600,3142.241
1768303800000,85.7800,85.8600,85.6700,85.8100,4391.422
1768304700000,85.8100,85.8900,85.6700,85.8000,5514.149
1768305600000,85.8100,85.9000,85.6600,85.7500,4153.540
1768306500000,85.7600,85.8500,85.4800,85.6200,3845.308
1768307400000,85.6000,85.7600,85.4700,85.7100,1644.463
1768308300000,85.7300,86.1000,85.7000,85.9000,9134.870
1768309200000,85.9100,87.1100,85.8100,87.0000,22396.963
1768310100000,87.0000,87.2600,86.6900,86.8600,27364.476
1768311000000,86.8600,87.8900,86.8600,87.8600,29127.593
1768311900000,87.8700,88.0000,87.4400,87.7800,17081.411
1768312800000,87.7800,88.6500,87.6400,88.5700,26379.607
1768313700000,88.5700,88.6000,88.2700,88.2800,37981.683
1768314600000,88.2800,88.6800,87.9500,88.6400,25248.972
1768315500000,88.6300,89.1700,88.5200,88.8700,37084.582
1768316400000,88.8800,88.9000,88.2100,88.7300,17184.474
1768317300000,88.7300,88.7300,87.5100,87.8700,24272.914
1768318200000,87.8500,88.5200,87.7600,88.4200,13670.297
1768319100000,88.4100,88.7800,88.3200,88.7400,11576.105
1768320000000,88.7400,88.9300,88.3900,88.9100,12206.601
1768320900000,88.9100,89.0500,88.0600,88.2800,15640.657
1768321800000,88.2700,88.8900,88.2000,88.8000,9174.887
1768322700000,88.8100,89.0500,88.7700,88.9400,8792.545
1768323600000,88.9400,89.0600,88.6700,88.7800,9444.983
1768324500000,88.7900,88.9400,88.5500,88.7200,12774.428
1768325400000,88.7400,88.8500,88.0700,88.1000,9442.818
1768326300000,88.1000,88.2200,86.8800,87.0600,21227.740
1768327200000,87.0700,87.2400,86.4200,87.2100,20580.292
1768328100000,87.2100,87.2400,86.3000,86.9700,13168.377
1768329000000,86.9600,87.7100,86.7500,87.6500,12253.977
1768329900000,87.6700,87.8700,87.4600,87.7100,8074.151
1768330800000,87.7000,87.7200,87.0100,87.6500,8135.044
1768331700000,87.6600,87.8900,87.2600,87.8400,7203.007
1768332600000,87.8500,88.0200,87.4200,87.6400,7017.783
1768333500000,87.6400,87.7500,87.3100,87.6200,6661.188
1768334400000,87.6300,87.6400,87.0700,87.1800,5602.104
1768335300000,87.1800,87.2700,86.5500,86.6700,5972.180
1768336200000,86.6700,86.8600,86.1000,86.7700,16791.330
1768337100000,86.7600,87.0100,86.5800,86.8600,4406.753
1768338000000,86.8500,87.0800,86.7500,86.8800,4760.294
1768338900000,86.8900,87.2600,86.8900,87.0600,5000.441
1768339800000,87.0800,87.2000,86.9400,87.0500,2281.735
1768340700000,87.0500,87.2600,86.9800,87.1000,4441.062
1768341600000,87.1000,88.2000,86.7100,87.1900,12949.324
1768342500000,87.1900,87.4800,86.7900,86.8900,6303.719
1768343400000,86.8800,87.3000,86.8200,87.0200,4000.741
1768344300000,87.0200,87.1000,86.8800,87.0300,2373.705
1768345200000,87.0500,87.6000,86.8500,87.4400,8331.790
1768346100000,87.4400,87.9600,87.3900,87.9000,5432.491
1768347000000,87.8900,88.0200,87.5000,87.6400,6210.356
1768347900000,87.6400,88.0900,87.6100,88.0100,4288.506
1768348800000,88.0200,88.3000,87.8000,88.0400,14204.696
1768349700000,88.0600,88.2800,87.6400,88.2300,9161.424
1768350600000,88.2400,88.5000,88.1800,88.3100,5378.719
1768351500000,88.3000,88.3500,87.9000,88.2400,13219.802
1768352400000,88.2500,88.7700,88.0700,88.7100,12421.430
1768353300000,88.7100,88.8800,88.6900,88.8100,7194.332
1768354200000,88.8000,88.9800,88.7300,88.8800,9270.228
1768355100000,88.8800,89.8800,88.8000,89.8500,23605.224
1768356000000,89.8300,89.9000,89.4700,89.5800,17478.594
1768356900000,89.5900,89.8800,89.5400,89.7600,9133.681
1768357800000,89.7600,89.8200,89.4000,89.5700,9489.240
1768358700000,89.5500,89.7300,89.3100,89.6500,5025.272
1768359600000,89.6500,90.0000,89.5600,89.6400,13624.721
1768360500000,89.6600,89.7500,89.1600,89.1900,5827.442
1768361400000,89.2100,89.8100,89.2100,89.7500,5085.997
1768362300000,89.7500,90.8700,89.7000,90.8000,22290.608
1768363200000,90.8000,91.0000,90.6300,90.8500,26332.281
1768364100000,90.8300,91.7000,90.8200,90.9500,36440.787
1768365000000,90.9400,91.2700,90.6500,91.1300,13446.807
1768365900000,91.1500,91.2000,90.6000,90.7800,14361.150
1768366800000,90.7800,91.1800,90.6700,90.8600,9534.205
1768367700000,90.8600,90.9200,90.5000,90.7500,9795.554
1768368600000,90.7500,91.2000,90.3900,91.0300,10936.047
1768369500000,91.0400,91.2000,89.2800,89.5100,29761.193
1768370400000,89.5100,90.6200,89.4200,90.4000,22863.139
1768371300000,90.4100,90.7000,90.2000,90.2600,10902.153
1768372200000,90.2700,90.3400,89.5400,90.0300,14838.617
1768373100000,90.0300,90.3600,89.7500,90.2800,10730.438
1768374000000,90.2900,90.3600,89.9200,90.2000,6184.044
1768374900000,90.2000,90.7600,90.1600,90.4100,13490.753
1768375800000,90.4200,90.5900,90.1400,90.5200,7972.168
1768376700000,90.5200,90.5900,90.0600,90.1900,7322.413
1768377600000,90.2000,90.4700,89.9200,89.9900,8741.219
1768378500000,90.0100,90.0400,89.4000,89.6200,13418.267
1768379400000,89.6300,90.2900,89.4300,90.2600,10998.467
1768380300000,90.2600,90.3700,90.0900,90.2000,8831.066
1768381200000,90.2000,90.5200,90.1200,90.5100,8377.618
1768382100000,90.5100,90.6100,90.2900,90.3400,8646.820
1768383000000,90.3400,90.4400,90.1300,90.2200,3565.063
1768383900000,90.2000,90.6700,90.1700,90.6100,8511.787
1768384800000,90.5900,90.7600,90.4800,90.7000,5971.568
1768385700000,90.7100,90.8300,90.4500,90.6900,8826.519
1768386600000,90.7000,90.7600,90.4900,90.5900,4943.732
1768387500000,90.5900,90.6100,90.2200,90.2500,6562.567
1768388400000,90.2600,90.5500,90.0200,90.4900,8386.443
1768389300000,90.4900,90.9000,90.4600,90.6700,13177.633
1768390200000,90.6700,90.7600,90.4000,90.5200,8657.532
1768391100000,90.5300,90.6600,90.3600,90.6600,5707.909
1768392000000,90.6600,91.5100,90.6400,91.3800,24212.863
1768392900000,91.3900,91.4400,91.1200,91.3800,14741.469
1768393800000,91.3800,92.0000,91.3600,91.6500,22325.234
1768394700000,91.6500,92.1600,91.4400,92.0300,25849.383
1768395600000,92.0300,92.2300,91.5600,91.6000,29771.718
1768396500000,91.5900,92.0400,91.4500,91.8600,25070.460
1768397400000,91.8500,91.9500,91.0100,91.9300,25157.952
1768398300000,91.9200,91.9600,91.4500,91.7300,11663.717
1768399200000,91.7300,92.0300,91.3900,91.9000,15298.139
1768400100000,91.8700,92.1500,91.7500,91.9200,14436.707
1768401000000,91.9000,91.9000,90.5800,90.9400,55571.916
1768401900000,90.9400,91.4000,90.6700,91.3600,29223.807
1768402800000,91.3500,91.4200,90.2500,91.3900,36807.102
1768403700000,91.3800,91.8700,91.3100,91.4100,21054.394
1768404600000,91.4000,91.8800,90.9300,91.6800,21781.208
1768405500000,91.6800,91.8400,91.0300,91.8000,20234.127
1768406400000,91.8000,91.8800,91.4000,91.7100,19138.484
1768407300000,91.7100,91.9600,91.5800,91.7600,15761.846
1768408200000,91.7600,91.8200,91.1400,91.3600,12278.044
1768409100000,91.3500,91.3500,90.6700,91.2300,24756.863
1768410000000,91.2300,91.4600,90.7900,90.9200,7207.773
1768410900000,90.9200,90.9500,90.4600,90.8600,15103.532
1768411800000,90.8700,90.8700,89.8100,90.1900,26048.164
1768412700000,90.1700,90.8400,90.0900,90.6300,16198.511
1768413600000,90.6200,91.3500,90.4500,91.2000,13642.346
1768414500000,91.2000,91.7500,91.1500,91.7000,14912.442
1768415400000,91.7000,91.9200,91.4100,91.8400,17647.186
1768416300000,91.8600,92.3800,91.7700,92.3500,13410.875
1768417200000,92.3500,92.8500,92.2100,92.7700,25548.764
1768418100000,92.8000,93.0000,92.2200,92.2600,17153.177
1768419000000,92.2600,92.5600,92.0500,92.5000,14090.697
1768419900000,92.5100,92.8200,92.4100,92.7500,12391.607
1768420800000,92.7300,93.5200,92.2600,93.1300,29008.485
1768421700000,93.1300,93.5600,92.9700,93.1800,12878.388
1768422600000,93.1800,93.3000,92.6100,92.8500,13370.614
1768423500000,92.8700,93.3200,92.7500,93.2600,7774.626
1768424400000,93.2600,93.2900,92.6900,92.7700,9538.579
1768425300000,92.7600,92.8000,92.3100,92.6000,18044.363
1768426200000,92.6100,92.9000,92.4000,92.8900,14238.343
1768427100000,92.8900,93.4300,92.7900,93.3100,17615.593
1768428000000,93.3100,93.8100,92.8100,93.6400,12914.937
1768428900000,93.6100,93.6100,93.2300,93.5700,5076.030
1768429800000,93.5300,93.5500,93.2400,93.4200,4950.539
1768430700000,93.3800,93.3800,92.6600,92.6600,12119.011
1768431600000,92.6600,93.4700,91.6600,92.1200,40293.191
1768432500000,92.0900,92.6200,91.2600,92.0100,23682.212
1768433400000,92.0000,92.4800,91.7800,91.8100,16288.452
1768434300000,91.8200,92.4600,91.7900,92.3200,12543.753
1768435200000,92.3400,92.8200,92.2000,92.8100,12778.418
1768436100000,92.8100,93.1200,92.5300,92.8200,12267.933
1768437000000,92.8100,92.9700,92.2400,92.3600,9714.675
1768437900000,92.3400,92.5500,91.8100,92.3600,11602.057
1768438800000,92.3800,92.5000,91.5300,91.5900,21128.520
1768439700000,91.5900,91.7800,90.4600,90.4900,35587.575
1768440600000,90.4800,90.5000,87.0000,89.1100,145363.603
1768441500000,89.1400,89.2200,88.1000,88.3800,34644.373
1768442400000,88.3900,90.3900,88.0100,90.3100,43372.246
1768443300000,90.3000,90.3000,89.0200,89.8800,33160.968
1768444200000,89.8600,90.3800,88.9000,89.3700,31784.038
1768445100000,89.3600,89.4000,88.3000,88.7400,28502.801
1768446000000,88.7800,88.9200,88.0000,88.0600,30395.043
1768446900000,88.0800,88.7400,86.9700,87.0700,56862.084
1768447800000,87.0700,88.5200,86.5500,87.9100,51566.488
1768448700000,87.9000,88.1300,87.3000,87.9200,26547.144
1768449600000,87.9300,88.4300,87.5000,88.1200,23066.916
1768450500000,88.1200,88.5300,87.7800,87.8500,24092.480
1768451400000,87.8500,88.3000,87.6200,87.8300,13866.356
1768452300000,87.8200,88.2200,87.7000,87.9100,12986.458
1768453200000,87.9100,88.2700,87.7500,88.1600,14761.508
1768454100000,88.1400,88.2300,87.7600,88.2200,9511.875
1768455000000,88.2200,88.2200,87.2100,87.9700,26517.109
1768455900000,87.9700,88.6800,87.8600,88.3200,25149.242
1768456800000,88.3000,89.1700,88.2700,89.0900,20691.584
1768457700000,89.1100,89.5300,89.0600,89.2200,21637.192
1768458600000,89.2100,89.6000,88.8300,89.4700,11602.104
1768459500000,89.4700,90.0200,89.4500,89.9300,21586.464
1768460400000,89.9600,90.0000,89.6000,89.9900,8535.860
1768461300000,89.9900,90.3100,89.7900,90.0000,16017.885
1768462200000,90.0100,90.1400,89.5300,89.7800,13231.237
1768463100000,89.7900,89.9200,89.2200,89.4600,14911.644
1768464000000,89.4500,89.7400,89.0900,89.6500,16624.452
1768464900000,89.6500,89.9000,89.4500,89.5700,9758.266
1768465800000,89.5600,90.0000,89.3300,89.9500,8084.702
1768466700000,89.9600,90.0700,89.6800,90.0500,8742.482
1768467600000,90.0500,90.0500,89.5600,89.8400,10215.960
1768468500000,89.8500,90.0000,89.7000,90.0000,3940.790
1768469400000,90.0100,90.7800,89.9900,90.7500,20194.314
1768470300000,90.7600,90.7900,90.4500,90.6100,11985.790
1768471200000,90.6100,91.3000,90.5700,91.1100,26090.217
1768472100000,91.1000,91.5000,90.9300,91.3600,16915.648
1768473000000,91.3600,91.4900,91.2000,91.3300,12908.251
1768473900000,91.3200,91.5400,91.0700,91.2800,17322.487
1768474800000,91.2600,91.4900,91.0800,91.4100,8635.892
1768475700000,91.4000,91.5000,91.0900,91.4500,6227.782
1768476600000,91.4400,91.6600,91.1100,91.1500,7595.252
1768477500000,91.1500,91.3400,90.9100,91.3100,19074.226
1768478400000,91.3300,91.4500,90.9000,91.0400,9053.653
1768479300000,91.0500,91.2300,90.6400,91.0900,12146.814
1768480200000,91.0800,91.3000,90.7200,91.1900,17185.638
1768481100000,91.2100,91.2900,90.8900,91.1200,17343.747
1768482000000,91.1400,91.1700,89.7200,89.9200,35531.990
1768482900000,89.9200,90.2700,89.0900,89.3600,28932.589
1768483800000,89.3600,89.5900,88.1500,88.5200,56999.527
1768484700000,88.5100,88.9600,88.0700,88.7500,37787.084
1768485600000,88.7400,89.4100,88.0500,89.3500,30103.914
1768486500000,89.3500,89.6400,88.9600,89.2200,23131.625
1768487400000,89.2300,90.1200,89.1100,89.5500,36319.640
1768488300000,89.5300,90.5800,89.3000,90.5000,29524.851
1768489200000,90.4900,90.7900,90.1700,90.6600,21127.291
1768490100000,90.6500,90.9500,90.0700,90.2500,16462.449
1768491000000,90.2400,90.3700,89.7000,89.7700,19973.067
1768491900000,89.7500,90.8300,89.7000,90.7000,23365.688
1768492800000,90.7200,91.3500,90.0500,91.2900,18116.529
1768493700000,91.3000,91.9800,91.3000,91.5400,50068.761
1768494600000,91.5300,91.6500,90.9100,91.1400,21427.540
1768495500000,91.1300,91.2000,90.6100,90.9700,17159.555
1768496400000,90.9900,91.5300,90.9900,91.3800,15120.843
1768497300000,91.3800,91.7200,91.2400,91.3000,13150.436
1768498200000,91.2900,91.6600,91.1900,91.5400,7539.223
1768499100000,91.5700,91.7800,91.3500,91.6900,17145.449
1768500000000,91.6800,92.4900,91.6400,92.2400,26556.318
1768500900000,92.2600,92.6300,92.1300,92.4900,13979.539
1768501800000,92.4700,92.5700,91.9100,91.9700,21909.175
1768502700000,91.9600,92.2800,91.9000,92.1700,8560.939
1768503600000,92.1800,92.8900,92.1300,92.6700,25494.677
1768504500000,92.6500,92.9700,92.5500,92.7200,18982.619
1768505400000,92.7300,92.9500,92.6300,92.8500,11241.329
1768506300000,92.8500,92.9400,92.0100,92.4800,20165.797
1768507200000,92.4900,92.5100,91.3900,91.5100,32161.822
1768508100000,91.5100,91.8500,91.1400,91.6400,21204.543
1768509000000,91.6700,92.1000,91.5300,91.9300,19292.419
1768509900000,91.9100,92.1500,91.6500,91.8800,13302.757
1768510800000,91.8800,92.5600,91.8200,92.2600,21570.508
1768511700000,92.2600,92.5700,92.2100,92.2900,19248.738
1768512600000,92.2700,92.4300,92.1700,92.2900,10199.925
1768513500000,92.2700,92.3300,92.0800,92.1700,6517.915
1768514400000,92.1700,92.4000,91.7700,92.0000,11855.868
1768515300000,92.0100,92.0800,91.8800,91.9700,2574.544
1768516200000,91.9800,92.0600,91.8800,91.9400,2660.843
1768517100000,91.9400,91.9400,91.8800,91.9000,1834.287
1768518000000,91.9000,92.9200,91.7300,91.7700,33781.923
1768518900000,91.7800,92.1300,90.8600,90.8600,27041.403
1768519800000,90.8800,91.2000,90.3500,90.9400,37605.819
1768520700000,90.9500,91.5000,90.6700,91.4500,19312.853
1768521600000,91.4800,91.4900,90.7200,91.0800,17191.317
1768522500000,91.0800,91.5800,91.0100,91.4300,13379.615
1768523400000,91.4200,91.4600,90.8900,90.9000,11792.985
1768524300000,90.9000,90.9800,90.6200,90.6600,17084.658
1768525200000,90.6500,91.9000,90.4600,91.7800,32691.118
1768526100000,91.8100,92.1400,91.6200,91.9800,18178.041
1768527000000,91.9700,92.0700,91.3300,91.3800,12903.917
1768527900000,91.3700,91.5300,91.0800,91.2500,11336.630
1768528800000,91.2300,91.4000,90.5300,90.6500,17587.158
1768529700000,90.6600,91.0300,90.6500,90.7900,16238.261
1768530600000,90.7600,90.8900,89.6400,90.3700,37386.138
1768531500000,90.3600,90.7300,90.0900,90.1800,19053.550
1768532400000,90.1900,90.9500,90.0100,90.7000,15093.253
1768533300000,90.7300,90.8800,90.3400,90.4400,7690.570
1768534200000,90.4400,90.5900,90.1500,90.5000,6372.009
1768535100000,90.4900,90.5900,90.3200,90.3600,6529.433
1768536000000,90.3600,90.7400,90.3600,90.6800,6198.109
1768536900000,90.6700,91.0600,90.6600,90.9600,7757.812
1768537800000,90.9700,90.9700,90.7900,90.8700,8109.879
1768538700000,90.8700,91.0800,90.8700,91.0600,6750.907
1768539600000,91.0600,91.0600,90.3600,90.6800,18125.369
1768540500000,90.6800,91.0700,90.5800,91.0200,8586.292
1768541400000,91.0200,91.5800,90.5800,91.5100,24135.590
1768542300000,91.5100,91.9000,91.3100,91.4500,19202.596
1768543200000,91.4400,91.4800,90.7500,90.8300,17605.147
1768544100000,90.8200,91.0400,90.6100,90.8000,14149.634
1768545000000,90.7900,90.9700,90.2000,90.2500,19470.291
1768545900000,90.2700,90.5600,89.9400,90.4900,18169.989
1768546800000,90.5000,91.1500,90.4800,90.9800,15571.714
1768547700000,90.9700,90.9700,90.6400,90.8900,6795.148
1768548600000,90.8900,91.1500,90.7200,91.0400,5558.057
1768549500000,91.0400,91.2300,90.9600,91.0300,3987.275
1768550400000,91.0300,91.1400,90.6100,90.8700,10177.958
1768551300000,90.8500,91.3200,90.8100,91.2300,6588.131
1768552200000,91.2200,91.3000,91.0200,91.1300,4282.680
1768553100000,91.1200,91.4300,91.1000,91.2400,4449.785
1768554000000,91.2100,91.7400,91.1600,91.4900,16467.214
1768554900000,91.4800,91.5600,91.2500,91.4800,9403.932
1768555800000,91.4900,91.5900,91.2700,91.4800,8866.977
1768556700000,91.4700,91.5100,91.0100,91.1800,7527.727
1768557600000,91.1700,91.4400,91.1600,91.3700,6253.294
1768558500000,91.3700,91.5300,91.3400,91.3400,5679.329
1768559400000,91.3400,91.4100,91.0600,91.0900,6815.222
1768560300000,91.1000,91.1100,90.4600,90.6000,25738.579
1768561200000,90.6000,90.9500,90.2200,90.8900,30184.329
1768562100000,90.8900,90.9900,90.7900,90.9200,9455.991
1768563000000,90.9200,91.2700,90.8700,91.2400,8697.912
1768563900000,91.2500,91.4000,91.0900,91.1100,9612.518
1768564800000,91.1100,91.1400,90.8000,90.9200,8697.418
1768565700000,90.9200,91.1100,90.5000,90.8300,9183.978
1768566600000,90.8400,90.9400,90.5000,90.7800,11311.661
1768567500000,90.7800,90.9700,90.2600,90.2900,15293.217
1768568400000,90.2900,90.3500,88.7300,89.3900,85445.685
1768569300000,89.3800,89.5600,88.0300,88.2000,61113.800
1768570200000,88.1900,88.7100,87.9200,88.4300,59632.250
1768571100000,88.4200,89.1600,88.3400,89.0500,35149.709
1768572000000,89.0500,89.4500,88.6700,89.2900,32905.973
1768572900000,89.2700,89.4400,88.6200,88.7000,19706.680
1768573800000,88.6900,89.8200,88.5100,89.5800,32602.397
1768574700000,89.6000,89.9700,89.2400,89.3300,22007.016
1768575600000,89.3200,89.9900,89.2500,89.7800,16787.722
1768576500000,89.7700,89.7700,87.3700,87.4000,51400.139
1768577400000,87.4100,88.0000,87.1200,87.8600,67800.975
1768578300000,87.8700,88.5400,87.7800,88.0300,26849.585
1768579200000,88.0500,89.1000,87.9900,88.7500,23142.713
1768580100000,88.7700,89.1500,88.2400,88.9300,17376.906
1768581000000,88.9300,89.4000,88.7200,89.1100,15478.165
1768581900000,89.1100,89.2600,88.5000,88.9600,15550.973
1768582800000,88.9600,89.0700,88.6200,88.9600,9828.685
1768583700000,88.9600,88.9700,88.3200,88.3800,9630.234
1768584600000,88.3800,88.8100,88.3600,88.5000,6211.194
1768585500000,88.5100,89.0400,88.3000,88.8400,8816.187
1768586400000,88.8500,89.2000,88.6100,88.6300,10275.811
1768587300000,88.6300,89.0900,88.5400,89.0600,6231.760
1768588200000,89.0700,89.8400,89.0200,89.7500,18325.015
1768589100000,89.7700,89.7700,88.8700,89.0800,15225.367
1768590000000,89.0900,89.4500,88.9600,89.0400,5954.260
1768590900000,89.0300,89.1900,88.6800,88.8900,6253.432
1768591800000,88.8800,89.4200,88.8400,89.3200,5405.512
1768592700000,89.3400,89.6000,89.3200,89.4600,5100.926
1768593600000,89.4700,89.5500,89.2000,89.4300,3646.937
1768594500000,89.4300,89.5000,89.1300,89.2100,2549.542
1768595400000,89.2200,89.5400,88.9000,89.3900,6406.410
1768596300000,89.3700,89.6800,89.2900,89.3900,6704.938
1768597200000,89.3900,89.5300,89.2600,89.5200,5838.535
1768598100000,89.5200,89.9000,89.5100,89.6800,5116.861
1768599000000,89.6900,89.9500,89.6400,89.7700,10848.136
1768599900000,89.7700,90.3000,89.7700,90.1700,10683.598
1768600800000,90.1800,90.2000,89.7100,90.0700,8702.728
1768601700000,90.0700,90.0800,89.8100,89.8400,2342.667
1768602600000,89.8400,89.8800,89.7100,89.8600,4444.977
1768603500000,89.8700,89.9500,89.8100,89.8900,989.546
1768604400000,89.8800,90.0400,89.8400,90.0100,3703.384
1768605300000,90.0300,90.0500,89.9600,90.0400,1868.979
1768606200000,90.0200,90.0500,89.9300,89.9800,1734.887
1768607100000,89.9500,90.1000,89.7800,90.1000,6708.679
1768608000000,90.0900,90.1800,90.0300,90.0800,4137.569
1768608900000,90.0800,90.1200,89.9600,90.0900,1654.174
1768609800000,90.0900,90.1000,90.0000,90.0000,1610.320
1768610700000,90.0100,90.0500,89.8500,89.8500,3094.001
1768611600000,89.8400,90.0800,89.8400,89.9900,3846.176
1768612500000,89.9900,90.0700,89.9900,90.0400,1814.601
1768613400000,90.0400,90.1000,90.0100,90.0200,3144.599
1768614300000,90.0200,90.0600,89.8800,90.0200,3284.045
1768615200000,90.0200,90.1000,90.0000,90.0700,2007.402
1768616100000,90.0700,90.1100,90.0600,90.0800,1460.294
1768617000000,90.0800,90.1100,90.0500,90.0800,1673.154
1768617900000,90.0800,90.1300,90.0700,90.1300,2794.055
1768618800000,90.1200,90.1300,90.0600,90.0700,1217.160
1768619700000,90.0800,90.1600,90.0800,90.0800,2944.981
1768620600000,90.0900,90.1600,90.0900,90.1200,1594.576
1768621500000,90.1200,90.1400,90.0700,90.0900,1928.164
1768622400000,90.0900,90.1100,90.0600,90.0600,750.464
1768623300000,90.0600,90.1000,90.0300,90.0400,2185.035
1768624200000,90.0400,90.0900,90.0400,90.0500,1911.265
1768625100000,90.0500,90.0900,90.0500,90.0700,997.279
1768626000000,90.0700,90.1200,90.0400,90.0900,3960.009
1768626900000,90.0900,90.1000,90.0700,90.1000,735.461
1768627800000,90.0900,90.1000,90.0600,90.1000,1346.318
1768628700000,90.0900,90.1300,90.0700,90.0800,1412.952
1768629600000,90.0800,90.1000,90.0000,90.0000,4017.303
1768630500000,90.0000,90.0900,89.8200,90.0600,6295.234
1768631400000,90.0700,90.1000,90.0200,90.0700,1522.656
1768632300000,90.0700,90.1100,90.0500,90.1000,1360.255
1768633200000,90.0800,90.1200,90.0500,90.0600,4311.112
1768634100000,90.0600,90.0900,90.0500,90.0700,706.203
1768635000000,90.0700,90.0900,90.0500,90.0800,570.940
1768635900000,90.0800,90.1000,90.0500,90.0900,781.458
1768636800000,90.0900,90.0900,90.0500,90.0900,915.278
1768637700000,90.0900,90.0900,90.0500,90.0800,719.627
1768638600000,90.0800,90.1000,90.0700,90.0800,681.812
1768639500000,90.0800,90.0900,90.0500,90.0600,934.372
1768640400000,90.0600,90.1300,90.0500,90.0800,1978.600
1768641300000,90.0800,90.1200,90.0700,90.0700,1227.631
1768642200000,90.0700,90.0800,90.0300,90.0300,1006.449
1768643100000,90.0300,90.1300,90.0200,90.1300,2509.083
1768644000000,90.1300,90.1400,90.0800,90.1100,1076.176
1768644900000,90.1100,90.1100,90.0700,90.0800,373.324
1768645800000,90.0900,90.1100,90.0800,90.1100,1292.230
1768646700000,90.1000,90.1400,89.9300,90.0900,5218.518
1768647600000,90.0900,90.0900,90.0200,90.0700,1776.583
1768648500000,90.0700,90.1000,90.0500,90.0700,662.071
1768649400000,90.0700,90.0900,90.0500,90.0500,288.436
1768650300000,90.0600,90.1000,90.0600,90.0600,771.697
1768651200000,90.0600,90.0800,90.0400,90.0600,902.555
1768652100000,90.0600,90.0900,90.0500,90.0700,660.577
1768653000000,90.0800,90.0900,90.0600,90.0700,610.804
1768653900000,90.0800,90.0900,90.0600,90.0800,717.845
1768654800000,90.0800,90.0900,90.0500,90.0700,1115.808
1768655700000,90.0700,90.1000,90.0500,90.0900,809.180
1768656600000,90.0900,90.1100,90.0700,90.0800,878.221
1768657500000,90.0900,90.1000,90.0700,90.0900,789.951
1768658400000,90.0800,90.0900,90.0500,90.0700,940.894
1768659300000,90.0600,90.1100,90.0500,90.1000,1175.857
1768660200000,90.1000,90.1000,90.0400,90.0700,1669.533
1768661100000,90.0700,90.0900,90.0100,90.0700,1449.280
1768662000000,90.0700,90.0900,90.0600,90.0800,1177.327
1768662900000,90.0800,90.0900,90.0500,90.0700,820.718
1768663800000,90.0700,90.1100,90.0400,90.0900,2219.164
1768664700000,90.1000,90.1100,90.0900,90.1100,1933.421
1768665600000,90.1100,90.1100,90.0600,90.0700,1527.954
1768666500000,90.0800,90.0900,90.0400,90.0400,1231.691
1768667400000,90.0500,90.0700,90.0100,90.0500,2684.612
1768668300000,90.0400,90.1000,90.0200,90.0900,3092.706
1768669200000,90.1000,90.1000,90.0700,90.0900,810.058
1768670100000,90.1000,90.1000,90.0300,90.0600,650.834
1768671000000,90.0600,90.1000,90.0500,90.0700,1169.139
1768671900000,90.0700,90.1100,90.0700,90.1000,453.875
1768672800000,90.1000,90.1100,90.0600,90.0800,803.627
1768673700000,90.0800,90.1000,90.0600,90.0900,378.014
1768674600000,90.1000,90.1100,90.1000,90.1000,447.229
1768675500000,90.1000,90.1300,90.0600,90.1000,1405.928
1768676400000,90.0900,90.1000,90.0600,90.0700,504.535
1768677300000,90.0700,90.0800,90.0600,90.0700,161.071
1768678200000,90.0900,90.0900,90.0600,90.0800,475.374
1768679100000,90.0700,90.0900,90.0600,90.0800,310.902
1768680000000,90.0800,90.0900,90.0300,90.0400,825.846
1768680900000,90.0500,90.0800,90.0300,90.0800,580.071
1768681800000,90.0700,90.0900,90.0500,90.0700,1424.880
1768682700000,90.0700,90.1100,90.0700,90.1100,1072.069
1768683600000,90.1000,90.1200,90.0900,90.1200,908.268
1768684500000,90.1100,90.3400,90.1000,90.2100,4301.930
1768685400000,90.2100,90.4500,90.2100,90.4300,1682.915
1768686300000,90.4300,90.4400,90.2300,90.3500,2061.415
1768687200000,90.3500,90.5000,90.3500,90.4900,1726.637
1768688100000,90.4900,90.4900,90.3100,90.4200,2367.380
1768689000000,90.4100,90.4800,90.3500,90.3700,2661.680
1768689900000,90.3700,90.4300,90.3600,90.4100,1140.991
1768690800000,90.4100,90.4700,90.2600,90.3900,5802.399
1768691700000,90.3900,90.4000,90.3300,90.3500,494.970
1768692600000,90.3500,90.3600,90.1600,90.1700,2260.761
1768693500000,90.1700,90.2100,90.1300,90.1300,2196.360
1768694400000,90.1500,90.3000,90.1500,90.2500,1130.856
1768695300000,90.2600,90.3400,90.2500,90.2700,1098.694
1768696200000,90.2700,90.3100,90.2600,90.3100,797.915
1768697100000,90.3100,90.3400,90.2600,90.3200,2553.018
1768698000000,90.3200,90.3400,90.2600,90.2800,1480.360
1768698900000,90.3000,90.3000,90.2500,90.2800,783.287
1768699800000,90.2700,90.2800,90.1900,90.2100,1420.649
1768700700000,90.2100,90.3400,90.1900,90.2900,3019.881
1768701600000,90.2900,90.3300,90.2500,90.2800,1761.078
1768702500000,90.2800,90.3000,90.2700,90.2700,866.018
1768703400000,90.2600,90.3200,90.2600,90.2900,721.149
1768704300000,90.2800,90.3300,90.2700,90.3100,1269.874
1768705200000,90.3100,90.3200,90.2900,90.3100,1349.992
1768706100000,90.3000,90.3100,90.2800,90.2900,462.210
1768707000000,90.2900,90.3300,90.2500,90.3100,2292.568
1768707900000,90.3200,90.3300,90.3000,90.3100,2180.166
1768708800000,90.3200,90.3300,90.3000,90.3200,2219.750
1768709700000,90.3200,90.4300,90.2800,90.4000,11827.260
1768710600000,90.4000,90.4300,90.2800,90.2900,2463.473
1768711500000,90.3100,90.3800,90.3100,90.3500,1746.926
1768712400000,90.3500,90.4100,90.2700,90.3000,3674.889
1768713300000,90.3000,90.3900,90.0200,90.1400,8765.320
1768714200000,90.1400,90.2500,89.9000,89.9300,7993.138
1768715100000,89.9400,90.2100,89.9400,90.1700,3616.059
1768716000000,90.1700,90.2300,90.1500,90.1800,1000.346
1768716900000,90.1800,90.1900,90.1200,90.1200,403.163
1768717800000,90.1200,90.2000,90.1000,90.1100,1043.498
1768718700000,90.1100,90.1600,90.0800,90.1400,1811.339
1768719600000,90.1400,90.1500,90.0300,90.0800,1051.650
1768720500000,90.0900,90.1800,90.0900,90.1200,942.429
1768721400000,90.1300,90.2100,90.1300,90.1500,1041.732
1768722300000,90.1500,90.2800,90.1000,90.2200,2488.390
1768723200000,90.2200,90.2800,90.2000,90.2800,714.259
1768724100000,90.2800,90.3000,90.1700,90.1900,1140.229
1768725000000,90.1800,90.2300,90.1000,90.1800,2112.478
1768725900000,90.1800,90.2700,90.1600,90.1600,1080.437
1768726800000,90.1500,90.2300,90.1400,90.2000,1614.023
1768727700000,90.1900,90.2800,90.1800,90.2500,1312.033
1768728600000,90.2500,90.2700,90.1700,90.1800,2026.940
1768729500000,90.1800,90.2100,90.1700,90.1900,993.236
1768730400000,90.1900,90.2400,90.1900,90.2000,787.986
1768731300000,90.2000,90.2200,90.1600,90.1800,874.828
1768732200000,90.1800,90.2800,90.1700,90.1900,1526.589
1768733100000,90.1900,90.3100,90.1800,90.2600,4033.428
1768734000000,90.2500,90.2900,90.2100,90.2700,808.011
1768734900000,90.2700,90.3400,90.2100,90.3200,1649.053
1768735800000,90.3200,90.3700,90.2900,90.2900,2283.973
1768736700000,90.2900,90.3800,90.2800,90.3400,1815.221
1768737600000,90.3500,90.3500,90.3000,90.3300,1272.591
1768738500000,90.3300,90.3800,90.3200,90.3600,1508.680
1768739400000,90.3500,90.3700,90.3100,90.3400,1462.520
1768740300000,90.3300,90.5600,90.3100,90.3600,6724.040
1768741200000,90.3600,90.4200,90.3100,90.3900,1998.723
1768742100000,90.3900,90.4800,90.3500,90.4100,2504.620
1768743000000,90.4200,90.4300,90.3200,90.4000,2254.585
1768743900000,90.4000,90.4700,90.3500,90.4000,3393.956
1768744800000,90.4000,90.4800,90.3800,90.4500,1707.844
1768745700000,90.4400,90.5000,90.3800,90.3900,2290.543
1768746600000,90.3800,90.4300,90.2700,90.3500,3648.918
1768747500000,90.3600,90.4000,90.3400,90.3600,1132.468
1768748400000,90.3700,90.4400,90.3700,90.4000,2487.785
1768749300000,90.4000,90.4200,90.3700,90.3900,705.165
1768750200000,90.3900,90.4400,90.3700,90.3900,2154.190
1768751100000,90.3800,90.3900,90.2100,90.2900,3367.632
1768752000000,90.3000,90.4500,90.3000,90.4400,3638.286
1768752900000,90.4200,90.4700,90.4000,90.4600,1640.208
1768753800000,90.4600,90.4600,90.4200,90.4600,1226.446
1768754700000,90.4600,90.4700,90.2200,90.4200,4339.052
1768755600000,90.4100,90.4400,90.3100,90.3700,2331.157
1768756500000,90.3600,90.4600,90.3400,90.4500,2176.887
1768757400000,90.4500,90.4800,90.4100,90.4300,1815.522
1768758300000,90.4300,90.4500,90.3700,90.4200,1186.105
1768759200000,90.4200,90.4300,90.3700,90.4000,608.172
1768760100000,90.3900,90.5100,90.3800,90.4700,3386.074
1768761000000,90.4800,90.5500,90.4200,90.5400,2943.164
1768761900000,90.5400,90.5400,90.4700,90.5000,1184.348
1768762800000,90.5000,90.5500,90.5000,90.5300,1006.328
1768763700000,90.5400,90.5500,90.4600,90.5100,2672.812
1768764600000,90.5200,90.5500,90.5000,90.5500,937.239
1768765500000,90.5500,90.5500,90.5000,90.5000,2072.727
1768766400000,90.5000,90.7800,90.5000,90.7000,6230.820
1768767300000,90.7000,91.2000,90.6900,91.1700,9615.191
1768768200000,91.1500,91.5100,91.1500,91.3000,6960.166
1768769100000,91.2900,91.3100,91.1500,91.1700,3135.421
1768770000000,91.1700,91.6600,91.1000,91.3100,5541.254
1768770900000,91.3100,91.3900,91.2400,91.3700,3456.759
1768771800000,91.3600,91.3600,90.9400,90.9400,5074.831
1768772700000,90.9400,91.0400,90.8300,90.8400,3423.507
1768773600000,90.8400,91.1400,90.8300,91.0100,3135.545
1768774500000,91.0100,91.0200,90.7100,90.7700,5329.640
1768775400000,90.7700,90.8100,90.5600,90.7600,5524.861
1768776300000,90.7400,90.8500,90.5600,90.8500,3363.139
1768777200000,90.8300,92.7000,90.7400,92.5500,87332.881
1768778100000,92.5700,93.2900,92.2700,92.9700,65502.687
1768779000000,92.9400,94.0000,92.6200,92.9000,81878.279
1768779900000,92.9100,93.2400,92.7000,93.0300,40187.842
1768780800000,93.0300,93.3200,92.3500,92.8700,44880.385
1768781700000,92.8800,93.2200,92.7000,93.1000,21677.556
1768782600000,93.1000,93.8500,92.9500,93.6700,24924.584
1768783500000,93.6800,93.8900,93.3500,93.7600,17863.151
1768784400000,93.7600,94.0700,93.3400,93.7500,37269.599
1768785300000,93.7300,93.9100,93.3600,93.5200,21811.151
1768786200000,93.5200,93.6400,92.7700,93.2400,22485.661
1768787100000,93.2500,93.6800,93.0600,93.3100,12341.584
1768788000000,93.3300,93.5500,93.0700,93.4000,9476.842
1768788900000,93.4000,93.4200,92.8600,93.1200,9891.772
1768789800000,93.1200,93.4600,92.7900,92.9500,10956.864
1768790700000,92.9300,93.5000,92.8900,93.3800,6856.931
1768791600000,93.3700,93.5300,93.1800,93.4400,5059.376
1768792500000,93.4500,93.4700,93.1700,93.2300,4263.269
1768793400000,93.2400,93.3000,93.0100,93.0800,5905.129
1768794300000,93.0800,93.2000,92.9600,93.1400,5249.237
1768795200000,93.1600,93.3000,93.1500,93.3000,3913.333
1768796100000,93.2900,93.3300,93.2200,93.2200,4067.927
1768797000000,93.2300,93.2800,92.9300,93.1000,6564.715
1768797900000,93.0900,93.1300,92.8400,92.8800,4666.615
1768798800000,92.9000,93.3500,92.9000,93.2900,4331.387
1768799700000,93.2900,93.3100,93.1300,93.2100,4082.018
1768800600000,93.2300,93.6300,93.2200,93.2600,8672.858
1768801500000,93.2500,93.5000,93.1500,93.2800,3617.547
1768802400000,93.2700,93.4500,93.1400,93.3900,2654.230
1768803300000,93.3900,93.5800,93.3100,93.4700,5486.287
1768804200000,93.4700,93.6700,93.4400,93.4500,6211.643
1768805100000,93.4500,94.0900,93.4400,93.9700,13232.863
1768806000000,93.9600,93.9800,93.2800,93.3800,9881.137
1768806900000,93.4000,93.4900,93.2000,93.4700,8340.354
1768807800000,93.4600,93.7700,93.4300,93.4800,6547.913
1768808700000,93.4800,93.4800,93.1700,93.2700,6793.909
1768809600000,93.2800,93.5700,93.1700,93.3200,6960.057
1768810500000,93.3100,93.4300,93.2400,93.2700,4927.094
1768811400000,93.2700,93.3700,93.1300,93.1700,7122.918
1768812300000,93.1800,93.2800,92.5100,92.8000,22235.216
1768813200000,92.7800,93.2800,92.7600,93.1200,10634.152
1768814100000,93.1200,93.2500,92.8200,92.9300,6530.573
1768815000000,92.9500,93.2600,92.9000,93.2100,4609.417
1768815900000,93.2100,93.2700,93.1300,93.2200,2381.656
1768816800000,93.2200,93.3400,93.1600,93.2700,2132.074
1768817700000,93.2700,93.2700,93.1600,93.1700,2259.739
1768818600000,93.1800,93.2400,92.9700,93.0000,3322.423
1768819500000,93.0100,93.3400,93.0100,93.2500,4025.921
1768820400000,93.2800,93.3900,93.2200,93.2500,3653.877
1768821300000,93.2500,93.4400,93.2000,93.4000,2504.615
1768822200000,93.4000,93.5800,92.9700,93.5000,10523.568
1768823100000,93.4900,93.6800,92.7500,93.0600,16023.913
1768824000000,93.0700,93.5400,92.9700,93.3000,6342.928
1768824900000,93.3000,93.6000,93.2600,93.3700,7722.897
1768825800000,93.3700,93.6100,93.2900,93.4200,6216.183
1768826700000,93.4200,93.4700,93.1300,93.4600,5028.697
1768827600000,93.4400,93.6100,93.2100,93.3300,9875.018
1768828500000,93.3400,93.6000,93.3100,93.5000,6470.499
1768829400000,93.5000,93.6400,93.3800,93.5000,8540.423
1768830300000,93.4900,93.6600,93.3700,93.4600,6830.955
1768831200000,93.4600,93.5200,93.2800,93.4600,4346.170
1768832100000,93.4700,93.8100,93.4300,93.7600,11186.268
1768833000000,93.7500,93.8400,93.5200,93.7700,11554.762
1768833900000,93.7800,94.0000,93.6600,93.9700,11633.473
1768834800000,93.9800,94.2700,93.8500,93.9000,27903.168
1768835700000,93.9200,94.0700,93.8400,93.9500,8851.329
1768836600000,93.9400,94.1300,93.7300,93.9300,8964.892
1768837500000,93.9600,94.0900,93.8700,93.9600,7386.455
1768838400000,93.9600,94.0600,93.8000,94.0000,4940.927
1768839300000,94.0000,94.0300,93.8700,94.0000,3543.730
1768840200000,94.0000,94.3700,93.9700,94.3300,9606.849
1768841100000,94.3300,94.7600,94.2000,94.6500,24064.169
1768842000000,94.6300,94.6500,94.3700,94.5800,10215.763
1768842900000,94.5800,94.8000,94.4700,94.7600,7293.092
1768843800000,94.7600,94.8700,94.5800,94.7800,8252.415
1768844700000,94.7800,94.8800,94.6900,94.8300,7174.697
1768845600000,94.8300,94.8500,94.6200,94.6300,8134.291
1768846500000,94.6200,94.8300,94.6200,94.7800,6512.270
1768847400000,94.7800,94.8000,94.6200,94.6700,6070.524
1768848300000,94.6700,94.7100,94.5400,94.6100,3297.876
1768849200000,94.6200,94.6800,94.3700,94.4300,3717.936
1768850100000,94.4300,94.5700,94.3800,94.4600,4227.312
1768851000000,94.4500,94.4700,94.3600,94.3900,1120.798
1768851900000,94.3700,94.5300,94.3200,94.4800,2325.673
1768852800000,94.4600,94.5500,94.4100,94.5400,2247.293
1768853700000,94.5400,94.5700,94.3600,94.4000,2470.629
1768854600000,94.3900,94.4400,94.3200,94.4200,2429.173
1768855500000,94.4400,94.4600,94.4000,94.4000,953.870
1768856400000,94.4200,94.5200,94.3800,94.4200,1711.027
1768857300000,94.4300,94.5400,94.4300,94.5200,1064.195
1768858200000,94.5200,94.6500,94.5100,94.5900,1890.385
1768859100000,94.6000,94.7200,94.5700,94.7000,3246.003
1768860000000,94.7200,94.9600,94.7100,94.7500,5431.321
1768860900000,94.7800,94.7800,94.5900,94.6200,3978.169
1768861800000,94.6200,94.7800,94.6000,94.7600,2687.612
1768862700000,94.7600,94.8700,94.6200,94.8700,3355.462
1768863600000,94.8700,94.8900,94.0000,94.4000,30052.678
1768864500000,94.4100,94.4100,94.0100,94.0900,10904.959
1768865400000,94.1200,94.1800,93.9100,93.9900,13066.347
1768866300000,94.0000,94.0500,93.6300,93.7500,11662.751
1768867200000,93.7600,93.8800,93.3200,93.8800,15292.338
1768868100000,93.8800,93.9500,93.1600,93.3100,17007.796
1768869000000,93.3500,93.5700,93.2200,93.3500,10410.147
1768869900000,93.3300,93.6200,93.3000,93.3200,5626.210
1768870800000,93.3200,94.0700,93.2900,93.6200,17489.040
1768871700000,93.6200,93.9300,93.5200,93.8500,5941.977
1768872600000,93.8500,94.0100,93.7800,93.8800,4004.250
1768873500000,93.8800,94.0400,93.0500,93.2900,17047.796
1768874400000,93.2900,93.5600,92.8500,93.0600,24043.014
1768875300000,93.0500,93.5400,93.0500,93.4500,10296.175
1768876200000,93.4500,93.6000,93.3200,93.4200,11082.342
1768877100000,93.4200,93.4800,92.9800,93.1600,10852.830
1768878000000,93.1300,93.2000,92.7400,93.2000,12715.195
1768878900000,93.2100,93.4800,93.1100,93.2400,6870.054
1768879800000,93.2300,93.5300,93.2100,93.4200,5058.287
1768880700000,93.4200,93.6300,93.4000,93.4000,5675.840
1768881600000,93.3900,93.7400,93.3900,93.7100,6401.932
1768882500000,93.7100,93.9400,93.6600,93.8200,6241.874
1768883400000,93.8100,94.1600,93.7500,94.0300,12549.624
1768884300000,94.0600,94.4000,94.0300,94.2700,10786.163
1768885200000,94.2900,94.5200,94.2600,94.4000,14946.764
1768886100000,94.3800,94.4500,94.1900,94.2800,9416.923
1768887000000,94.2800,94.7100,94.2400,94.5600,19813.823
1768887900000,94.5600,94.6900,94.4100,94.5500,9422.782
1768888800000,94.5500,94.5600,94.2600,94.4200,10090.183
1768889700000,94.4300,94.4600,93.8700,94.1900,16507.927
1768890600000,94.1900,94.2500,93.4900,93.9000,24040.864
1768891500000,93.8900,94.2200,93.8300,94.0600,22102.495
1768892400000,94.0400,94.4900,94.0400,94.4900,14840.728
1768893300000,94.4600,94.5600,94.3400,94.4000,10604.322
1768894200000,94.3900,94.6400,94.2500,94.5800,9723.912
1768895100000,94.5700,94.5700,94.3000,94.3700,7624.400
1768896000000,94.3800,94.8000,94.3100,94.7900,9463.074
1768896900000,94.7900,94.8600,94.5700,94.7300,11405.203
1768897800000,94.7400,94.9900,94.6600,94.8500,18264.215
1768898700000,94.8800,95.5800,94.8600,95.5200,35413.287
1768899600000,95.5200,95.7100,95.2400,95.4800,29121.340
1768900500000,95.4800,95.4800,95.0600,95.3900,22136.055
1768901400000,95.3700,95.4700,95.2600,95.2700,8550.839
1768902300000,95.2600,95.3700,95.0600,95.0800,7640.736
1768903200000,95.0900,95.3000,95.0500,95.3000,5968.085
1768904100000,95.2900,95.6200,95.2900,95.5200,9026.224
1768905000000,95.5300,95.5900,95.1300,95.1800,11328.994
1768905900000,95.1900,95.3000,95.0600,95.2600,6727.736
1768906800000,95.2700,95.4700,95.2100,95.3800,7123.574
1768907700000,95.3800,95.5200,95.3400,95.3700,6366.082
1768908600000,95.3900,95.6300,95.3100,95.4400,11843.430
1768909500000,95.4400,95.8300,95.3100,95.8100,8683.985
1768910400000,95.8100,96.0000,95.5700,95.7200,20243.000
1768911300000,95.7300,95.7500,95.3700,95.4000,10250.860
1768912200000,95.4000,95.5900,95.2300,95.5300,9574.451
1768913100000,95.5200,95.8100,95.3600,95.7800,6376.234
1768914000000,95.7800,95.8100,94.9500,95.1600,22429.832
1768914900000,95.1600,95.2600,94.7300,95.1400,18818.757
1768915800000,95.1400,95.6500,95.0100,95.6100,18125.223
1768916700000,95.6100,95.6200,95.1500,95.2500,16652.110
1768917600000,95.2400,95.9600,95.1400,95.4700,42626.244
1768918500000,95.4800,95.5300,94.9400,95.2600,26605.868
1768919400000,95.2600,95.2800,94.2900,94.9200,66972.659
1768920300000,94.9200,95.0700,94.4700,95.0600,35638.058
1768921200000,95.0400,95.3300,94.8000,94.8300,29034.698
1768922100000,94.8200,94.8400,93.5000,93.5300,60506.780
1768923000000,93.5000,94.1200,93.2300,94.0400,50628.393
1768923900000,94.0200,94.4300,93.7600,94.0500,28115.018
1768924800000,94.0500,94.4000,93.6900,94.1900,20971.058
1768925700000,94.1900,94.4600,93.9700,94.2300,14368.086
1768926600000,94.2100,94.4500,94.1000,94.1900,13872.647
1768927500000,94.2000,94.4000,94.0100,94.2600,16313.344
1768928400000,94.2500,94.2500,93.6900,94.1700,14030.955
1768929300000,94.1700,94.5300,94.0800,94.5200,15138.369
1768930200000,94.5000,94.6000,94.2300,94.3900,7826.858
1768931100000,94.3900,94.6500,94.1000,94.6000,10783.085
1768932000000,94.6000,94.9700,94.5200,94.9500,8364.260
1768932900000,94.9500,95.1000,94.6100,94.6900,10436.716
1768933800000,94.6800,94.8900,94.3900,94.4700,9393.482
1768934700000,94.4700,94.7200,94.2600,94.7000,9045.341
1768935600000,94.6800,94.7600,94.2100,94.5100,12683.771
1768936500000,94.4900,94.8000,94.4500,94.5500,5207.277
1768937400000,94.5400,94.6700,94.3200,94.5700,4996.261
1768938300000,94.5600,94.6300,94.4300,94.5300,3246.952
1768939200000,94.5200,94.5200,94.1100,94.3500,6941.542
1768940100000,94.3500,94.3600,93.9000,93.9700,11385.852
1768941000000,93.9500,94.3900,93.8000,93.8100,8186.602
1768941900000,93.8200,94.3900,93.8200,94.2500,4192.079
1768942800000,94.2600,94.5700,94.2400,94.5700,5447.291
1768943700000,94.5800,94.7500,94.5700,94.6300,6572.985
1768944600000,94.6300,94.6500,94.4600,94.5200,3756.128
1768945500000,94.5200,94.7000,94.5200,94.6600,4692.855
1768946400000,94.6600,94.8500,94.4700,94.5900,3878.558
1768947300000,94.6000,94.8200,94.5800,94.8000,2367.159
1768948200000,94.7900,94.8000,94.5000,94.5100,5738.818
1768949100000,94.5100,94.8200,94.5000,94.7600,4299.385
1768950000000,94.7600,94.8100,94.0000,94.2400,35676.750
1768950900000,94.2300,94.5400,94.1800,94.4400,10765.158
1768951800000,94.4300,94.7900,94.3600,94.7800,11728.108
1768952700000,94.7800,95.0000,94.7300,94.9400,26571.949
1768953600000,94.9600,95.1800,94.8600,95.1600,10622.056
1768954500000,95.1400,95.4400,95.0600,95.3700,14730.682
1768955400000,95.3500,95.4800,95.2500,95.3800,19503.285
1768956300000,95.3700,95.5500,95.2700,95.3600,20651.521
1768957200000,95.3700,95.4300,94.6800,95.2000,20026.418
1768958100000,95.2100,95.2600,94.5300,94.8300,21835.653
1768959000000,94.8600,94.9000,94.0500,94.5900,22599.333
1768959900000,94.5900,94.9000,94.4600,94.5900,15547.819
1768960800000,94.5700,94.7500,94.0200,94.3000,37402.915
1768961700000,94.3100,94.3600,93.7100,93.9300,33919.654
1768962600000,93.9400,94.5000,93.8500,94.0900,21825.544
1768963500000,94.1100,94.3900,93.8800,94.2800,18125.669
1768964400000,94.2800,94.5300,93.8000,93.8300,20449.456
1768965300000,93.8300,94.0900,93.5500,93.7000,26508.046
1768966200000,93.7300,94.1000,93.6300,94.0600,19461.971
1768967100000,94.0700,94.1800,93.9300,94.0500,13871.500
1768968000000,94.0500,94.2200,93.9700,94.1300,8300.358
1768968900000,94.1400,94.3400,94.0800,94.3100,7793.889
1768969800000,94.3200,94.5500,94.3000,94.4600,11206.217
1768970700000,94.4800,94.6200,94.2700,94.3600,22483.483
1768971600000,94.3500,94.5500,94.1900,94.5400,10934.647
1768972500000,94.5400,94.6500,94.2000,94.4200,12549.012
1768973400000,94.4000,94.6400,94.0500,94.3500,24151.971
1768974300000,94.3600,94.9700,94.3400,94.6300,18000.092
1768975200000,94.6500,94.9400,94.6500,94.8900,9633.045
1768976100000,94.8900,95.0000,94.7600,94.8700,13523.645
1768977000000,94.8700,95.1800,94.5500,94.6800,18870.075
1768977900000,94.6900,94.7200,94.3400,94.4800,18776.528
1768978800000,94.4600,94.5800,94.2200,94.5300,14899.839
1768979700000,94.5300,94.7200,94.5300,94.6700,10297.172
1768980600000,94.7100,94.7700,94.5300,94.6300,9384.386
1768981500000,94.6300,94.8400,94.6200,94.7800,5290.698
1768982400000,94.7800,95.0700,94.7500,94.9400,11939.213
1768983300000,94.9500,95.1700,94.9400,95.0900,11240.184
1768984200000,95.0900,95.1500,94.8700,94.8800,10075.257
1768985100000,94.8800,94.9900,94.6500,94.9800,9630.370
1768986000000,95.0000,95.1000,94.9700,94.9900,8513.982
1768986900000,94.9900,95.3000,94.9800,95.2500,18597.370
1768987800000,95.2600,95.3000,95.1100,95.3000,11623.017
1768988700000,95.3000,95.3000,95.1300,95.1800,5652.768
1768989600000,95.1800,95.2500,95.0400,95.1500,6687.162
1768990500000,95.1500,95.1700,95.0100,95.0500,6612.391
1768991400000,95.0500,95.2100,95.0200,95.1900,5983.281
1768992300000,95.1900,95.1900,94.8900,94.8900,7754.501
1768993200000,94.8800,95.0000,94.7600,94.9600,7770.909
1768994100000,94.9700,95.1400,94.9200,95.0900,4665.354
1768995000000,95.0700,95.0700,94.6100,94.7400,9534.408
1768995900000,94.7400,94.8600,94.5200,94.8300,13363.106
1768996800000,94.8300,94.9800,94.4500,94.5700,13076.259
1768997700000,94.5800,94.6000,94.3300,94.5300,16422.715
1768998600000,94.5300,94.7000,94.5200,94.6300,9227.061
1768999500000,94.6300,94.6300,94.2100,94.3200,10772.267
1769000400000,94.3200,94.5800,93.8700,94.4700,29843.749
1769001300000,94.4700,94.5700,94.2300,94.3500,11953.456
1769002200000,94.3500,94.9500,94.3100,94.9400,18956.150
1769003100000,94.9400,95.1100,94.7100,94.9900,20829.279
1769004000000,95.0000,95.1300,94.0000,94.2200,45134.790
1769004900000,94.2100,94.5600,94.1000,94.4500,21799.013
1769005800000,94.4600,94.7600,94.0000,94.2200,29366.838
1769006700000,94.2400,94.2600,93.6700,93.9200,51203.023
1769007600000,93.9300,94.3200,93.7300,94.2000,27377.005
1769008500000,94.2000,94.2800,92.3100,93.0300,101759.537
1769009400000,93.0500,93.7000,93.0100,93.3700,39391.198
1769010300000,93.3800,93.9500,93.0200,93.7200,25158.315
1769011200000,93.7300,93.9300,93.5000,93.6200,13016.415
1769012100000,93.6200,94.0000,93.2200,93.6500,15534.178
1769013000000,93.6500,93.9300,93.5500,93.6100,14850.304
1769013900000,93.6100,93.8700,93.2700,93.5000,19177.885
1769014800000,93.4900,93.5100,92.7300,92.7400,35444.283
1769015700000,92.7300,93.2300,92.6300,93.1700,20807.437
1769016600000,93.1800,93.1800,92.3800,92.8100,29926.470
1769017500000,92.8100,93.4200,92.7800,93.4200,18064.833
1769018400000,93.4100,93.4100,92.8100,92.8300,13796.895
1769019300000,92.8200,93.2600,92.5200,93.1300,14612.576
1769020200000,93.1300,93.3800,92.9700,93.3400,15022.753
1769021100000,93.3400,93.7700,93.2400,93.7200,11061.119
1769022000000,93.7200,93.7400,93.3600,93.4100,10221.665
1769022900000,93.4000,93.6800,91.5600,92.0800,62538.374
1769023800000,92.0800,92.2500,90.8000,91.1000,84100.747
1769024700000,91.0900,91.5700,90.3600,91.3900,66911.189
1769025600000,91.3900,91.8000,90.9100,91.1900,37398.515
1769026500000,91.2100,92.2700,91.1800,92.1000,21241.959
1769027400000,92.0600,92.5500,91.9700,92.5200,16408.225
1769028300000,92.5200,92.7100,92.3300,92.7000,12777.427
1769029200000,92.7000,92.8400,92.4500,92.8300,17549.643
1769030100000,92.8300,93.4000,92.8100,93.0700,21431.771
1769031000000,93.0600,93.4900,93.0500,93.4300,15823.605
1769031900000,93.4300,93.4600,92.8700,93.2100,21889.905
1769032800000,93.1900,93.2300,92.7900,93.0700,8223.477
1769033700000,93.0700,93.0700,92.7200,92.8800,4093.556
1769034600000,92.8800,93.2700,92.8600,93.1700,3269.196
1769035500000,93.1700,93.3000,92.9500,93.2500,3840.399
1769036400000,93.2500,93.3100,92.1900,92.4800,36325.647
1769037300000,92.4600,92.4600,91.5600,91.9000,33022.652
1769038200000,91.8900,92.1400,91.6900,91.8100,25025.615
1769039100000,91.8100,92.0300,91.0700,91.1300,36707.949
1769040000000,91.1400,91.6800,91.1000,91.5300,40191.039
1769040900000,91.5200,91.5700,90.9900,91.2100,39512.444
1769041800000,91.2100,91.5300,91.0000,91.4100,18304.418
1769042700000,91.4300,92.2000,91.1400,92.0000,18222.817
1769043600000,92.0000,92.2300,91.1100,92.1400,42316.551
1769044500000,92.1500,92.6100,92.0200,92.2600,16452.965
1769045400000,92.2400,92.8600,92.2100,92.7900,20337.058
1769046300000,92.8000,92.8000,92.3100,92.3100,11384.099
1769047200000,92.3000,92.3400,91.9400,92.2000,19823.529
1769048100000,92.1800,92.3900,91.9800,92.0500,10211.395
1769049000000,92.0400,92.0700,91.7300,91.9200,16078.686
1769049900000,91.9200,92.9600,91.9200,92.7600,20728.055
1769050800000,92.7700,93.1800,92.6300,93.1600,17646.421
1769051700000,93.1700,93.2900,92.8500,93.1800,17128.480
1769052600000,93.1700,93.2800,93.0300,93.0300,9659.924
1769053500000,93.0200,93.4600,93.0200,93.4400,6030.196
1769054400000,93.4400,93.4900,93.2800,93.3100,7491.121
1769055300000,93.3100,93.3400,93.2200,93.3100,5634.252
1769056200000,93.3100,93.4300,93.1600,93.2200,8276.450
1769057100000,93.2200,93.4100,93.1800,93.3900,7870.765
1769058000000,93.3300,93.5700,93.2400,93.4700,11338.370
1769058900000,93.4600,93.4800,93.2500,93.3000,3843.199
1769059800000,93.3000,93.6600,93.3000,93.5800,10573.559
1769060700000,93.5800,94.0300,93.5800,93.9000,21128.242
1769061600000,93.9000,94.2300,93.7400,93.8400,15425.176
1769062500000,93.8400,94.1100,93.7900,93.9600,11561.994
1769063400000,93.9500,94.1200,93.9100,93.9900,10011.662
1769064300000,93.9900,94.1000,93.8700,94.1000,6830.157
1769065200000,94.1000,94.3500,94.0300,94.2900,26243.527
1769066100000,94.2900,94.3200,94.1100,94.2300,6997.010
1769067000000,94.2300,94.3100,94.1000,94.1200,9073.298
1769067900000,94.1300,94.2200,94.0400,94.1600,6071.562
1769068800000,94.1600,94.3700,94.0100,94.1100,12964.648
1769069700000,94.0900,94.1600,93.9800,93.9800,6639.043
1769070600000,93.9900,94.0600,93.7600,93.9500,10287.490
1769071500000,93.9800,94.1100,93.9000,94.0900,8065.864
1769072400000,94.0700,94.2800,94.0500,94.2100,7878.194
1769073300000,94.2000,94.2200,93.9700,94.0400,7643.933
1769074200000,94.0500,94.0800,93.5000,93.6000,18837.935
1769075100000,93.6000,93.9300,93.6000,93.8700,5925.633
1769076000000,93.8700,93.8700,93.4600,93.6000,8803.940
1769076900000,93.6000,93.6900,93.4000,93.6200,5848.119
1769077800000,93.6100,93.7600,93.5100,93.7000,4901.901
1769078700000,93.7000,93.8500,93.6500,93.7600,2898.121
1769079600000,93.7600,93.8700,93.7100,93.7700,4630.984
1769080500000,93.7200,94.0000,93.6600,93.8600,5792.750
1769081400000,93.8800,93.9300,93.7100,93.7800,5573.444
1769082300000,93.7800,93.9000,93.5600,93.5900,14389.275
1769083200000,93.5900,93.6300,93.2100,93.2700,27933.900
1769084100000,93.2700,93.8000,93.2700,93.7600,10421.788
1769085000000,93.7400,93.8500,93.6500,93.6500,5217.366
1769085900000,93.6500,93.6500,92.9300,93.0800,22328.809
1769086800000,93.0900,93.5400,92.9800,93.5100,15384.379
1769087700000,93.5000,93.5200,93.1300,93.1400,7651.419
1769088600000,93.1600,93.4800,93.0100,93.3000,15191.349
1769089500000,93.2900,93.6900,93.1600,93.6300,11359.282
1769090400000,93.6400,93.6700,93.4200,93.5400,9169.631
1769091300000,93.5500,93.6600,93.5000,93.6400,8151.835
1769092200000,93.6400,94.3800,93.5900,94.3100,42497.295
1769093100000,94.3100,94.4300,93.8800,93.8900,15446.809
1769094000000,93.8800,94.0200,93.5300,93.9900,18722.547
1769094900000,93.9800,94.7000,93.8300,94.5600,24874.663
1769095800000,94.5800,95.3000,94.5500,95.2800,40983.203
1769096700000,95.2900,95.8800,95.1100,95.6200,59189.614
1769097600000,95.6400,95.8000,95.2600,95.3800,29721.251
1769098500000,95.3800,95.7300,95.3300,95.4000,17408.373
1769099400000,95.3800,95.5600,95.0900,95.3900,15225.544
1769100300000,95.4000,95.9500,95.4000,95.7400,30491.734
1769101200000,95.7400,96.1200,95.4300,95.8000,40748.212
1769102100000,95.8100,95.9500,95.5500,95.8700,13913.441
1769103000000,95.8700,96.1900,95.8600,96.1900,24009.494
1769103900000,96.1900,96.5700,96.1900,96.3800,35689.553
1769104800000,96.3500,96.6400,96.1700,96.3500,26176.257
1769105700000,96.3600,96.5200,96.1300,96.2200,15283.104
1769106600000,96.2200,96.3000,95.7500,96.1200,33864.368
1769107500000,96.1300,96.4600,96.0300,96.2300,13878.128
1769108400000,96.2300,96.4300,96.0900,96.4000,9085.088
1769109300000,96.3900,96.3900,95.5000,95.8400,18594.323
1769110200000,95.8400,95.9800,95.7400,95.7700,8382.936
1769111100000,95.7600,95.9700,95.4800,95.9000,12983.091
1769112000000,95.9100,96.2800,95.8900,96.2700,8446.179
1769112900000,96.3000,96.4000,96.1300,96.1800,7970.148
1769113800000,96.1900,96.2000,95.9600,96.1000,6645.311
1769114700000,96.0800,96.2200,96.0000,96.0900,6167.441
1769115600000,96.1000,96.2800,96.0900,96.2200,2888.870
1769116500000,96.2100,96.2300,96.1100,96.1600,3414.906
1769117400000,96.1600,96.4200,96.1400,96.3900,5820.192
1769118300000,96.4000,96.4700,96.1900,96.2600,9306.173
1769119200000,96.2600,96.5700,96.2500,96.2900,5602.265
1769120100000,96.3100,96.3100,96.2300,96.2300,1430.307
1769121000000,96.2300,96.2400,96.0900,96.0900,2374.932
1769121900000,96.0900,96.1400,95.8000,95.9000,7451.869
1769122800000,95.8700,96.9200,95.8200,96.5000,33702.446
1769123700000,96.5000,96.7100,96.4300,96.4800,12796.523
1769124600000,96.4800,96.5800,96.3400,96.5800,8775.771
1769125500000,96.5900,96.9700,96.5900,96.9500,13268.460
1769126400000,96.9500,96.9600,96.6500,96.7300,14569.759
1769127300000,96.7400,96.9000,96.7000,96.8400,8459.930
1769128200000,96.8400,96.9200,96.6600,96.7300,11917.292
1769129100000,96.7600,97.2600,96.7300,97.2000,16834.598
1769130000000,97.2100,97.6300,96.9100,97.5600,53039.971
1769130900000,97.5500,98.6500,97.5500,98.4200,61771.471
1769131800000,98.4500,98.9200,98.4000,98.7600,43320.378
1769132700000,98.7600,99.0600,98.5100,98.6400,36998.699
1769133600000,98.6300,98.8900,98.5300,98.5900,27552.239
1769134500000,98.5700,98.7500,98.2700,98.5200,20171.401
1769135400000,98.5000,98.8700,98.4400,98.8500,17969.958
1769136300000,98.8500,99.2400,98.8200,98.8200,37495.381
1769137200000,98.8500,99.0800,98.7600,98.7600,15043.779
1769138100000,98.7600,98.8300,98.5000,98.8200,21790.012
1769139000000,98.8200,99.1200,98.7100,98.9800,28998.611
1769139900000,98.9700,99.0300,98.8000,98.8100,9823.398
1769140800000,98.8100,98.8800,98.6800,98.7500,17737.898
1769141700000,98.7300,98.7500,98.4300,98.5300,15126.553
1769142600000,98.5400,98.7600,98.5200,98.7600,9268.718
1769143500000,98.7600,98.7900,98.6700,98.6900,9243.819
1769144400000,98.6900,98.8200,98.6400,98.7300,10201.434
1769145300000,98.7200,98.8500,98.6900,98.7400,9696.728
1769146200000,98.7400,99.5000,98.7400,99.3300,32961.690
1769147100000,99.3300,99.5400,99.1600,99.2200,22205.164
1769148000000,99.2200,99.3200,98.8100,99.0700,23182.473
1769148900000,99.0700,99.2000,98.9000,98.9100,19836.750
1769149800000,98.9100,99.1700,98.7600,99.1500,22883.974
1769150700000,99.1600,99.3800,99.0800,99.1300,13956.577
1769151600000,99.1300,99.1600,98.8000,98.9000,24937.195
1769152500000,98.8800,99.0300,98.6900,98.9100,18950.551
1769153400000,98.9100,98.9700,98.7100,98.7800,14678.375
1769154300000,98.7800,98.8600,98.6200,98.7000,16497.195
1769155200000,98.6900,98.7600,98.5000,98.6300,22217.768
1769156100000,98.6200,98.6200,97.5200,97.9300,75655.948
1769157000000,97.9300,98.2300,97.7700,98.1200,41671.302
1769157900000,98.1100,98.1100,97.6200,97.9800,31900.801
1769158800000,97.9800,98.2400,97.9600,98.0000,18691.644
1769159700000,98.0200,98.2000,97.7600,97.8600,16522.693
1769160600000,97.8700,98.2400,97.8100,98.1400,17870.518
1769161500000,98.1400,98.4300,98.0700,98.2600,17274.230
1769162400000,98.2600,98.3400,98.0100,98.1700,11254.540
1769163300000,98.1800,98.6400,98.1800,98.5900,22513.711
1769164200000,98.5900,98.7300,98.5100,98.6200,19036.429
1769165100000,98.6200,99.1500,98.5400,99.0500,31681.449
1769166000000,99.0600,99.0900,98.7200,98.7900,33002.967
1769166900000,98.7900,98.8900,98.6000,98.8500,14638.961
1769167800000,98.8500,99.0000,98.8100,98.8700,11682.568
1769168700000,98.8800,99.1400,98.7500,99.1100,15154.163
1769169600000,99.1200,99.1200,98.7500,98.9100,21139.799
1769170500000,98.9100,99.0400,98.8600,99.0100,10661.615
1769171400000,99.0100,99.2300,98.9300,99.2100,11017.805
1769172300000,99.2000,99.4400,99.1800,99.3600,24546.999
1769173200000,99.3300,99.7900,99.1300,99.7100,39588.160
1769174100000,99.7100,99.7400,99.0200,99.1300,37033.855
1769175000000,99.1300,99.3800,98.7200,99.1600,36286.087
1769175900000,99.1400,100.1100,99.1200,99.7900,76293.089
1769176800000,99.7800,100.0600,99.5200,99.9300,55610.606
1769177700000,99.9300,99.9900,99.5700,99.7700,29957.562
1769178600000,99.7600,99.8900,99.1500,99.8000,61985.516
1769179500000,99.7800,99.8700,99.3500,99.4300,31183.627
1769180400000,99.4200,100.0000,99.2000,99.9200,37596.443
1769181300000,99.9200,99.9700,99.2600,99.6600,52525.325
1769182200000,99.6300,100.0700,99.5900,99.9500,33570.873
1769183100000,99.9500,100.5200,99.8100,100.0400,86513.773
1769184000000,100.0400,100.5900,100.0300,100.4500,43624.434
1769184900000,100.4500,101.1100,100.4000,100.9600,50767.715
1769185800000,100.9600,101.1800,100.5900,100.7400,66249.037
1769186700000,100.7300,100.7600,100.4200,100.6300,35561.924
1769187600000,100.6300,100.9300,100.4700,100.8900,25001.207
1769188500000,100.8900,101.1700,100.8100,100.8800,28491.727
1769189400000,100.8700,101.3900,100.8600,101.3000,43672.082
1769190300000,101.2900,101.5600,100.7200,100.9400,55860.772
1769191200000,100.9300,101.5200,100.8900,101.3300,28916.680
1769192100000,101.3400,101.4700,101.1200,101.2800,19795.694
1769193000000,101.2700,101.4000,100.8500,101.1100,23840.346
1769193900000,101.1100,101.1800,100.7600,100.9300,18702.973
1769194800000,100.9200,101.5900,100.9000,101.1500,86230.820
1769195700000,101.1500,101.4400,101.0400,101.3700,27024.471
1769196600000,101.3700,101.5000,101.2100,101.4900,17960.474
1769197500000,101.4900,101.9900,101.4600,101.8400,35382.202
1769198400000,101.8400,102.1000,101.6300,102.0800,23541.576
1769199300000,102.0800,102.2600,102.0100,102.0500,20872.154
1769200200000,102.0400,102.4200,101.8500,102.3900,15721.980
1769201100000,102.3800,102.5900,102.2300,102.5000,20130.832
1769202000000,102.4900,103.0000,102.4900,102.6800,22172.391
1769202900000,102.6700,102.8300,102.2800,102.8200,18114.442
1769203800000,102.8000,102.9800,102.5300,102.9000,16268.039
1769204700000,102.9200,103.4000,102.6800,103.1600,27139.562
1769205600000,103.1700,103.3400,103.0000,103.1400,17854.255
1769206500000,103.1300,103.1300,102.5400,102.9100,21703.516
1769207400000,102.9100,103.2000,102.8700,102.9400,10850.042
1769208300000,102.9500,102.9700,102.7300,102.7800,7053.645
1769209200000,102.7800,103.1000,102.7600,103.0700,8069.356
1769210100000,103.0700,103.5800,103.0400,103.5300,12310.724
1769211000000,103.5300,104.1200,103.5100,103.8000,30732.674
1769211900000,103.8300,104.3900,103.7800,104.1400,23558.391
1769212800000,104.1400,104.4900,103.9500,104.2400,25700.114
1769213700000,104.2400,104.4100,104.0400,104.1600,12613.874
1769214600000,104.1600,104.1600,103.5300,103.7300,16358.035
1769215500000,103.7300,104.0400,103.2600,103.3100,20352.721
1769216400000,103.3200,103.7700,103.0100,103.5900,22353.972
1769217300000,103.5900,103.6800,103.2000,103.3200,9067.338
1769218200000,103.3200,103.6500,103.1800,103.2800,8748.909
1769219100000,103.2800,103.5600,103.1500,103.1500,11819.748
1769220000000,103.1700,103.1800,103.0800,103.1000,10255.112
1769220900000,103.1000,103.2200,103.0800,103.1600,4420.472
1769221800000,103.1600,103.4400,103.1100,103.4400,5563.580
1769222700000,103.4400,103.4900,103.2700,103.3000,5531.429
1769223600000,103.3000,103.5000,103.2900,103.4800,7961.980
1769224500000,103.4700,103.5500,103.3300,103.3500,5191.652
1769225400000,103.3600,103.4700,103.2100,103.2700,7917.487
1769226300000,103.2700,103.4700,103.2200,103.4700,4521.216
1769227200000,103.4700,103.6600,103.3800,103.4900,7368.892
1769228100000,103.4900,103.4900,103.3200,103.3800,3965.694
1769229000000,103.3800,103.4000,103.3200,103.3500,2749.842
1769229900000,103.3300,103.4000,103.2500,103.3700,5888.208
1769230800000,103.3700,103.4100,103.3300,103.3900,2730.978
1769231700000,103.3900,103.5700,103.3800,103.5200,4532.978
1769232600000,103.5400,103.6300,103.3700,103.4000,6130.006
1769233500000,103.4000,103.4200,103.3300,103.4100,2319.314
1769234400000,103.4200,103.4400,103.3300,103.3400,3921.481
1769235300000,103.3400,103.3700,103.2500,103.3300,3524.790
1769236200000,103.3400,103.4100,103.3300,103.4100,1795.233
1769237100000,103.4100,103.4100,103.3200,103.3400,1623.134
1769238000000,103.3300,103.3600,103.3100,103.3500,1615.968
1769238900000,103.3500,103.4200,103.2900,103.3900,2996.403
1769239800000,103.3800,103.5200,103.3700,103.5200,4793.699
1769240700000,103.5200,103.5300,103.3800,103.4300,3285.278
1769241600000,103.4300,103.6200,103.4100,103.6100,5738.936
1769242500000,103.6100,103.8300,103.4700,103.7400,7490.886
1769243400000,103.7400,104.0000,103.6400,103.9400,11971.881
1769244300000,103.9500,104.0600,103.6100,103.9000,21704.181
1769245200000,103.9100,104.2300,103.8000,103.9100,12437.649
1769246100000,103.9200,103.9700,103.8200,103.9000,3754.353
1769247000000,103.9100,104.1400,103.8800,103.9600,5922.899
1769247900000,103.9600,103.9600,103.6600,103.7200,5910.241
1769248800000,103.7100,103.9200,103.7100,103.7700,4474.629
1769249700000,103.7700,103.8100,103.6200,103.7300,8114.034
1769250600000,103.7300,103.7300,103.5600,103.5700,4516.541
1769251500000,103.5700,103.5900,103.3900,103.4200,9158.645
1769252400000,103.4400,103.6000,103.3300,103.4400,8331.969
1769253300000,103.4500,103.5900,103.3200,103.4000,7505.101
1769254200000,103.3900,103.3900,103.1000,103.2000,15649.179
1769255100000,103.1900,103.2000,103.0600,103.0800,11641.948
1769256000000,103.0800,103.4600,103.0800,103.3400,12987.629
1769256900000,103.3500,103.4500,103.2800,103.3400,5167.085
1769257800000,103.3400,103.4600,103.3300,103.4400,2965.153
1769258700000,103.4400,103.5000,103.2600,103.3500,5471.693
1769259600000,103.3600,103.3700,103.2500,103.3600,3221.949
1769260500000,103.3700,103.4900,103.3400,103.4600,2341.546
1769261400000,103.4600,103.4800,103.3000,103.4300,4207.571
1769262300000,103.4300,103.4400,103.3200,103.3500,3054.795
1769263200000,103.3700,103.4800,103.2700,103.4200,5213.334
1769264100000,103.4100,103.5800,103.3300,103.5300,7041.972
1769265000000,103.5300,103.5500,103.3800,103.4000,3698.498
1769265900000,103.4100,103.4900,103.3700,103.4000,3281.967
1769266800000,103.4100,103.4700,103.3700,103.4400,2467.330
1769267700000,103.4300,103.5500,103.3700,103.5300,4007.314
1769268600000,103.5300,103.6500,103.5000,103.6400,4142.939
1769269500000,103.6400,103.6800,103.4600,103.4700,4279.837
1769270400000,103.4900,103.7600,103.4900,103.7100,10151.581
1769271300000,103.7200,103.9000,103.6900,103.8900,12457.948
1769272200000,103.9000,103.9500,103.6800,103.8500,10416.137
1769273100000,103.8600,104.0800,103.6600,104.0000,16037.735
1769274000000,104.0000,104.0100,103.5500,103.7000,14078.681
1769274900000,103.6900,103.7100,103.5100,103.5400,6755.971
1769275800000,103.5200,103.6400,103.4000,103.4300,9342.759
1769276700000,103.4400,103.5600,103.4100,103.5000,2744.099
1769277600000,103.5000,103.5200,103.3700,103.4700,4512.299
1769278500000,103.4700,103.5700,103.4700,103.5400,2919.964
1769279400000,103.5500,103.8300,103.5200,103.6600,6265.066
1769280300000,103.6600,103.7900,103.6500,103.7600,2923.803
1769281200000,103.7500,103.8600,103.5700,103.7200,5140.064
1769282100000,103.7200,103.8000,103.5900,103.6900,2732.925
1769283000000,103.6800,103.7000,103.5800,103.6200,2533.353
1769283900000,103.6300,103.6600,103.4600,103.4600,5067.050
1769284800000,103.4800,103.7300,103.4800,103.6300,6960.555
1769285700000,103.6300,103.7600,103.5800,103.6500,2716.194
1769286600000,103.6500,103.7100,103.6000,103.7100,2154.107
1769287500000,103.7100,103.7300,103.6500,103.7300,1266.609
1769288400000,103.7300,103.7400,103.6000,103.6400,2770.883
1769289300000,103.6400,103.6400,103.5000,103.5800,2422.988
1769290200000,103.5900,103.8500,103.5700,103.8500,6811.205
1769291100000,103.8500,103.8800,103.3100,103.4800,20007.642
1769292000000,103.5000,103.6300,103.4400,103.5400,3981.185
1769292900000,103.5300,103.6000,103.2400,103.3600,7049.583
1769293800000,103.3600,103.4400,103.2000,103.3900,6139.799
1769294700000,103.4000,103.4100,103.3100,103.3700,1315.362
1769295600000,103.3900,103.5700,103.2700,103.3200,3149.436
1769296500000,103.3400,103.4400,103.2500,103.3400,2401.689
1769297400000,103.3300,103.4000,103.2200,103.3400,2966.607
1769298300000,103.3400,103.3600,103.2200,103.2600,2583.132
1769299200000,103.2600,103.5400,103.2500,103.4000,4501.616
1769300100000,103.4000,103.6000,103.3600,103.5800,2527.209
1769301000000,103.5900,103.7100,103.4100,103.5400,5232.850
1769301900000,103.5400,103.6300,103.3500,103.4100,3268.639
1769302800000,103.4100,103.6300,103.3700,103.6200,2692.136
1769303700000,103.6100,103.6700,103.5500,103.6600,2139.810
1769304600000,103.6600,103.7000,103.6100,103.6700,1364.849
1769305500000,103.6500,103.7200,103.6200,103.7100,1456.388
1769306400000,103.7200,103.7600,103.4600,103.5000,4631.942
1769307300000,103.5000,103.6600,103.4800,103.5600,3375.192
1769308200000,103.5500,103.8100,103.5400,103.7300,8308.259
1769309100000,103.7300,103.7600,103.5500,103.6800,3764.299
1769310000000,103.6700,103.7100,103.5900,103.6900,2422.990
1769310900000,103.6900,103.7400,103.6600,103.7000,3375.927
1769311800000,103.7000,103.7100,103.5000,103.6200,6014.723
1769312700000,103.6200,103.6300,103.4400,103.5700,6723.150
1769313600000,103.5800,103.8200,103.5800,103.7300,7326.526
1769314500000,103.7300,103.7600,103.6300,103.6500,2101.373
1769315400000,103.6500,103.7800,103.6300,103.7500,4077.759
1769316300000,103.7500,103.8200,103.7100,103.7300,3516.422
1769317200000,103.7100,103.7800,103.7000,103.7000,1561.431
1769318100000,103.7000,103.8500,103.6600,103.8000,12269.147
1769319000000,103.8100,103.8400,103.6900,103.7300,3249.404
1769319900000,103.7200,103.7300,103.5900,103.6600,3464.259
1769320800000,103.6600,103.6900,103.6100,103.6200,2945.781
1769321700000,103.6300,103.7500,103.6100,103.6700,2463.299
1769322600000,103.6800,103.6800,103.6100,103.6200,1628.131
1769323500000,103.6300,103.6400,103.5900,103.5900,2750.300
1769324400000,103.5900,103.6200,103.4700,103.5000,6230.203
1769325300000,103.5000,103.5700,103.4500,103.5300,5041.874
1769326200000,103.5300,103.5700,103.4700,103.5400,3823.677
1769327100000,103.5400,103.5600,103.3800,103.4200,5071.240
1769328000000,103.4100,103.6800,103.4000,103.5900,8255.015
1769328900000,103.5900,103.6800,103.4700,103.5100,5749.592
1769329800000,103.5200,103.5800,103.4700,103.4800,3169.624
1769330700000,103.4800,103.6200,103.4800,103.5500,4273.926
1769331600000,103.5500,103.5700,103.4700,103.5400,1999.023
1769332500000,103.5400,103.7400,103.5300,103.6000,4781.221
1769333400000,103.6500,103.6800,103.5400,103.5700,5115.471
1769334300000,103.5700,103.6400,103.5400,103.6000,3036.024
1769335200000,103.6100,103.6800,103.5500,103.6200,7503.402
1769336100000,103.6200,103.6500,103.5500,103.5800,3603.981
1769337000000,103.5700,103.6300,103.5300,103.5500,4085.595
1769337900000,103.5500,103.5900,103.5100,103.5500,2983.121
1769338800000,103.5500,103.5600,103.4100,103.4600,3838.288
1769339700000,103.4500,103.4900,103.4300,103.4800,3326.092
1769340600000,103.4800,103.5600,103.4500,103.5000,2961.064
1769341500000,103.5000,103.5500,103.4400,103.5100,4558.871
1769342400000,103.5100,103.6600,103.5000,103.6400,4645.088
1769343300000,103.6500,103.6700,103.5600,103.6100,3102.298
1769344200000,103.6000,103.6300,103.5400,103.6200,4647.522
1769345100000,103.6100,103.6500,103.5900,103.6500,2291.880
1769346000000,103.6400,103.6500,103.5600,103.5800,2338.741
1769346900000,103.5800,103.5800,103.5200,103.5400,3809.063
1769347800000,103.5500,103.6200,103.5500,103.6200,2376.790
1769348700000,103.6100,103.6500,103.5700,103.6000,2729.570
1769349600000,103.6000,103.6300,103.5600,103.5800,4025.198
1769350500000,103.5800,103.6300,103.5000,103.5900,7311.487
1769351400000,103.6000,103.6100,103.5700,103.5800,3714.579
1769352300000,103.5900,103.6100,103.4600,103.5100,5493.107
1769353200000,103.5000,103.6000,103.4600,103.5500,3259.368
1769354100000,103.5600,103.6000,103.5000,103.5600,4494.846
1769355000000,103.5600,103.5600,103.5000,103.5100,2176.261
1769355900000,103.5100,103.5100,103.4000,103.4600,10205.269
1769356800000,103.4500,104.8800,103.4500,104.5000,50694.016
1769357700000,104.5000,105.6900,104.3600,105.0100,62935.636
1769358600000,104.9900,105.5000,104.7700,105.2400,28627.857
1769359500000,105.2400,105.3300,104.8900,105.0900,14262.164
1769360400000,105.0900,105.3000,104.9200,105.0500,16945.764
1769361300000,105.0500,105.2500,104.9500,105.0400,15444.805
1769362200000,105.0400,105.2000,104.9300,105.1000,13614.693
1769363100000,105.1000,105.1100,104.6000,104.8700,15731.001
1769364000000,104.8600,104.9000,104.3300,104.5100,18938.139
1769364900000,104.5100,104.7600,104.2600,104.3000,9024.292
1769365800000,104.2900,104.5400,104.1500,104.2700,13511.915
1769366700000,104.2500,104.4800,104.0500,104.1000,9581.230
1769367600000,104.1000,104.1400,103.9200,103.9200,8655.507
1769368500000,103.9300,103.9800,103.5600,103.5800,27565.833
1769369400000,103.5900,104.0500,102.3100,102.8300,63118.183
1769370300000,102.8300,102.9900,101.0200,101.5200,112644.587
1769371200000,101.5700,104.5000,101.5600,104.1900,93840.897
1769372100000,104.1600,104.9500,104.1400,104.4500,28949.158
1769373000000,104.4300,104.6700,104.0900,104.4800,10942.896
1769373900000,104.4700,104.6700,104.4000,104.5800,8007.984
1769374800000,104.5800,104.9400,104.5200,104.7900,9855.763
1769375700000,104.7900,104.9400,104.5400,104.6900,5961.251
1769376600000,104.6900,104.8900,104.4600,104.8500,6288.994
1769377500000,104.8600,105.0000,104.4600,104.7700,7593.592
1769378400000,104.8000,104.9800,104.4900,104.8400,12161.536
1769379300000,104.8400,104.9100,104.1800,104.8000,10853.442
1769380200000,104.8000,104.8400,104.1100,104.2600,11012.792
1769381100000,104.2600,104.6700,104.0000,104.4100,14004.025
1769382000000,104.4200,106.7800,102.9200,104.2600,144807.346
1769382900000,104.2600,104.6600,103.3500,103.8400,50107.052
1769383800000,103.8200,104.7500,103.7400,104.5100,42498.419
1769384700000,104.5100,105.1500,104.4100,104.8500,50002.278
1769385600000,104.8500,105.8000,104.7000,105.7200,55695.585
1769386500000,105.7500,106.3000,105.5200,106.1200,26360.293
1769387400000,106.1300,106.9700,106.0300,106.8100,42268.954
1769388300000,106.8100,107.3900,105.7500,106.4500,85434.376
1769389200000,106.4600,107.7900,105.5700,107.6600,79850.173
1769390100000,107.6700,108.1900,107.3200,108.0900,52541.786
1769391000000,108.0900,108.7100,107.8600,108.3600,53495.371
1769391900000,108.3500,108.4000,107.2900,107.6800,36263.537
1769392800000,107.7100,108.1500,106.8000,108.0300,46307.087
1769393700000,108.0500,108.5800,107.9800,108.3400,44456.980
1769394600000,108.3400,109.2200,108.1100,109.0300,42964.822
1769395500000,109.0200,109.6500,109.0000,109.1400,65583.174
1769396400000,109.1300,109.2800,108.5100,109.2500,37729.880
1769397300000,109.2500,109.5000,108.8600,109.0900,37387.629
1769398200000,109.1000,109.2600,108.6500,108.7200,27997.435
1769399100000,108.7100,108.8100,107.7900,108.2900,75761.478
1769400000000,108.2900,108.5200,108.0200,108.3000,31925.425
1769400900000,108.2700,108.4300,107.8100,107.9600,33487.212
1769401800000,107.9700,108.1600,107.5900,108.0600,62471.879
1769402700000,108.0500,108.4300,107.8100,108.3400,22556.699
1769403600000,108.3300,108.4400,107.5100,107.5600,49165.754
1769404500000,107.5700,108.0000,107.2400,107.8800,25007.378
1769405400000,107.8800,108.0000,106.3400,107.0300,69990.063
1769406300000,107.0100,107.7800,106.9200,107.7700,73425.778
1769407200000,107.7600,107.8000,107.4400,107.5100,31583.855
1769408100000,107.5000,107.7900,107.3000,107.5500,17180.329
1769409000000,107.5400,108.3000,107.5200,108.1600,42712.741
1769409900000,108.1600,108.9000,107.6800,107.7700,65767.724
1769410800000,107.7500,108.0200,107.2800,108.0200,38244.746
1769411700000,107.9900,108.2100,107.8800,108.1800,25754.329
1769412600000,108.1700,108.2300,108.0000,108.2300,23406.701
1769413500000,108.2300,108.4200,108.0500,108.3800,16530.268
1769414400000,108.3700,108.8000,108.2200,108.7800,28221.518
1769415300000,108.7800,109.4500,108.7500,109.2500,53110.120
1769416200000,109.2400,110.1400,109.2300,109.6800,96937.419
1769417100000,109.6900,109.7900,109.1300,109.3300,49014.746
1769418000000,109.3100,109.9600,109.1200,109.7400,45578.390
1769418900000,109.7500,110.0200,109.6700,110.0100,33418.588
1769419800000,110.0100,110.4000,109.2900,109.5500,62136.069
1769420700000,109.5500,109.6600,108.6000,109.1000,86345.748
1769421600000,109.1100,109.5700,109.1100,109.4700,24779.808
1769422500000,109.4700,109.5500,109.1500,109.4000,17414.348
1769423400000,109.4000,109.6500,109.3500,109.4800,15594.727
1769424300000,109.4800,109.6400,109.2600,109.5700,20002.218
1769425200000,109.5700,109.5700,108.9800,109.1000,67447.825
1769426100000,109.0900,109.1500,108.4900,108.8700,52990.630
1769427000000,108.8600,109.2100,108.6800,109.1900,17924.485
1769427900000,109.2000,109.5000,109.1300,109.4700,29872.783
1769428800000,109.4800,110.0000,109.4200,109.8900,52097.387
1769429700000,109.8900,113.9300,109.8600,110.5500,144448.577
1769430600000,110.5600,110.7200,110.0400,110.2100,82366.091
1769431500000,110.2000,110.7200,109.2600,109.5200,87048.751
1769432400000,109.5400,110.1100,109.0600,109.9900,98159.057
1769433300000,110.0200,110.5200,109.6700,109.6900,76860.280
1769434200000,109.7000,109.7500,108.7900,109.6700,105315.271
1769435100000,109.6800,109.8100,109.0000,109.2100,34795.216
1769436000000,109.2000,110.0000,108.5600,109.8600,59632.878
1769436900000,109.8700,110.2200,109.6100,109.7500,56642.091
1769437800000,109.7400,110.5700,109.4300,109.7800,107514.822
1769438700000,109.7900,111.4100,109.7100,111.2500,103941.367
1769439600000,111.2500,112.4000,110.6000,112.0700,147890.227
1769440500000,112.0700,112.5500,111.3400,112.1100,147763.806
1769441400000,112.1000,112.2000,110.8400,111.1600,100250.014
1769442300000,111.1500,112.5000,111.1200,112.2700,79641.875
1769443200000,112.2600,114.0000,111.9100,113.4400,167514.711
1769444100000,113.4300,113.9200,112.7400,112.9700,147559.279
1769445000000,112.9500,113.5800,112.5300,113.4000,114098.535
1769445900000,113.3800,114.9000,113.2700,114.4900,182519.335
1769446800000,114.4800,115.1100,114.3500,114.9600,142657.201
1769447700000,114.9700,115.9800,114.8900,115.4200,294325.411
1769448600000,115.4100,116.6000,115.0100,116.5000,166763.558
1769449500000,116.5100,117.8500,116.0300,117.7300,237845.441
1769450400000,117.7300,118.3300,114.7000,115.0500,491371.854
1769451300000,115.0500,116.5000,114.0900,114.2000,317236.272
1769452200000,114.2000,114.3100,111.0100,112.2900,522288.343
1769453100000,112.2900,113.5700,111.3800,111.4700,240125.416
1769454000000,111.4600,111.7100,108.9400,110.8700,454704.442
1769454900000,110.8600,110.9600,107.8300,108.9300,376437.251
1769455800000,108.9300,110.2100,108.1000,108.8100,203897.974
1769456700000,108.8100,109.0600,106.6600,107.5700,313306.849
1769457600000,107.5700,109.6900,107.4300,109.5300,194968.251
1769458500000,109.5300,109.7900,108.0000,109.3000,154680.621
1769459400000,109.2900,109.9300,108.1800,108.3400,117768.579
1769460300000,108.3500,109.2700,108.0100,108.7600,84104.630
1769461200000,108.7700,109.0400,106.0000,106.3200,244401.683
1769462100000,106.3300,106.5400,104.3400,104.7000,352582.968
1769463000000,104.7100,104.8300,102.6500,104.0400,331204.923
1769463900000,104.0400,104.9600,103.9500,104.5200,92744.140
1769464800000,104.5100,105.2400,103.4200,103.8700,83785.680
1769465700000,103.8700,104.9200,103.4600,104.6100,49896.925
1769466600000,104.6100,104.9300,103.6300,103.6700,52117.761
1769467500000,103.6400,104.3100,103.6000,104.3000,23151.594
1769468400000,104.2900,106.7300,103.7100,106.6200,245248.303
1769469300000,106.6000,107.5800,106.2100,107.0600,165908.453
1769470200000,107.0600,108.0000,106.7400,107.8800,133689.503
1769471100000,107.8800,108.2700,106.6300,106.9200,153413.441
1769472000000,106.8800,107.9200,106.2000,107.6200,156827.103
1769472900000,107.6200,107.9000,106.9300,107.5700,83400.745
1769473800000,107.5600,107.7400,106.7300,107.2400,68118.922
1769474700000,107.2500,107.3300,104.2700,106.3200,231911.964
1769475600000,106.3400,110.1500,105.8800,109.8900,369648.815
1769476500000,109.9100,110.7700,109.3100,110.4100,238426.260
1769477400000,110.4000,110.7000,109.3700,110.0200,147818.249
1769478300000,110.0100,110.7000,109.0000,110.2900,147140.553
1769479200000,110.2700,110.6400,109.4400,110.5500,88656.509
1769480100000,110.5500,111.3900,110.5000,110.5900,126707.341
1769481000000,110.6000,111.1300,110.3200,111.0700,52463.956
1769481900000,111.0700,111.0700,109.9400,110.4900,78528.491
1769482800000,110.5100,110.7600,109.4300,109.7700,88810.233
1769483700000,109.7600,110.1800,109.0900,109.2800,74876.531
1769484600000,109.2600,110.5000,109.0400,110.4700,70078.278
1769485500000,110.4800,110.7800,109.6100,109.9400,79552.987
1769486400000,109.9300,110.1300,109.1600,109.1600,51326.027
1769487300000,109.1700,109.8900,109.0700,109.4500,56906.998
1769488200000,109.4500,109.4800,107.8600,108.4100,145816.490
1769489100000,108.3900,108.8100,107.6500,108.2700,120593.140
1769490000000,108.2700,108.4600,107.3300,107.7300,93533.368
1769490900000,107.7300,108.9100,107.5500,108.4300,71020.965
1769491800000,108.4100,109.3800,108.1200,109.3000,113816.597
1769492700000,109.2900,110.0500,109.2800,110.0200,110584.066
1769493600000,110.0100,110.2900,109.2300,109.7900,88331.124
1769494500000,109.7800,110.1500,109.5500,110.0200,57212.639
1769495400000,110.0100,110.1600,109.7000,110.0500,57523.740
1769496300000,110.0500,110.6100,109.8800,109.9300,90071.298
1769497200000,109.9300,110.6900,109.6400,110.5400,75587.135
1769498100000,110.5400,111.6000,110.2500,111.4300,101879.291
1769499000000,111.4300,113.5600,111.3900,113.2200,273024.762
1769499900000,113.2100,113.6900,112.5100,112.6900,107663.165
1769500800000,112.7000,113.0000,111.6800,112.5000,102236.464
1769501700000,112.5000,112.6200,111.0700,111.2400,110455.788
1769502600000,111.2500,111.3000,110.2700,111.0400,167974.182
1769503500000,111.0600,111.9600,111.0200,111.5000,81361.816
1769504400000,111.5100,112.3000,111.3100,112.2400,72002.074
1769505300000,112.2400,113.0000,111.7600,112.9800,76828.436
1769506200000,112.9800,113.2300,112.4400,112.4400,96736.998
1769507100000,112.4500,112.9400,111.6400,112.7000,87517.308
1769508000000,112.7000,113.0200,112.4500,112.9000,55247.390
1769508900000,112.8900,113.0900,112.3600,112.6000,51303.270
1769509800000,112.5900,112.6700,111.8900,112.5100,45952.738
1769510700000,112.5200,112.6400,111.9700,112.5000,51242.091
1769511600000,112.5000,112.7900,112.1300,112.5600,53934.661
1769512500000,112.5600,112.8300,112.3000,112.7400,49956.364
1769513400000,112.7500,112.8600,112.3400,112.4300,41757.433
1769514300000,112.4000,112.4300,110.8300,111.6100,201595.665
1769515200000,111.6000,112.0900,111.2900,111.9500,94387.020
1769516100000,111.9300,111.9300,110.5600,110.9700,95416.187
1769517000000,110.9700,111.7400,110.8000,111.7300,66566.046
1769517900000,111.7400,111.8300,111.0200,111.1600,43977.435
1769518800000,111.1700,113.0600,111.0200,112.9000,148757.944
1769519700000,112.9000,113.0000,111.2000,111.4900,101868.510
1769520600000,111.4800,112.1100,111.0200,111.3700,89779.246
1769521500000,111.3700,112.3200,111.2700,112.0500,72492.118
1769522400000,112.0400,112.0600,108.9400,109.3900,284787.106
1769523300000,109.3900,109.4700,107.8000,108.2200,367593.281
1769524200000,108.2200,110.3300,108.1600,110.0800,242437.080
1769525100000,110.0700,110.3600,106.2800,106.7000,386898.306
1769526000000,106.7100,107.4400,105.0300,105.8700,433139.306
1769526900000,105.8600,107.4400,105.8200,106.6600,222367.530
1769527800000,106.6600,108.1700,106.5100,107.2500,153456.234
1769528700000,107.2500,108.8700,107.1500,108.4800,136635.234
1769529600000,108.4700,109.5400,107.7100,109.1300,125253.916
1769530500000,109.1400,109.7600,108.7500,109.2400,76603.600
1769531400000,109.2500,109.2800,107.9000,107.9900,75798.778
1769532300000,108.0000,108.6900,107.4900,108.0700,80935.253
1769533200000,108.0600,108.3300,107.0800,107.7900,108324.960
1769534100000,107.8000,108.0900,106.7800,108.0000,94362.120
1769535000000,107.9900,108.3400,106.0000,106.3400,148974.452
1769535900000,106.3300,107.3600,106.2200,106.6000,83132.006
1769536800000,106.6000,107.2900,105.8400,106.4000,149130.028
1769537700000,106.4000,107.0900,105.9100,107.0200,106153.125
1769538600000,107.0200,107.9700,106.8900,107.1400,93922.234
1769539500000,107.1500,108.3800,107.0300,108.0000,61960.591
1769540400000,108.0000,108.4700,107.6200,108.1000,41346.858
1769541300000,108.1100,108.5500,107.8600,108.0600,40620.860
1769542200000,108.0600,108.8700,108.0100,108.7700,41788.969
1769543100000,108.8000,109.4600,108.5800,109.4200,55971.456
1769544000000,109.4100,111.4700,108.0800,111.2100,281477.677
1769544900000,111.1600,111.4300,110.3100,110.8700,165578.470
1769545800000,110.8400,111.0800,109.6000,110.7200,167116.455
1769546700000,110.7100,112.3400,110.6300,112.0300,156931.883
1769547600000,112.0400,112.6700,111.8000,111.9800,122167.272
1769548500000,112.0000,112.5500,112.0000,112.3200,76795.934
1769549400000,112.3100,112.8400,112.1100,112.7800,61098.518
1769550300000,112.7700,113.0000,111.5000,112.0900,124567.350
1769551200000,112.0800,112.0800,111.0600,111.6600,41470.604
1769552100000,111.6600,111.8600,111.0600,111.8300,26313.769
1769553000000,111.8300,112.1000,111.6600,112.0200,21207.593
1769553900000,112.0000,112.3000,111.8600,112.2700,19704.986
1769554800000,112.2500,112.2600,110.8000,111.3200,193490.853
1769555700000,111.3300,111.8900,110.8300,111.8500,83724.014
1769556600000,111.8500,112.0000,111.2700,111.6800,85983.034
1769557500000,111.7000,113.3800,111.7000,112.9300,245622.272
1769558400000,112.9200,113.0500,111.9100,112.5900,67198.636
1769559300000,112.5900,112.9200,112.3700,112.6000,47013.474
1769560200000,112.6100,113.0100,112.4600,112.8900,54509.309
1769561100000,112.9100,114.2900,112.9100,113.5900,209928.216
1769562000000,113.5600,114.5700,112.9900,113.8500,183343.779
1769562900000,113.8600,113.8800,113.0400,113.5000,84590.534
1769563800000,113.5000,114.1700,112.8900,114.0400,91125.418
1769564700000,114.0500,114.4000,113.1300,113.3700,102399.119
1769565600000,113.3600,113.8600,113.2200,113.6900,73263.328
1769566500000,113.6800,114.0000,113.5900,113.9000,69797.724
1769567400000,113.9000,114.3300,113.6800,114.1800,81793.051
1769568300000,114.1800,114.7600,114.0500,114.6700,77411.852
1769569200000,114.6800,115.3800,114.4400,115.1800,173478.008
1769570100000,115.1500,115.5500,115.0400,115.2000,115839.265
1769571000000,115.1900,115.1900,114.6200,114.9600,96253.184
1769571900000,114.9500,115.5200,114.7100,114.8400,89726.818
1769572800000,114.8600,115.4100,114.8200,115.1300,65339.855
1769573700000,115.1300,115.4000,114.9500,115.3900,43209.543
1769574600000,115.3900,115.7000,115.3900,115.6100,59837.769
1769575500000,115.6100,115.8900,115.3400,115.8000,73319.293
1769576400000,115.8100,116.2800,115.6000,116.1600,77428.096
1769577300000,116.1700,116.1700,115.7100,115.8500,81947.828
1769578200000,115.8600,115.9800,115.1000,115.8000,137618.319
1769579100000,115.8100,115.8100,115.1600,115.4500,74275.138
1769580000000,115.4300,115.7200,114.7800,115.1500,100508.061
1769580900000,115.1600,115.4300,113.8900,114.3100,183410.993
1769581800000,114.3100,114.9800,114.2700,114.6000,90213.648
1769582700000,114.6100,115.2600,114.3400,115.2400,78029.858
1769583600000,115.2500,115.3600,114.7000,115.0800,78993.884
1769584500000,115.0800,115.2300,114.2500,114.4700,85155.825
1769585400000,114.4700,114.5600,113.6400,114.3800,149903.631
1769586300000,114.3700,114.8700,114.1800,114.7900,65349.129
1769587200000,114.7800,114.9200,114.0200,114.2500,88754.578
1769588100000,114.2500,114.6600,114.1400,114.3700,55799.601
1769589000000,114.3700,115.1400,114.2300,114.4300,108779.430
1769589900000,114.4300,114.4300,113.3400,113.9600,176610.914
1769590800000,113.9500,114.2200,112.6100,112.8400,159047.787
1769591700000,112.8400,113.0400,112.1500,112.7700,227201.855
1769592600000,112.7600,113.0700,112.2400,112.2800,113221.053
1769593500000,112.2600,113.3800,112.2600,113.0600,69410.261
1769594400000,113.0700,113.4600,112.8300,113.4000,79663.330
1769595300000,113.4100,113.4100,112.9600,113.2700,38873.977
1769596200000,113.2900,113.2900,112.5500,113.1900,80779.020
1769597100000,113.2000,113.6500,113.0000,113.0000,67863.232
1769598000000,113.0100,113.0200,111.4200,111.9900,260471.168
1769598900000,111.9900,112.1400,111.2100,111.8500,142578.190
1769599800000,111.8500,112.0900,111.2800,111.9500,96991.353
1769600700000,111.9500,112.6200,111.9400,112.4700,89265.517
1769601600000,112.4800,113.0500,111.9700,112.4500,166629.950
1769602500000,112.4500,112.8600,112.2300,112.4100,96284.072
1769603400000,112.4100,112.8200,112.2300,112.7600,56362.458
1769604300000,112.7500,113.6200,112.5300,113.5500,129917.321
1769605200000,113.5400,114.5100,113.2600,113.7800,283770.962
1769606100000,113.7400,114.3400,113.6700,114.1900,125039.736
1769607000000,114.1900,114.6600,113.4000,113.7300,209452.693
1769607900000,113.7300,114.2500,113.5300,114.1000,92510.283
1769608800000,114.1100,114.4700,113.3200,113.7900,134441.633
1769609700000,113.7900,114.1600,113.3800,113.4900,93239.098
1769610600000,113.4900,115.4300,113.4900,114.9900,361908.012
1769611500000,115.0300,115.3200,114.3600,115.0400,209654.734
1769612400000,115.0400,115.7300,112.1500,112.7000,831555.506
1769613300000,112.6800,113.4300,112.0100,112.6800,398625.603
1769614200000,112.6900,113.7700,112.5600,113.2500,211854.892
1769615100000,113.2500,113.4800,112.5600,113.2000,181286.733
1769616000000,113.2000,113.6200,112.7500,113.2600,106368.615
1769616900000,113.2700,114.3800,113.2600,114.1200,182047.482
1769617800000,114.1300,114.4100,113.5900,114.0300,105789.462
1769618700000,114.0300,114.9000,113.9600,114.7200,132568.795
1769619600000,114.7300,115.0800,114.3200,114.7200,110892.570
1769620500000,114.6900,114.9600,114.4000,114.9300,84552.649
1769621400000,114.9300,114.9600,113.6200,114.0600,120341.700
1769622300000,114.0600,114.5600,113.8000,114.1200,66052.496
1769623200000,114.1200,114.2100,112.7500,113.1800,178629.384
1769624100000,113.1700,113.8400,112.6800,112.8500,164357.476
1769625000000,112.8500,112.9000,110.8700,111.0700,393035.869
1769625900000,111.0900,111.8200,110.5300,111.7100,276486.130
1769626800000,111.7100,113.2800,111.2500,113.2500,405210.822
1769627700000,113.2400,113.5800,112.6200,112.8400,225754.434
1769628600000,112.8400,114.0200,112.7800,113.8700,230051.654
1769629500000,113.8400,114.8800,113.6700,114.5200,212754.767
1769630400000,114.5100,115.0300,114.2200,114.4200,178528.908
1769631300000,114.4200,115.4900,114.1000,115.3200,258478.146
1769632200000,115.3100,117.1400,115.2700,116.9000,495641.249
1769633100000,116.9200,117.8000,116.1300,116.5700,563800.490
1769634000000,116.5700,117.0700,116.0900,116.5900,302763.253
1769634900000,116.5800,116.8100,115.4300,115.4500,293834.949
1769635800000,115.4500,116.4300,115.2100,116.3000,187571.084
1769636700000,116.3100,116.9100,115.9200,116.6000,150929.612
1769637600000,116.6000,117.0300,116.4400,116.6100,50446.423
1769638500000,116.6000,117.2000,116.5300,116.7600,47730.629
1769639400000,116.7700,117.2300,116.7000,116.7100,39685.238
1769640300000,116.7200,116.8200,116.4000,116.6800,47231.436
1769641200000,116.6700,117.6700,115.4100,117.1700,444638.566
1769642100000,117.1700,118.8100,117.0900,118.4500,363646.683
1769643000000,118.4600,119.5600,117.5700,117.6500,536964.821
1769643900000,117.6700,118.4200,117.2500,117.7900,338079.635
1769644800000,117.7800,118.4000,116.1900,118.0000,309579.393
1769645700000,118.0000,118.2500,116.8400,117.6700,229169.576
1769646600000,117.6800,118.4100,117.5200,117.8400,187492.818
1769647500000,117.8200,118.4000,117.6000,117.9800,193833.852
1769648400000,117.9600,118.2400,116.9400,117.3600,347850.565
1769649300000,117.3600,118.0100,117.2800,117.8900,174259.406
1769650200000,117.8700,118.6900,117.8700,118.1400,211518.925
1769651100000,118.1600,118.2900,117.4500,118.0400,201560.407
1769652000000,118.0300,118.0300,116.9100,117.3200,187847.967
1769652900000,117.3200,117.7100,117.0800,117.4600,94730.859
1769653800000,117.4800,117.8900,117.2600,117.3500,82870.949
1769654700000,117.3400,117.9600,117.2300,117.6700,74613.831
1769655600000,117.6600,118.1000,117.1800,117.8400,117666.533
1769656500000,117.8400,117.9100,117.2000,117.2900,85802.785
1769657400000,117.3100,117.7200,117.2500,117.4000,45997.731
1769658300000,117.4000,117.5900,117.0500,117.4300,61234.495
1769659200000,117.4400,117.6000,117.1400,117.3900,47656.442
1769660100000,117.3900,117.6900,117.3000,117.6100,33240.359
1769661000000,117.6000,118.5300,117.5300,118.3900,141060.440
1769661900000,118.3900,118.5600,118.0700,118.4300,73007.285
1769662800000,118.4200,118.5500,118.2100,118.2900,67183.673
1769663700000,118.2900,118.3500,117.5800,117.9800,107394.619
1769664600000,117.9700,118.2200,117.8400,118.0400,82598.599
1769665500000,118.0200,118.4300,118.0000,118.2400,91326.918
1769666400000,118.2500,119.7500,118.2400,119.6200,275811.830
1769667300000,119.6200,120.6900,119.5000,120.1700,328162.798
1769668200000,120.1500,120.3100,119.7100,119.7500,168021.884
1769669100000,119.7500,119.8200,118.7700,119.0600,264717.641
1769670000000,119.0700,119.3100,118.3800,118.4400,150846.777
1769670900000,118.4500,118.8600,117.7800,117.8200,198543.325
1769671800000,117.8200,118.4300,117.8200,118.2300,120220.598
1769672700000,118.2300,118.4600,117.9100,118.1700,84554.660
1769673600000,118.1800,118.3600,117.2600,117.6400,264882.918
1769674500000,117.6400,117.7900,116.5600,117.3800,283949.593
1769675400000,117.3800,117.4200,115.8300,116.1400,332577.219
1769676300000,116.1100,116.7900,115.3600,116.5200,309963.105
1769677200000,116.5500,117.0000,116.3900,116.9000,164808.381
1769678100000,116.8900,117.5200,116.6800,117.3800,140748.112
1769679000000,117.3800,117.7300,117.2400,117.6200,103797.931
1769679900000,117.6200,117.7600,117.2800,117.6900,69418.904
1769680800000,117.7000,117.8800,117.2300,117.7200,92700.229
1769681700000,117.7300,117.7300,117.0000,117.4200,80365.622
1769682600000,117.4100,117.4100,116.7200,117.2600,90096.518
1769683500000,117.2600,117.4000,116.5500,116.7100,77908.674
1769684400000,116.7000,117.7200,116.2100,117.5600,155311.541
1769685300000,117.5600,117.8900,117.4800,117.7300,110076.400
1769686200000,117.7600,118.0000,117.5400,117.8400,157952.580
1769687100000,117.8400,118.5700,117.8400,118.4800,180944.966
1769688000000,118.4700,119.0600,118.3000,118.9800,155471.783
1769688900000,118.9700,119.6000,118.9400,119.4900,190424.932
1769689800000,119.5000,119.9600,118.5300,118.7200,265672.345
1769690700000,118.7300,119.2600,118.1200,118.9300,201748.128
1769691600000,118.9400,119.4100,117.2500,118.7800,373006.028
1769692500000,118.7800,119.1100,118.4900,118.7000,109676.468
1769693400000,118.6800,119.5300,118.4500,119.4300,193173.715
1769694300000,119.4200,119.5900,118.9700,119.2000,249821.711
1769695200000,119.2100,121.4100,119.1800,120.8600,643851.335
1769696100000,120.8600,121.7400,120.6000,120.8300,449056.650
1769697000000,120.8500,121.1700,119.2100,120.1500,541489.224
1769697900000,120.1400,120.3200,118.8000,119.3500,594137.214
1769698800000,119.3400,119.3400,115.8000,116.1100,1183530.843
1769699700000,116.1100,116.2000,107.3300,108.7000,2826511.056
1769700600000,108.7000,111.5000,108.1400,109.2200,1547135.222
1769701500000,109.2200,111.4700,109.0700,110.4700,732829.504
1769702400000,110.4700,113.2800,110.0300,113.1400,771958.849
1769703300000,113.1400,113.2300,111.1700,112.7400,532592.223
1769704200000,112.7200,113.8700,112.2500,112.9500,483511.820
1769705100000,112.9700,113.2000,111.4500,112.4200,438670.169
1769706000000,112.4300,113.6000,112.3600,113.5000,392363.681
1769706900000,113.5000,115.8600,113.4600,115.6800,544365.830
1769707800000,115.6800,116.0400,114.8800,115.3600,347373.325
1769708700000,115.4000,115.5000,114.0800,114.8200,383968.907
1769709600000,114.8200,116.7400,114.4200,116.6600,358965.634
1769710500000,116.6600,116.6800,113.6000,114.6300,439891.540
1769711400000,114.6300,115.6800,114.3200,114.6700,283843.735
1769712300000,114.6000,115.4400,114.3700,114.6900,204245.809
1769713200000,114.7200,114.8400,112.7700,112.8600,375703.045
1769714100000,112.8600,113.7300,112.4800,113.4000,253098.679
1769715000000,113.4200,114.4600,111.8100,114.0100,310040.663
1769715900000,114.0200,114.5900,113.4200,113.6000,183244.054
1769716800000,113.6000,113.6800,112.6100,113.0900,196872.378
1769717700000,113.0900,114.4700,112.8400,113.9800,165035.763
1769718600000,113.9900,115.8100,113.8600,115.6100,198266.729
1769719500000,115.6000,117.2500,115.5200,116.6200,354001.110
1769720400000,116.6200,117.0000,115.7400,116.6400,211234.116
1769721300000,116.6300,117.4500,116.0100,117.0100,185668.515
1769722200000,117.0300,117.1800,115.3000,115.4400,239137.304
1769723100000,115.4500,116.2300,115.3700,115.9200,204536.527
1769724000000,115.9000,116.2400,115.7600,115.9400,50660.032
1769724900000,115.9300,116.0800,115.7200,115.7400,29843.582
1769725800000,115.7400,115.9400,115.6500,115.8700,16029.875
1769726700000,115.8700,115.9700,115.6700,115.9700,21867.354
1769727600000,115.9700,117.9700,115.8800,116.6200,538049.088
1769728500000,116.6100,116.9900,115.9500,116.8600,269783.337
1769729400000,116.8600,117.4700,116.6000,117.3100,138370.348
1769730300000,117.3100,117.8000,117.1700,117.5700,199575.137
1769731200000,117.5600,118.5400,117.4400,118.4800,227559.031
1769732100000,118.4800,118.6100,117.4600,117.7600,284299.713
1769733000000,117.7700,118.3200,117.1500,117.3100,339293.907
1769733900000,117.3100,117.6000,116.5500,116.7000,285711.660
1769734800000,116.7100,117.1400,113.6000,113.9900,717421.371
1769735700000,113.9900,116.3300,113.7100,115.8700,421412.678
1769736600000,115.8700,116.6300,115.5000,115.6200,282942.376
1769737500000,115.6200,115.6200,112.6500,113.2500,522014.790
1769738400000,113.2500,114.2700,111.6000,111.9700,734081.514
1769739300000,111.9900,112.1800,108.5000,110.7200,1400235.522
1769740200000,110.7300,111.8800,109.4000,111.3000,663170.917
1769741100000,111.3100,112.1800,110.3400,111.0400,407268.298
1769742000000,111.0300,111.3300,109.2200,109.6800,461727.599
1769742900000,109.6900,110.8600,108.8800,110.7400,347139.734
1769743800000,110.7300,111.1400,109.2000,109.6300,387065.682
1769744700000,109.6300,109.7800,108.6400,109.6300,469123.678
1769745600000,109.6300,111.1900,109.5500,110.8400,440296.216
1769746500000,110.8400,111.2500,110.3500,110.9400,333107.684
1769747400000,110.9300,111.3900,110.6500,110.7000,227890.362
1769748300000,110.7100,111.2500,110.6900,111.1600,189033.930
1769749200000,111.1600,111.6400,110.9900,111.6200,255898.121
1769750100000,111.6400,112.4800,111.4800,112.0800,454358.716
1769751000000,112.0800,112.4700,111.5000,112.0600,330726.677
1769751900000,112.0600,112.1900,109.7600,110.0300,367197.704
1769752800000,110.0300,111.0600,109.9600,111.0300,220208.197
1769753700000,111.0300,111.0300,109.4400,109.4700,215050.900
1769754600000,109.4900,110.1800,108.5000,108.5200,500221.643
1769755500000,108.5200,109.2100,107.4000,108.1200,603640.868
1769756400000,108.1300,109.6900,107.0000,109.2900,649505.209
1769757300000,109.2900,109.6500,108.5600,108.6600,311274.479
1769758200000,108.6600,108.7900,104.8900,105.8400,1112755.864
1769759100000,105.8300,107.5600,105.5900,107.1400,590680.844
1769760000000,107.1300,107.1400,105.7500,106.0800,421599.649
1769760900000,106.0800,107.0400,105.4800,106.6700,375188.807
1769761800000,106.6600,106.7500,103.5300,104.5200,934531.105
1769762700000,104.5300,105.1700,103.7200,104.1800,469728.832
1769763600000,104.1800,104.9100,100.9100,101.2800,1125407.009
1769764500000,101.3000,102.5100,100.2500,100.4400,1130055.604
1769765400000,100.4300,102.1200,97.1000,97.2700,1398465.255
1769766300000,97.2800,98.9400,95.5100,98.2800,2403384.038
1769767200000,98.3000,99.3400,97.8000,98.7800,957016.762
1769768100000,98.7800,100.2700,98.5500,99.3200,840809.665
1769769000000,99.3100,100.4900,99.0300,99.9400,714920.169
1769769900000,99.9500,100.9600,99.7000,100.9100,455516.503
1769770800000,100.9100,102.0000,100.3300,101.8300,609422.276
1769771700000,101.8300,102.6900,101.6200,102.5900,562032.675
1769772600000,102.6000,103.4800,102.2600,102.3800,531947.606
1769773500000,102.3800,103.5300,101.2300,103.0900,765887.503
1769774400000,103.0800,104.1100,102.9100,103.7300,437720.570
1769775300000,103.7300,104.2000,102.5000,103.1900,414165.464
1769776200000,103.2000,103.7700,101.5900,102.2700,556741.002
1769777100000,102.2600,102.3400,99.0200,99.6400,1218125.986
1769778000000,99.6200,101.7500,99.4200,101.1900,837898.653
1769778900000,101.1800,101.2100,98.7500,99.4100,634930.529
1769779800000,99.4100,100.1600,98.8200,99.0500,455163.966
1769780700000,99.0400,99.0500,97.0000,98.4300,719063.965
1769781600000,98.4400,99.4200,97.6800,98.3000,552846.346
1769782500000,98.3000,99.6900,97.8200,98.7800,477426.950
1769783400000,98.7600,100.9500,98.1100,100.3900,683341.211
1769784300000,100.3900,101.7300,99.1500,99.6400,654307.639
1769785200000,99.6500,100.0300,97.8800,99.2200,633131.728
1769786100000,99.2200,100.3900,98.5400,98.8900,428184.589
1769787000000,98.9100,100.4000,98.7400,99.7500,370799.418
1769787900000,99.7700,99.8400,98.0100,98.5600,387612.227
1769788800000,98.5600,98.7600,97.0000,97.4600,511172.306
1769789700000,97.4600,97.6000,95.2300,95.6800,870979.779
1769790600000,95.6900,96.3200,93.8700,94.7900,1351712.846
1769791500000,94.7800,94.8400,92.1000,94.4600,1461151.294
1769792400000,94.4600,94.5200,90.9100,91.7200,1502544.508
1769793300000,91.7300,92.5500,90.5100,92.2500,1339191.687
1769794200000,92.2500,92.3900,89.5700,90.5200,1273076.479
1769795100000,90.5200,91.5000,87.0000,88.2500,2399541.493
1769796000000,88.2500,89.2900,83.1800,84.1900,3045919.287
1769796900000,84.1200,84.7900,77.0100,82.0600,4393262.240
1769797800000,82.1800,83.9000,76.5500,81.8300,3540960.978
1769798700000,81.8100,84.8800,81.6800,83.9100,1967951.089
1769799600000,83.9200,85.8800,82.2500,84.2200,1711076.665
1769800500000,84.2100,84.6700,81.5500,84.2700,1414545.968
1769801400000,84.2700,85.7400,83.6200,85.5800,1212793.254
1769802300000,85.5800,86.2200,84.8400,85.4900,1394096.148
1769803200000,85.4900,86.0900,84.1500,84.9300,1035374.460
1769804100000,84.9300,84.9400,83.8100,84.3000,727585.294
1769805000000,84.3000,84.4500,82.5000,82.9800,995721.245
1769805900000,82.9900,83.7500,82.3600,83.6700,630323.748
1769806800000,83.7300,84.5900,83.5200,84.3100,450505.840
1769807700000,84.3200,85.6300,84.2600,85.4600,531980.702
1769808600000,85.4600,85.8300,84.5000,85.5000,463596.319
1769809500000,85.5000,86.2300,85.1600,86.0600,624206.280
1769810400000,86.0500,86.2800,85.4100,85.4900,177403.869
1769811300000,85.4900,85.4900,84.9900,85.3300,121270.694
1769812200000,85.3300,85.5000,85.0400,85.0600,76775.299
1769813100000,85.0400,85.3800,84.9900,85.1500,107529.177
1769814000000,85.1500,85.2200,84.5900,84.9800,186340.371
1769814900000,84.9700,85.7400,84.8500,85.7200,136120.095
1769815800000,85.7200,85.8700,85.4200,85.8100,155004.512
1769816700000,85.8100,86.7800,85.8100,86.0400,216581.049
1769817600000,86.0500,87.5800,86.0300,87.3900,263024.049
1769818500000,87.4000,87.8000,87.0100,87.0500,195921.507
1769819400000,87.0600,87.0900,86.0000,86.2200,205614.938
1769820300000,86.2200,86.3000,85.7100,85.7100,167377.190
1769821200000,85.7100,86.2000,85.5500,85.9800,258803.746
1769822100000,85.9900,86.3500,85.9800,86.3300,104663.522
1769823000000,86.3300,86.3900,85.5800,85.6600,115091.447
1769823900000,85.6500,85.7900,85.4800,85.6300,125876.910
1769824800000,85.6100,85.8700,85.4000,85.7400,109490.033
1769825700000,85.7400,85.7500,85.4400,85.6400,77421.187
1769826600000,85.6300,85.6400,85.4700,85.6300,77612.054
1769827500000,85.6200,85.7000,85.4000,85.4100,109582.761
1769828400000,85.4200,85.4400,85.3200,85.3400,134841.966
1769829300000,85.3300,85.4300,85.3200,85.3800,109617.990
1769830200000,85.3700,85.4100,85.3000,85.3200,83579.212
1769831100000,85.3200,85.4300,85.2800,85.2800,128856.279
1769832000000,85.2800,85.9800,85.2800,85.8900,197586.595
1769832900000,85.8900,85.9300,85.6700,85.8100,85030.077
1769833800000,85.8100,85.9100,85.5500,85.9000,72216.937
1769834700000,85.8900,85.9800,85.8100,85.8900,61641.080
1769835600000,85.8900,85.9700,85.7100,85.8300,63788.739
1769836500000,85.8300,85.9700,85.7400,85.8600,63089.393
1769837400000,85.8600,85.8900,85.5600,85.6100,69809.787
1769838300000,85.6200,85.7800,85.5600,85.7000,49738.432
1769839200000,85.7000,85.7600,85.5200,85.6300,59413.144
1769840100000,85.6400,85.6700,85.4800,85.5700,64441.321
1769841000000,85.5800,85.7500,85.5700,85.7500,49197.381
1769841900000,85.7400,85.7600,85.4100,85.5100,85230.221
1769842800000,85.5200,85.7000,85.5100,85.6000,50393.446
1769843700000,85.6000,85.6200,85.3800,85.4700,52938.446
1769844600000,85.4700,85.4700,85.3100,85.3800,89535.874
1769845500000,85.3700,85.4000,85.2800,85.2800,181928.549
1769846400000,85.2900,85.6400,85.2800,85.5800,99251.260
1769847300000,85.5800,85.6000,85.3700,85.4400,38356.783
1769848200000,85.4500,85.6300,85.3400,85.3800,66443.646
1769849100000,85.3900,85.6000,85.3900,85.4200,50231.534
1769850000000,85.4300,85.5500,85.4200,85.5200,30524.425
1769850900000,85.5100,85.5300,85.4300,85.5100,23488.405
1769851800000,85.5200,85.7000,85.4900,85.7000,87573.635
1769852700000,85.6900,85.7600,85.5900,85.6500,39898.835
1769853600000,85.6400,85.7400,85.5100,85.5700,37895.696
1769854500000,85.5700,85.6500,85.4800,85.6100,32945.050
1769855400000,85.6200,85.6600,85.5400,85.5600,33884.385
1769856300000,85.5500,85.5800,85.4300,85.4800,38225.699
1769857200000,85.4900,85.5100,85.3200,85.3300,48256.510
1769858100000,85.3300,85.4900,85.3100,85.3900,45590.643
1769859000000,85.4000,85.4600,85.3400,85.3600,31934.952
1769859900000,85.3600,85.3900,85.3400,85.3400,44990.212
1769860800000,85.3500,85.5300,85.3400,85.4100,73793.135
1769861700000,85.4100,85.5500,85.3600,85.5000,33894.696
1769862600000,85.5000,85.5300,85.4000,85.4700,28078.567
1769863500000,85.4600,85.7000,85.4500,85.6500,62085.977
1769864400000,85.6500,85.6600,85.4300,85.5200,53691.381
1769865300000,85.5200,85.5500,85.4300,85.4900,38922.160
1769866200000,85.4900,85.5100,85.4200,85.4600,34176.261
1769867100000,85.4600,85.5200,85.4400,85.5000,23863.276
1769868000000,85.4900,85.5400,85.3600,85.3700,39966.516
1769868900000,85.3700,85.4500,85.2400,85.2600,110336.425
1769869800000,85.2600,85.4200,85.2100,85.2100,92340.671
1769870700000,85.2200,85.4000,85.1800,85.2900,90038.533
1769871600000,85.2800,85.4200,85.2500,85.3800,45812.435
1769872500000,85.3800,85.4600,85.3600,85.4600,40792.987
1769873400000,85.4500,85.4600,85.3800,85.4100,39580.827
1769874300000,85.4000,85.4300,85.3400,85.3600,54417.636
1769875200000,85.3600,85.4400,85.3200,85.3700,46066.029
1769876100000,85.3600,85.4500,85.3100,85.3700,70108.689
1769877000000,85.3700,85.4700,85.3700,85.4100,31316.090
1769877900000,85.4000,85.4500,85.3000,85.3500,72757.903
1769878800000,85.3500,85.3900,84.6300,84.6400,164042.156
1769879700000,84.6400,85.0600,84.0400,84.3700,222656.422
1769880600000,84.3700,84.6800,84.1800,84.6000,118456.653
1769881500000,84.6000,85.2100,84.5400,85.1200,110652.890
1769882400000,85.1100,85.3100,85.0900,85.2500,73015.889
1769883300000,85.2500,85.2900,85.1400,85.2300,50253.641
1769884200000,85.2200,85.4100,85.0200,85.2700,142850.740
1769885100000,85.2700,85.3800,85.2100,85.3300,73774.683
1769886000000,85.3200,85.4200,85.2900,85.4100,63635.722
1769886900000,85.4100,85.4400,85.3400,85.3900,32962.953
1769887800000,85.3900,85.4000,85.2100,85.2500,30473.963
1769888700000,85.2500,85.3500,85.2200,85.3000,52801.290
1769889600000,85.2900,85.4000,85.2700,85.2700,35180.447
1769890500000,85.2800,85.3900,85.2500,85.2800,29201.663
1769891400000,85.2800,85.3400,85.2700,85.3300,17593.230
1769892300000,85.3300,85.3800,85.2400,85.2500,36822.125
1769893200000,85.2400,85.2400,84.9600,85.1400,74709.153
1769894100000,85.1400,85.1700,85.0300,85.1200,15387.267
1769895000000,85.1100,85.2000,85.1100,85.1500,14092.667
1769895900000,85.1500,85.1600,85.0000,85.0000,10048.374
1769896800000,85.0100,85.2000,85.0000,85.0900,11668.111
1769897700000,85.1000,85.2000,85.0900,85.1900,6131.105
1769898600000,85.1900,85.2900,85.1700,85.2800,14349.236
1769899500000,85.2900,85.3600,85.2700,85.2900,17971.217
1769900400000,85.2900,85.3900,85.2500,85.3600,31319.021
1769901300000,85.3600,85.3800,85.1900,85.3500,45681.568
1769902200000,85.3500,85.3700,85.1400,85.2700,28482.999
1769903100000,85.2600,85.3500,85.2200,85.3100,11948.290
1769904000000,85.3000,85.3900,85.2800,85.3800,17734.648
1769904900000,85.3700,85.4200,85.3200,85.3500,23480.261
1769905800000,85.3500,85.3900,85.3100,85.3600,14707.144
1769906700000,85.3400,85.4100,85.3300,85.3800,20143.526
1769907600000,85.3700,85.4200,85.3300,85.3700,16398.936
1769908500000,85.3700,85.3900,85.3200,85.3400,11953.003
1769909400000,85.3400,85.3800,85.2300,85.2500,18048.238
1769910300000,85.2400,85.2800,85.2100,85.2200,13186.866
1769911200000,85.2200,85.3400,85.1500,85.3300,25089.170
1769912100000,85.3200,85.3300,85.2500,85.2800,11697.911
1769913000000,85.2700,85.2800,85.1600,85.2000,25317.079
1769913900000,85.2000,85.3600,85.1900,85.3300,16340.323
1769914800000,85.3300,85.3600,85.2100,85.2400,10609.875
1769915700000,85.2500,85.2800,85.2100,85.2400,11699.287
1769916600000,85.2400,85.2800,85.1600,85.2400,23593.782
1769917500000,85.2300,85.3300,85.2200,85.2800,17519.743
1769918400000,85.2900,85.4700,85.2600,85.3900,83638.663
1769919300000,85.3800,85.4200,85.3400,85.3800,46863.170
1769920200000,85.3800,85.3900,85.3500,85.3600,14748.235
1769921100000,85.3600,85.4000,85.3500,85.3800,10377.767
1769922000000,85.3800,85.3900,85.2900,85.3500,16403.532
1769922900000,85.3400,85.3800,85.3200,85.3700,7551.218
1769923800000,85.3700,85.3700,85.3300,85.3600,7750.847
1769924700000,85.3500,85.4000,85.3500,85.3600,10654.763
1769925600000,85.3600,85.3900,85.3500,85.3700,18341.711
1769926500000,85.3700,85.3900,85.3500,85.3500,6467.773
1769927400000,85.3500,85.3700,85.3300,85.3500,33449.851
1769928300000,85.3400,85.3500,85.3000,85.3000,6837.171
1769929200000,85.3100,85.3100,85.2200,85.2600,16835.821
1769930100000,85.2700,85.3900,85.2600,85.3600,18366.399
1769931000000,85.3500,85.3900,85.3500,85.3900,12776.566
1769931900000,85.3800,85.3900,85.2200,85.2400,17798.152
1769932800000,85.2400,85.3000,85.2400,85.3000,15300.859
1769933700000,85.3000,85.3000,85.2000,85.2100,16749.321
1769934600000,85.2200,85.3500,85.2100,85.3000,20177.149
1769935500000,85.3000,85.3500,85.3000,85.3200,19189.173
1769936400000,85.3200,85.3300,85.2300,85.2700,14133.293
1769937300000,85.2700,85.2900,85.1800,85.1900,29213.787
1769938200000,85.1900,85.2200,85.1700,85.2100,12100.125
1769939100000,85.2000,85.2800,85.2000,85.2500,15895.894
1769940000000,85.2500,85.2700,85.0000,85.0600,50523.707
1769940900000,85.0500,85.1800,85.0500,85.1700,56625.677
1769941800000,85.1800,85.1800,85.1200,85.1400,21459.997
1769942700000,85.1500,85.2400,85.1100,85.1600,31222.433
1769943600000,85.1600,85.1800,85.1500,85.1800,22983.176
1769944500000,85.1700,85.1900,85.1500,85.1600,23522.778
1769945400000,85.1600,85.1900,85.1500,85.1600,21269.954
1769946300000,85.1600,85.2000,85.1500,85.1800,28286.585
1769947200000,85.1800,85.1800,85.1500,85.1600,19805.713
1769948100000,85.1700,85.1700,85.1400,85.1700,17488.277
1769949000000,85.1700,85.1700,85.1500,85.1600,12673.585
1769949900000,85.1600,85.1700,85.1600,85.1700,9380.046
1769950800000,85.1600,85.1700,85.1600,85.1600,8801.458
1769951700000,85.1700,85.1800,85.1200,85.1800,31182.007
1769952600000,85.1700,85.2200,85.1700,85.1800,22747.832
1769953500000,85.1800,85.2300,85.1500,85.1600,33956.720
1769954400000,85.1600,85.1700,85.0900,85.0900,33769.405
1769955300000,85.1000,85.1000,84.8800,84.8900,50514.011
1769956200000,84.8900,85.1600,84.8900,85.0000,52492.559
1769957100000,85.0000,85.1900,84.8800,85.0300,53877.730
1769958000000,85.0200,85.1100,84.6800,84.8400,58721.546
1769958900000,84.8400,84.9600,84.6400,84.7800,41933.924
1769959800000,84.7900,84.7900,84.3200,84.6000,94369.324
1769960700000,84.6100,85.0200,84.5600,84.9900,95309.104
1769961600000,84.9900,85.0000,84.1200,84.3000,107372.069
1769962500000,84.3000,84.5500,84.1000,84.1800,76055.024
1769963400000,84.1800,84.5400,84.1600,84.3600,52244.313
1769964300000,84.3700,84.7600,84.3700,84.4700,50506.168
1769965200000,84.4600,84.7000,84.4400,84.6300,54703.727
1769966100000,84.6200,84.8200,84.6000,84.8100,49105.130
1769967000000,84.8100,84.8400,84.7400,84.8300,36900.502
1769967900000,84.8300,84.8400,84.6600,84.7900,33119.316
1769968800000,84.7900,85.1300,84.7600,85.1300,57419.649
1769969700000,85.1200,85.1900,85.0000,85.1400,54078.852
1769970600000,85.1400,85.1900,85.0600,85.1900,19713.507
1769971500000,85.1800,85.1900,85.1200,85.1200,16176.514
1769972400000,85.1200,85.1800,85.0900,85.1300,19191.927
1769973300000,85.1300,85.1900,85.1100,85.1400,18805.288
1769974200000,85.1500,85.1700,85.0100,85.0100,19926.789
1769975100000,85.0200,85.0900,84.7300,84.9300,39550.657
1769976000000,84.9200,84.9300,84.2800,84.3500,73010.545
1769976900000,84.3500,84.7800,84.0000,84.2800,103669.808
1769977800000,84.2600,84.4700,83.5500,83.6500,136730.124
1769978700000,83.6600,83.9700,82.1800,82.3400,191495.121
1769979600000,82.3300,83.1000,82.1000,82.5200,167278.232
1769980500000,82.5200,83.0400,82.3500,82.4700,95105.830
1769981400000,82.4600,83.8000,82.3600,83.5900,109741.051
1769982300000,83.5900,83.6000,82.5700,82.9500,75032.104
1769983200000,82.9500,83.5800,82.8900,83.3400,67245.553
1769984100000,83.3400,83.7300,83.2200,83.3500,85465.415
1769985000000,83.3400,83.6900,83.2300,83.6100,43738.204
1769985900000,83.6100,84.8300,83.5600,83.8100,189769.161
1769986800000,83.8100,84.4300,78.7400,80.6200,1630074.010
1769987700000,80.6000,82.6000,78.2300,81.1400,1307090.644
1769988600000,81.1300,83.0000,79.9400,82.2400,811246.502
1769989500000,82.2400,82.9200,80.3100,82.3700,926730.223
1769990400000,82.3800,85.6400,81.8200,85.5700,943661.284
1769991300000,85.5700,88.2700,85.3700,86.7300,1273918.967
1769992200000,86.7400,88.0200,85.5400,86.5200,861030.262
1769993100000,86.6200,86.9100,84.1100,86.0400,859183.508
1769994000000,86.0400,86.1800,80.3700,81.7700,1717102.015
1769994900000,81.7700,83.8900,81.7500,83.2800,1084222.605
1769995800000,83.2800,85.6000,82.2900,84.2100,974179.362
1769996700000,84.2200,85.3200,83.3300,85.0000,634493.144
1769997600000,85.0000,85.2600,82.0900,83.6300,836985.574
1769998500000,83.6400,84.0100,82.0100,82.5100,546184.413
1769999400000,82.5200,83.7700,82.3100,83.5300,412004.562
1770000300000,83.5300,83.5300,80.6100,81.2200,759692.296
1770001200000,81.1400,82.1600,80.2900,80.3800,532087.503
1770002100000,80.3600,82.0000,79.8000,80.6600,722790.792
1770003000000,80.6700,80.9500,78.2100,79.1800,896788.265
1770003900000,79.1500,80.1300,77.3300,77.5200,866666.263
1770004800000,77.5300,78.7100,76.1600,78.5600,987478.018
1770005700000,78.5600,80.3800,78.4300,79.5500,826686.094
1770006600000,79.5500,80.6100,79.0200,79.9500,546765.518
1770007500000,79.9600,80.7100,79.1300,79.3600,485199.071
1770008400000,79.3600,79.8900,77.0700,77.7000,766968.762
1770009300000,77.7100,78.3200,76.8600,77.0600,811715.841
1770010200000,77.0600,77.4700,75.7400,75.8900,927894.185
1770011100000,75.8900,77.0900,73.3300,76.7400,1563241.290
1770012000000,76.7300,77.6400,75.7000,76.4800,1011145.602
1770012900000,76.4900,76.8000,73.3600,75.3900,1615764.882
1770013800000,75.4000,76.1100,72.6100,73.9700,1901583.691
1770014700000,73.9700,75.4400,72.8900,75.2900,1310873.945
1770015600000,75.2800,76.4400,74.8000,74.9600,915619.804
1770016500000,74.9700,75.6900,73.1100,75.2500,885029.922
1770017400000,75.2400,77.1500,74.3600,76.8200,843131.954
1770018300000,76.8200,78.0000,76.3400,76.5000,1020126.939
1770019200000,76.5000,78.7900,75.6000,78.3000,899327.537
1770020100000,78.3000,79.4700,77.7400,79.2100,712610.119
1770021000000,79.2100,79.5900,77.9900,79.3400,706102.441
1770021900000,79.3300,79.9500,78.3800,78.9500,616614.775
1770022800000,78.9400,79.1800,77.2400,78.0600,628622.754
1770023700000,78.0400,79.6300,77.3200,79.3100,515658.865
1770024600000,79.3000,82.2100,79.2800,81.4400,1003108.461
1770025500000,81.4400,82.6600,81.3400,82.1200,869524.299
1770026400000,82.1100,82.8600,81.7100,82.3800,428326.283
1770027300000,82.3700,82.4300,80.3000,81.1700,531284.035
1770028200000,81.1800,81.4600,80.2900,80.8000,424445.276
1770029100000,80.8000,82.2800,80.3600,81.8800,354486.884
1770030000000,81.8900,83.4300,81.8600,83.2900,362774.869
1770030900000,83.2800,83.7900,82.6100,83.5300,475154.044
1770031800000,83.5500,84.2700,83.1400,83.5800,532752.670
1770032700000,83.5800,84.0500,82.8200,82.9400,387443.039
1770033600000,82.9400,83.7800,81.9000,83.1900,730398.848
1770034500000,83.1900,84.4100,82.6200,83.8900,431201.601
1770035400000,83.8900,84.3000,83.2500,83.9600,289768.893
1770036300000,83.9700,84.5400,83.0300,83.9300,561268.868
1770037200000,83.9300,84.0300,80.9700,82.4300,1253396.447
1770038100000,82.4300,82.8800,80.1000,81.2700,1118038.240
1770039000000,81.2800,81.3800,80.2600,81.2200,611328.294
1770039900000,81.2300,82.1000,81.0800,81.7600,473385.323
1770040800000,81.7700,82.4900,81.5200,81.9100,400046.157
1770041700000,81.9100,82.1200,80.4400,81.6700,519297.943
1770042600000,81.6900,82.9000,80.9500,81.1800,793847.511
1770043500000,81.1900,81.3400,78.2000,78.9400,1278539.327
1770044400000,78.9400,80.0800,78.0000,79.0800,1109982.746
1770045300000,79.0800,79.9800,78.1300,78.3700,686014.499
1770046200000,78.3700,78.8400,77.1100,78.0300,764383.256
1770047100000,78.0200,78.1300,75.8700,76.0600,1007255.466
1770048000000,76.0600,78.9500,75.5800,78.7700,1094352.869
1770048900000,78.7500,79.6200,78.0100,78.8500,933245.193
1770049800000,78.8400,79.5400,77.7500,78.9500,824289.634
1770050700000,78.9700,79.0400,78.0300,78.5600,605661.484
1770051600000,78.5600,80.1500,78.3700,79.6800,725367.109
1770052500000,79.6900,79.9200,78.1300,78.4600,460704.150
1770053400000,78.4600,79.3500,78.0300,78.9600,347917.172
1770054300000,78.9500,79.6400,78.4900,79.3800,284806.631
1770055200000,79.3900,79.3900,77.0400,77.1200,519140.153
1770056100000,77.1200,77.4500,76.3500,77.2700,597217.454
1770057000000,77.2800,79.1700,77.2600,78.7800,439973.156
1770057900000,78.7800,79.7300,78.5200,79.1700,439730.217
1770058800000,79.1700,79.6600,78.6200,78.9300,264986.992
1770059700000,78.9300,79.4200,78.7300,79.1500,186395.573
1770060600000,79.1500,80.9000,78.7500,80.7700,312932.281
1770061500000,80.7800,81.7000,80.6100,81.2400,499478.185
1770062400000,81.2500,81.4900,80.3600,81.0300,400932.659
1770063300000,81.0200,81.0400,80.1300,80.8500,308743.900
1770064200000,80.8600,81.1100,80.1700,80.7000,224080.310
1770065100000,80.7100,80.7500,79.9200,80.0900,287658.498
1770066000000,80.0800,80.7200,79.7500,80.6600,171426.463
1770066900000,80.6500,80.9100,79.7300,79.9800,132010.867
1770067800000,79.9800,80.1000,79.6600,79.7500,115585.742
1770068700000,79.7500,79.8900,79.2200,79.3800,161193.286
1770069600000,79.4000,79.7200,79.3800,79.7000,29401.361
1770070500000,79.6900,79.7300,79.3200,79.5000,23103.659
1770071400000,79.5100,79.6700,79.3800,79.4300,20403.229
1770072300000,79.4300,79.6300,79.3400,79.4100,24927.409
1770073200000,79.4100,81.3500,79.4100,81.1000,459689.185
1770074100000,81.1000,82.2200,81.0700,81.7700,322550.964
1770075000000,81.7800,81.9500,81.1700,81.3400,196222.153
1770075900000,81.3300,82.8300,81.2800,82.8100,293031.568
1770076800000,82.8000,83.3500,82.3600,82.7000,408989.056
1770077700000,82.7100,84.1500,82.7100,83.9400,596893.072
1770078600000,83.9400,84.0300,83.2800,83.4800,459653.018
1770079500000,83.4800,83.5300,81.9000,81.9600,483516.236
1770080400000,81.9700,83.8800,81.8700,83.8700,478986.220
1770081300000,83.8700,85.3800,83.4400,85.3500,613075.019
1770082200000,85.3600,85.8800,84.4500,85.1500,675267.278
1770083100000,85.1500,85.2000,83.8000,84.6600,378394.072
1770084000000,84.6500,84.6900,83.0300,83.4800,479807.554
1770084900000,83.4800,84.0600,83.0200,83.2100,394589.786
1770085800000,83.2000,83.2500,81.4900,81.4900,593053.158
1770086700000,81.4800,82.1700,81.2900,81.9700,418743.937
1770087600000,81.9700,82.8200,81.5000,81.8900,422814.821
1770088500000,81.8800,82.2100,81.4900,82.0300,329638.768
1770089400000,82.0400,83.5100,82.0200,83.2200,515780.748
1770090300000,83.2100,83.5200,82.6300,83.4600,319324.706
1770091200000,83.4500,83.9600,83.4100,83.5700,269177.954
1770092100000,83.5700,83.6400,82.6800,83.1000,216845.790
1770093000000,83.1000,84.0000,83.1000,83.6600,160438.737
1770093900000,83.6500,83.9900,83.3700,83.4900,117482.182
1770094800000,83.4800,83.9300,83.2500,83.4100,172024.297
1770095700000,83.4000,83.8000,83.3500,83.4200,126094.677
1770096600000,83.4100,83.7200,82.9200,83.1000,257807.345
1770097500000,83.1100,83.5000,82.9900,83.2700,146683.851
1770098400000,83.2800,84.5800,83.1000,84.4400,235231.461
1770099300000,84.4400,85.1800,84.0100,84.9400,479272.288
1770100200000,84.9400,85.5600,84.5800,85.2200,692571.302
1770101100000,85.2100,85.2800,84.0800,84.9400,628670.840
1770102000000,84.9300,86.4300,84.3900,86.4100,532208.816
1770102900000,86.4100,86.4500,85.8400,86.1700,436802.766
1770103800000,86.1700,86.9800,85.9000,86.6800,564213.793
1770104700000,86.6700,86.9500,86.2500,86.7000,363788.918
1770105600000,86.6900,87.1800,86.2900,87.1500,483549.850
1770106500000,87.1400,87.6500,86.8600,87.2400,542198.268
1770107400000,87.2400,87.8700,87.0700,87.5300,332007.391
1770108300000,87.5200,87.9400,87.3300,87.3700,498641.547
1770109200000,87.3600,87.7500,86.5300,86.8700,517387.680
1770110100000,86.8700,87.1200,85.9200,86.1500,567851.094
1770111000000,86.1600,86.9000,85.8200,86.8400,346774.540
1770111900000,86.8400,87.1200,86.5900,86.7100,259749.683
1770112800000,86.7500,87.4400,86.2400,87.1000,284567.026
1770113700000,87.0900,87.1000,86.2800,86.4400,201123.085
1770114600000,86.4400,86.8800,86.4400,86.8600,191995.740
1770115500000,86.8500,87.1900,86.3200,86.4100,192152.766
1770116400000,86.4000,87.0700,86.1600,86.7000,401574.585
1770117300000,86.6900,86.8700,85.5100,85.8600,385265.061
1770118200000,85.8500,86.6100,85.7000,86.1200,335471.873
1770119100000,86.1200,86.5800,85.7600,86.4800,309002.293
1770120000000,86.4900,87.5800,86.2400,87.3800,529406.067
1770120900000,87.3800,87.4000,86.4400,86.7100,368777.616
1770121800000,86.7000,87.1500,86.6400,86.9500,196327.036
1770122700000,86.9500,87.3500,86.7400,87.2600,146731.488
1770123600000,87.2600,88.4000,87.1000,88.3700,936947.724
1770124500000,88.3900,88.9500,88.1000,88.7700,738260.728
1770125400000,88.7800,88.9800,88.3100,88.9800,622517.448
1770126300000,88.9800,89.2600,87.6100,88.2400,1001617.347
1770127200000,88.2500,88.3700,87.2100,87.6400,793065.486
1770128100000,87.6500,87.6500,86.5700,87.3700,1055225.443
1770129000000,87.3700,88.5500,86.5100,88.2200,990309.646
1770129900000,88.2300,88.9900,87.8900,88.1500,840276.571
1770130800000,88.1500,88.5000,87.1700,87.8800,884315.122
1770131700000,87.8900,88.3000,87.3600,88.1400,545988.989
1770132600000,88.1400,88.2900,87.6700,87.9900,497041.888
1770133500000,87.9900,88.7000,87.7500,88.4900,422030.036
1770134400000,88.4900,88.9000,87.8900,88.5200,389550.866
1770135300000,88.5200,89.2100,88.3300,88.5000,526480.039
1770136200000,88.5000,89.0300,88.2100,88.4000,447155.816
1770137100000,88.4100,88.4400,86.8300,87.0000,827352.443
1770138000000,86.9900,87.1000,84.6400,85.4400,1510670.673
1770138900000,85.4400,86.4800,85.2200,85.5300,995204.434
1770139800000,85.5200,86.2300,83.6700,83.9700,1115599.765
1770140700000,83.9700,84.8300,82.9500,83.8900,1127428.863
1770141600000,83.8800,85.2900,83.5200,84.6900,1086222.001
1770142500000,84.6800,85.1400,83.0800,83.4800,1000652.647
1770143400000,83.4700,84.2900,82.9600,83.6200,790452.373
1770144300000,83.6100,84.2400,82.8300,84.0700,716053.179
1770145200000,84.0800,84.4200,82.7200,84.2600,803329.389
1770146100000,84.2600,85.0900,83.8900,84.7100,623427.047
1770147000000,84.7000,85.3100,84.1800,84.9200,453535.205
1770147900000,84.9300,84.9800,83.4200,84.6100,556792.768
1770148800000,84.6100,84.6200,83.6000,84.2500,442637.964
1770149700000,84.2600,85.5100,83.9100,85.1700,509322.174
1770150600000,85.1900,85.6300,84.8800,85.2800,339533.728
1770151500000,85.2900,85.5000,84.5400,85.0200,201459.279
1770152400000,85.0100,85.8800,84.8100,85.5000,126823.289
1770153300000,85.4900,85.7600,85.0700,85.6900,94882.443
1770154200000,85.6900,85.8000,84.8700,85.1500,151917.555
1770155100000,85.1500,85.4800,85.0100,85.2000,73161.206
1770156000000,85.2100,85.5000,85.0800,85.2900,79672.421
1770156900000,85.2900,85.4700,85.1800,85.4000,49064.570
1770157800000,85.4000,85.7200,85.3000,85.6100,35638.594
1770158700000,85.6000,85.6800,85.2700,85.3500,48731.354
1770159600000,85.3600,85.7400,83.4000,84.2900,450005.574
1770160500000,84.2900,84.7600,83.5500,83.6800,220552.821
1770161400000,83.6700,84.7200,83.5900,84.5800,164344.607
1770162300000,84.5900,84.7900,84.3000,84.6000,148380.089
1770163200000,84.5900,85.3100,84.5800,85.2300,209118.794
1770164100000,85.2200,85.8700,85.0400,85.2400,313973.140
1770165000000,85.2400,85.4900,84.8700,85.3300,213285.006
1770165900000,85.3200,86.4400,85.0700,85.9400,435405.385
1770166800000,85.9500,87.4700,85.7100,87.3400,567357.721
1770167700000,87.3300,87.6900,86.9000,87.1400,322997.577
1770168600000,87.1300,87.4600,86.0100,86.6900,490942.304
1770169500000,86.6900,87.4300,86.6000,87.4100,245155.236
1770170400000,87.4100,88.2800,87.4100,87.9900,274240.494
1770171300000,88.0000,88.2500,87.7300,87.8600,260738.140
1770172200000,87.8500,87.9900,87.3300,87.9300,355864.811
1770173100000,87.9200,87.9900,86.9000,87.1000,285747.133
1770174000000,87.1000,87.5100,86.6600,87.1900,376002.432
1770174900000,87.1800,87.3500,86.5400,87.1900,251194.624
1770175800000,87.1800,87.9600,87.0400,87.4900,277642.992
1770176700000,87.4800,87.9700,87.4800,87.8000,127369.480
1770177600000,87.7900,88.0800,87.4700,87.9000,181758.853
1770178500000,87.9100,87.9700,87.5100,87.9000,158203.298
1770179400000,87.8900,88.1600,87.7600,88.1100,145199.352
1770180300000,88.1000,88.4300,88.0700,88.3300,183520.190
1770181200000,88.3300,88.3300,87.9300,88.1000,169305.198
1770182100000,88.0800,88.3100,88.0500,88.0900,99358.143
1770183000000,88.1100,88.1600,87.5700,87.7200,349361.439
1770183900000,87.7200,88.1700,87.7200,87.9900,162234.509
1770184800000,87.9900,88.1300,87.2000,87.3700,449926.055
1770185700000,87.3800,87.6500,86.9900,87.0300,425713.760
1770186600000,87.0300,88.1700,87.0000,88.1700,416938.843
1770187500000,88.1700,89.7200,88.0900,89.6500,874111.260
1770188400000,89.6500,89.9300,88.9800,89.1800,504904.637
1770189300000,89.1800,90.5700,89.0100,90.4000,617055.353
1770190200000,90.4000,90.8400,89.6800,90.1400,611766.778
1770191100000,90.1400,90.7400,90.0900,90.3900,344222.361
1770192000000,90.3800,90.5400,89.9200,90.0900,308882.966
1770192900000,90.0900,90.5100,90.0700,90.1600,227695.836
1770193800000,90.1600,90.2300,89.6900,90.1400,303059.940
1770194700000,90.1400,90.5400,89.9700,90.2900,195264.554
1770195600000,90.2800,90.3700,89.2500,89.5200,473113.205
1770196500000,89.5200,89.6400,88.9000,89.1700,345808.088
1770197400000,89.1800,89.2700,88.2400,88.9500,587759.268
1770198300000,88.9500,89.4700,88.4200,89.3500,341460.882
1770199200000,89.3500,89.7800,89.2700,89.6000,202037.987
1770200100000,89.6100,89.8600,89.2200,89.7800,299830.316
1770201000000,89.7800,90.2700,89.5400,90.1300,298219.087
1770201900000,90.1300,90.4200,89.9800,90.3100,184125.124
1770202800000,90.3100,90.4700,90.0700,90.1600,264631.606
1770203700000,90.1600,90.2100,89.1200,89.1400,467744.467
1770204600000,89.1400,89.6300,88.9500,89.1500,334909.323
1770205500000,89.1600,90.6100,89.0200,90.5500,316419.511
1770206400000,90.5500,90.8700,89.7500,90.0900,541172.534
1770207300000,90.0900,90.2800,89.7600,90.0400,192170.216
1770208200000,90.0500,90.4700,89.9200,90.1500,223837.641
1770209100000,90.1600,90.3200,89.6700,89.7800,217699.621
1770210000000,89.7900,90.7200,89.3800,90.0700,678169.306
1770210900000,90.0700,91.0600,89.8700,90.8000,632699.339
1770211800000,90.8000,91.2900,90.4200,90.6300,527901.927
1770212700000,90.6400,92.0000,90.5200,91.6500,670254.065
1770213600000,91.6600,92.3100,91.4000,91.7000,660279.441
1770214500000,91.7300,91.7500,91.0600,91.2100,556058.394
1770215400000,91.2100,91.4300,88.5300,89.6900,2194486.873
1770216300000,89.6900,90.5600,89.2100,89.8000,1350542.900
1770217200000,89.7900,90.5300,89.3800,90.3100,1002481.203
1770218100000,90.2900,90.3300,88.3400,88.7300,1099292.598
1770219000000,88.7300,88.9100,86.2600,87.7700,1834691.318
1770219900000,87.7700,87.9400,86.8800,86.9800,783635.601
1770220800000,86.9800,87.3800,85.7300,87.3100,1136348.055
1770221700000,87.3100,87.5000,85.7400,86.9100,897462.148
1770222600000,86.9200,87.0300,85.8000,86.0300,745840.993
1770223500000,86.0300,86.1600,84.0200,85.3500,1656255.024
1770224400000,85.3400,86.6300,84.9200,86.3200,914932.568
1770225300000,86.3300,86.6100,85.0300,85.6200,823667.258
1770226200000,85.6200,85.9700,84.8500,85.4800,745470.804
1770227100000,85.4700,85.5700,84.6100,84.9100,638695.747
1770228000000,84.9100,85.5900,83.6500,85.1300,1069480.503
1770228900000,85.1400,86.4600,84.4700,86.0900,1029729.944
1770229800000,86.0900,86.1800,85.2100,85.8200,602159.588
1770230700000,85.8100,86.2700,85.4700,85.9600,331653.643
1770231600000,85.9500,86.9200,85.6900,86.8700,641932.347
1770232500000,86.8700,86.9700,86.1600,86.5700,433776.950
1770233400000,86.5800,86.8700,86.1000,86.8600,384836.443
1770234300000,86.8700,87.3700,86.6100,87.0900,487037.905
1770235200000,87.0900,87.3700,86.7100,87.1100,309750.714
1770236100000,87.1200,87.1700,86.0000,86.1000,379413.600
1770237000000,86.1200,87.2200,85.5500,86.9600,380460.882
1770237900000,86.9600,87.6800,86.8800,87.4100,343524.071
1770238800000,87.4100,87.6200,87.1400,87.6200,73087.483
1770239700000,87.6100,87.9200,87.4900,87.8900,181105.449
1770240600000,87.9000,88.1900,87.4400,87.9900,217071.114
1770241500000,87.9900,88.1800,87.8800,88.0700,110018.104
1770242400000,88.0700,88.2000,87.9700,88.1100,51960.590
1770243300000,88.1100,88.1700,87.8800,88.0400,42339.159
1770244200000,88.0400,88.3000,87.8400,87.8700,42374.969
1770245100000,87.8800,88.1700,87.2700,88.0100,93904.753
1770246000000,88.0100,88.8600,87.9900,88.8500,381929.407
1770246900000,88.8500,89.3600,88.2400,89.2900,475117.411
1770247800000,89.2800,89.7700,89.0600,89.7700,253923.925
1770248700000,89.7700,90.0800,89.2600,89.4600,295606.280
1770249600000,89.4500,89.7700,88.6400,88.6700,290708.012
1770250500000,88.6800,89.8400,88.6500,89.6900,282295.432
1770251400000,89.6900,90.0500,89.4100,90.0300,143676.138
1770252300000,90.0400,90.3600,89.4600,89.5700,227873.813
1770253200000,89.5800,89.9400,87.9200,88.0000,754128.834
1770254100000,88.0100,88.4700,86.9000,87.4200,1210387.661
1770255000000,87.4300,88.2800,87.4200,87.7400,675524.394
1770255900000,87.7300,88.0100,86.5600,86.6000,750770.696
1770256800000,86.6100,86.7600,82.6100,83.2100,1955637.372
1770257700000,83.2100,83.9400,80.8500,83.8300,1758480.694
1770258600000,83.8300,84.2600,79.6000,79.7900,2015757.944
1770259500000,79.8600,80.5300,74.2900,74.8900,4069910.563
1770260400000,74.8900,77.7700,73.9100,76.4400,2564008.844
1770261300000,76.4200,77.8700,75.6000,76.4400,1493448.218
1770262200000,76.4300,77.3700,74.7300,76.9600,1615715.601
1770263100000,76.9600,77.6600,76.2500,77.2900,898994.432
1770264000000,77.2900,77.6600,76.0100,77.0200,728678.212
1770264900000,77.0200,78.0800,76.7900,77.4400,693234.427
1770265800000,77.4400,77.6700,76.5600,77.1100,623963.291
1770266700000,77.1200,77.6400,75.9700,76.2600,489453.374
1770267600000,76.2500,77.2600,76.0000,76.3300,678617.143
1770268500000,76.3300,76.6000,75.2500,76.3000,718157.371
1770269400000,76.3000,77.2100,74.1300,76.7400,1720305.699
1770270300000,76.7500,78.0500,76.5900,77.4400,1294718.066
1770271200000,77.4500,79.1300,76.6500,78.7700,1223411.685
1770272100000,78.7600,79.2100,78.0000,79.0600,870038.808
1770273000000,79.0600,79.2700,78.2200,78.9500,721699.490
1770273900000,78.9500,79.6800,77.2000,78.5400,1233446.594
1770274800000,78.5500,79.6700,78.1900,79.2300,772596.670
1770275700000,79.2500,80.2600,79.1000,80.1200,1006535.960
1770276600000,80.1200,80.4300,79.2300,79.7400,914530.315
1770277500000,79.7400,80.1800,79.1500,80.0400,525853.976
1770278400000,80.0300,80.6400,79.6900,80.5000,749576.839
1770279300000,80.5000,81.1000,80.3700,80.6500,607766.104
1770280200000,80.6200,80.9200,80.2800,80.5800,537972.358
1770281100000,80.5800,80.5800,79.0500,79.7700,730188.005
1770282000000,79.7700,80.0000,78.0400,78.1900,1435543.685
1770282900000,78.2000,79.2000,77.7200,78.6600,1012192.660
1770283800000,78.6500,79.5300,78.6000,79.4500,550835.740
1770284700000,79.4500,79.5400,78.2200,78.6300,699912.738
1770285600000,78.6200,78.9600,77.8700,78.6900,669060.841
1770286500000,78.6900,78.9200,77.9900,78.3500,384978.050
1770287400000,78.3600,78.7400,77.9100,78.5300,479447.288
1770288300000,78.5400,79.1100,78.1900,78.5000,382259.889
1770289200000,78.4900,79.5200,78.4600,79.3800,366652.986
1770290100000,79.3800,79.5300,78.8200,79.0700,284001.365
1770291000000,79.0700,79.1500,78.0800,78.1000,386865.948
1770291900000,78.0900,78.6200,78.0700,78.4100,419333.848
1770292800000,78.4100,78.8800,77.2300,77.5100,1035852.124
1770293700000,77.4200,77.6800,76.1200,77.0200,1153136.325
1770294600000,77.0100,77.5000,76.0700,76.1900,922100.307
1770295500000,76.1900,77.2200,75.5300,76.0400,1010048.687
1770296400000,76.0300,77.1800,74.8000,76.5800,2179730.606
1770297300000,76.5800,77.5700,76.3900,76.9800,1033528.543
1770298200000,76.9800,77.9000,76.1900,76.3100,992245.495
1770299100000,76.3100,76.8600,75.8300,76.1800,801391.104
1770300000000,76.1800,76.2000,74.9300,74.9400,986873.870
1770300900000,74.9400,75.4700,74.0500,75.3700,1179825.943
1770301800000,75.3800,77.0300,73.5000,76.8800,1959530.715
1770302700000,76.8700,77.5000,76.1600,76.4200,1345835.020
1770303600000,76.4100,77.2400,74.3100,74.3700,1661050.323
1770304500000,74.3700,75.1000,73.7000,73.9300,1082312.573
1770305400000,73.9400,74.7400,73.0900,73.2000,1385282.304
1770306300000,73.1900,74.2800,72.3700,74.1400,1499976.067
1770307200000,74.1300,75.0700,73.9400,74.4900,1148322.434
1770308100000,74.4900,76.4800,74.4000,76.0200,1214074.083
1770309000000,76.0500,77.2400,75.9000,77.0700,966861.347
1770309900000,77.0600,77.6400,76.2500,77.1300,928100.280
1770310800000,77.1300,77.1900,76.1600,76.7500,651839.054
1770311700000,76.7400,77.0200,76.1300,76.5400,520457.837
1770312600000,76.5400,77.0800,76.2100,76.6100,589982.715
1770313500000,76.6200,77.5400,76.4700,76.6400,505860.801
1770314400000,76.6300,76.8400,75.6700,75.8300,609947.726
1770315300000,75.8300,78.0600,75.2500,77.4800,1003669.172
1770316200000,77.4800,77.4800,76.5100,77.0200,490803.269
1770317100000,77.0100,77.1100,75.9000,76.1800,333580.910
1770318000000,76.1900,76.5700,75.7200,75.8200,436335.164
1770318900000,75.8200,76.2800,75.7600,75.8400,365264.737
1770319800000,75.8400,76.0300,74.3700,74.7400,505574.492
1770320700000,74.7500,74.9400,74.3500,74.7400,350493.377
1770321600000,74.7300,75.4500,74.1600,75.0400,425568.677
1770322500000,75.0400,75.1400,74.0400,74.5800,360804.523
1770323400000,74.5900,74.7500,73.8600,74.0500,257796.810
1770324300000,74.0500,74.2200,73.0000,73.9000,497546.373
1770325200000,73.9100,74.5900,73.6600,73.8800,302853.713
1770326100000,73.8900,74.0100,72.7700,73.2500,311241.036
1770327000000,73.2500,73.2900,71.1200,71.4500,651435.164
1770327900000,71.4500,72.3600,70.6800,71.1200,549360.767
1770328800000,71.1300,71.3200,70.7400,71.2400,168443.880
1770329700000,71.2300,71.4100,70.9200,71.3300,124800.671
1770330600000,71.3300,71.4500,70.3300,71.1200,165956.520
1770331500000,71.1200,71.9300,70.7200,71.3000,247392.312
1770332400000,71.3000,71.4100,70.1800,70.5400,889985.048
1770333300000,70.5400,70.6400,67.2600,67.9800,1564974.749
1770334200000,67.9800,68.6100,67.2300,67.6200,850172.211
1770335100000,67.6000,67.8600,66.8700,67.1700,757631.428
1770336000000,67.1700,67.3500,65.1200,65.2100,1356043.707
1770336900000,65.2100,68.3600,64.5200,68.3200,1639812.275
1770337800000,68.3100,70.1700,68.0300,69.6200,1319868.341
1770338700000,69.6200,70.3000,68.1900,70.2000,1090127.748
1770339600000,70.1800,71.3000,68.5300,70.5400,1319940.140
1770340500000,70.5100,70.8800,68.8000,69.5200,778593.016
1770341400000,69.5300,70.6100,69.4300,70.2700,447914.097
1770342300000,70.2700,71.4800,69.9300,71.0000,445498.850
1770343200000,70.9900,71.4300,70.2300,71.1400,528633.632
1770344100000,71.1400,72.2700,70.9100,72.2200,733004.635
1770345000000,72.2100,73.3000,71.8200,72.3000,1252511.400
1770345900000,72.3000,72.4600,71.3300,71.8000,653269.367
1770346800000,71.8100,72.6300,71.1100,71.5900,508499.910
1770347700000,71.6000,71.8900,70.6400,71.6900,528680.877
1770348600000,71.6800,72.2000,71.5600,71.7200,284980.133
1770349500000,71.7200,73.0600,71.7200,72.8900,430724.581
1770350400000,72.8800,73.1500,72.4700,72.6300,303134.700
1770351300000,72.6300,73.1700,72.1700,72.7700,240090.416
1770352200000,72.7700,73.2000,72.4000,72.5000,303909.099
1770353100000,72.5000,72.8600,72.3100,72.4700,258988.782
1770354000000,72.4600,73.2500,72.3600,73.1100,345183.610
1770354900000,73.0400,74.0400,72.9100,73.6500,481773.014
1770355800000,73.6400,74.2500,72.8200,74.0100,880364.293
1770356700000,74.0100,75.1100,73.4800,74.9900,837702.746
1770357600000,75.0000,75.3300,74.3400,74.4300,723725.560
1770358500000,74.4200,74.8400,73.4100,73.7100,664387.212
1770359400000,73.7100,74.1100,72.6300,73.3700,785079.791
1770360300000,73.3700,73.7400,72.0400,72.6100,805831.235
1770361200000,72.6100,72.9900,71.8800,72.2700,706316.492
1770362100000,72.2800,73.1900,72.2400,72.9100,578314.936
1770363000000,72.9000,73.1700,72.4600,72.9800,467322.341
1770363900000,72.9700,72.9800,72.2400,72.3000,461224.001
1770364800000,72.3000,73.1500,71.6500,72.9600,870510.387
1770365700000,72.9500,74.2700,72.8900,73.9000,665398.588
1770366600000,73.8900,74.4800,73.6300,73.7500,474717.264
1770367500000,73.7500,74.1000,73.6300,73.8200,278336.851
1770368400000,73.8100,74.3800,73.3000,73.7100,564060.721
1770369300000,73.7000,74.5700,73.6100,74.5000,429470.541
1770370200000,74.5200,74.7300,74.1300,74.1700,444785.826
1770371100000,74.1700,74.4900,73.9700,74.2000,251932.484
1770372000000,74.2000,74.6100,74.0700,74.3900,225975.231
1770372900000,74.3900,74.4700,73.5500,73.7800,331720.680
1770373800000,73.7700,74.2300,73.6900,74.1300,185192.134
1770374700000,74.1300,74.4700,74.0100,74.4000,185222.257
1770375600000,74.3900,74.7200,73.7900,74.6300,383616.602
1770376500000,74.6400,75.2700,74.4100,74.8300,327994.116
1770377400000,74.8400,75.0700,74.5000,74.7800,212294.036
1770378300000,74.7700,74.9200,74.5100,74.7400,266234.285
1770379200000,74.7600,75.2300,74.5800,74.6900,342879.254
1770380100000,74.7000,74.8200,73.9400,74.1300,368077.580
1770381000000,74.1400,74.7200,74.0600,74.6300,203830.511
1770381900000,74.6200,75.1300,74.6100,75.0600,328888.074
1770382800000,75.0800,76.2800,74.9400,75.6400,775441.417
1770383700000,75.6300,76.5100,74.9000,75.1800,661098.822
1770384600000,75.1700,76.3000,75.1600,75.9500,752158.709
1770385500000,75.9500,75.9800,75.4200,75.6700,356196.103
1770386400000,75.6600,76.0600,75.0100,75.5700,439979.386
1770387300000,75.5700,75.7600,74.2600,74.8400,451953.144
1770388200000,74.8500,76.5000,74.5200,76.0800,857566.063
1770389100000,76.0800,76.5200,75.7700,76.4000,500712.950
1770390000000,76.4100,77.0300,76.0600,76.4700,597506.133
1770390900000,76.4700,77.0400,76.2300,76.9700,403055.222
1770391800000,76.9700,77.2000,76.3800,76.6000,422743.237
1770392700000,76.6000,76.7100,75.5100,75.9700,479514.618
1770393600000,75.9600,76.5800,75.6300,76.1300,443581.587
1770394500000,76.1400,76.3000,75.1100,75.8600,415595.776
1770395400000,75.8700,76.4000,75.5300,76.3800,300096.145
1770396300000,76.3800,76.7800,76.2200,76.5800,264876.777
1770397200000,76.5900,77.0500,76.4400,76.7300,221158.663
1770398100000,76.7300,77.0100,76.5700,76.9400,121175.218
1770399000000,76.9400,77.4200,76.5800,76.9400,248878.281
1770399900000,76.9400,77.7400,76.9100,77.6100,291850.913
1770400800000,77.5900,78.2200,77.5900,77.9200,518733.770
1770401700000,77.9300,77.9700,76.9600,77.5900,288650.561
1770402600000,77.5900,77.9200,77.2100,77.6800,138904.434
1770403500000,77.6800,77.7600,77.1700,77.3100,172933.453
1770404400000,77.3100,77.5700,77.1800,77.3400,126095.321
1770405300000,77.3400,77.6900,77.3100,77.3100,139998.724
1770406200000,77.3000,77.4600,77.0900,77.2700,101900.718
1770407100000,77.2700,77.9200,77.2600,77.6600,161364.819
1770408000000,77.6500,77.7800,77.3600,77.4600,179728.219
1770408900000,77.4600,77.6600,77.2200,77.5400,150538.446
1770409800000,77.5300,77.5300,76.7100,77.2400,409116.121
1770410700000,77.2400,77.6300,77.1100,77.4800,232014.032
1770411600000,77.4900,77.5100,77.0400,77.1200,75567.064
1770412500000,77.1100,77.5500,77.0100,77.4800,83479.316
1770413400000,77.4800,77.7300,77.4800,77.6700,111340.227
1770414300000,77.6500,78.0800,77.6100,77.7000,162690.441
1770415200000,77.7000,77.9800,77.6400,77.7000,91207.375
1770416100000,77.7100,77.9300,77.6200,77.9200,44878.325
1770417000000,77.9200,78.2500,77.9000,78.0900,104217.461
1770417900000,78.0900,78.1100,77.9700,77.9700,22421.118
1770418800000,77.9700,78.0900,77.8100,77.8100,54217.315
1770419700000,77.8200,77.8200,77.7200,77.7800,51360.396
1770420600000,77.7800,77.7900,77.7100,77.7200,15257.201
1770421500000,77.7100,77.8000,77.6900,77.7000,67072.854
1770422400000,77.7000,77.7500,77.6200,77.7400,48679.646
1770423300000,77.7400,77.8800,77.6300,77.6400,36756.713
1770424200000,77.6400,77.7700,77.6300,77.7200,29282.745
1770425100000,77.7100,77.7800,77.6500,77.6600,19808.406
1770426000000,77.6600,77.7500,77.6200,77.6700,40255.498
1770426900000,77.6700,77.7300,77.6600,77.7100,15187.572
1770427800000,77.7100,77.7400,77.6500,77.7100,18944.056
1770428700000,77.7000,77.8500,77.6900,77.7800,38163.314
1770429600000,77.7700,77.9400,77.7500,77.8800,29834.948
1770430500000,77.8700,77.8800,77.7500,77.8400,20772.924
1770431400000,77.8500,77.8500,77.7200,77.8000,21380.811
1770432300000,77.8100,77.8100,77.7200,77.7800,15058.928
1770433200000,77.7900,77.8300,77.7700,77.8100,13081.272
1770434100000,77.8100,77.8400,77.7900,77.8300,16004.838
1770435000000,77.8300,77.8300,77.7700,77.8100,36258.895
1770435900000,77.8200,77.8400,77.7700,77.8000,24372.770
1770436800000,77.8000,77.8400,77.7600,77.8300,20041.427
1770437700000,77.8200,77.8400,77.7800,77.8200,26639.351
1770438600000,77.8200,77.8200,77.7300,77.7500,29684.628
1770439500000,77.7500,77.8300,77.7500,77.8300,14922.810
1770440400000,77.8200,77.8300,77.7800,77.8000,9917.094
1770441300000,77.8000,77.8600,77.7700,77.8300,16171.804
1770442200000,77.8300,77.8900,77.7800,77.8400,34523.548
1770443100000,77.8300,77.9300,77.8000,77.9000,23813.597
1770444000000,77.9000,77.9000,77.8100,77.9000,20171.400
1770444900000,77.8900,77.9300,77.8700,77.8900,18128.932
1770445800000,77.9000,77.9300,77.8700,77.8800,13760.711
1770446700000,77.8700,77.9600,77.8600,77.8800,33079.027
1770447600000,77.8800,77.9200,77.7900,77.8000,54121.393
1770448500000,77.8100,77.9100,77.7700,77.8900,67409.493
1770449400000,77.8900,77.9800,77.8300,77.9600,37448.507
1770450300000,77.9600,78.0000,77.8700,77.9700,25191.765
1770451200000,77.9800,77.9800,77.7800,77.8000,46954.152
1770452100000,77.8000,77.8200,77.7700,77.8000,43363.344
1770453000000,77.7900,77.8100,77.7800,77.7900,14817.342
1770453900000,77.8000,77.8000,77.7800,77.7900,12129.476
1770454800000,77.7800,77.8200,77.6800,77.7700,82771.643
1770455700000,77.7700,77.8500,77.7500,77.8200,24089.885
1770456600000,77.8200,77.8300,77.7400,77.7900,26220.211
1770457500000,77.7900,77.8600,77.7500,77.8400,38618.006
1770458400000,77.8400,77.8700,77.8100,77.8500,21364.910
1770459300000,77.8500,77.8700,77.8100,77.8500,16539.510
1770460200000,77.8600,77.8800,77.7900,77.8200,16442.232
1770461100000,77.8200,77.8500,77.8000,77.8300,20098.782
1770462000000,77.8300,77.9500,77.8100,77.9200,72848.384
1770462900000,77.9100,77.9900,77.8700,77.9300,33231.031
1770463800000,77.9300,77.9800,77.8700,77.8700,22721.699
1770464700000,77.8700,77.9000,77.7700,77.7800,57677.926
1770465600000,77.7800,77.8100,77.7300,77.8000,51966.150
1770466500000,77.8000,77.9700,77.7800,77.9000,67308.871
1770467400000,77.9000,77.9200,77.8100,77.8600,25003.595
1770468300000,77.8600,77.9100,77.8200,77.8700,21747.380
1770469200000,77.8700,77.9000,77.8200,77.8300,14991.181
1770470100000,77.8200,77.8800,77.8200,77.8600,12867.086
1770471000000,77.8600,77.9100,77.8400,77.8700,23346.940
1770471900000,77.8700,77.9400,77.8700,77.9400,14641.572
1770472800000,77.9300,77.9900,77.9200,77.9300,26585.770
1770473700000,77.9300,77.9600,77.9300,77.9600,8714.896
1770474600000,77.9600,77.9700,77.8900,77.9600,19279.153
1770475500000,77.9600,77.9600,77.8600,77.8700,25728.595
1770476400000,77.8600,77.9500,77.8600,77.9300,23873.060
1770477300000,77.9200,77.9400,77.8700,77.9000,16951.165
1770478200000,77.9000,77.9500,77.8900,77.9400,19529.936
1770479100000,77.9400,77.9400,77.9000,77.9300,14179.478
1770480000000,77.9400,77.9500,77.8800,77.9100,45456.794
1770480900000,77.9200,77.9400,77.8300,77.8700,29911.681
1770481800000,77.8700,77.9100,77.8600,77.9100,7010.179
1770482700000,77.9100,77.9200,77.8600,77.8700,19008.494
1770483600000,77.8600,77.9200,77.8500,77.8600,11389.503
1770484500000,77.8500,77.9100,77.8500,77.9100,11545.830
1770485400000,77.9000,77.9300,77.8900,77.9000,25776.997
1770486300000,77.9100,77.9200,77.8700,77.9000,13148.410
1770487200000,77.9100,77.9400,77.9000,77.9300,8508.627
1770488100000,77.9400,77.9700,77.9300,77.9600,13059.763
1770489000000,77.9700,77.9700,77.9500,77.9700,8826.458
1770489900000,77.9700,77.9800,77.9400,77.9600,13894.827
1770490800000,77.9600,77.9800,77.9500,77.9500,8112.973
1770491700000,77.9600,77.9800,77.9400,77.9500,15258.479
1770492600000,77.9400,77.9500,77.9200,77.9300,8383.947
1770493500000,77.9400,77.9500,77.8900,77.9500,13864.161
1770494400000,77.9500,77.9500,77.9300,77.9300,9540.652
1770495300000,77.9300,77.9500,77.9300,77.9400,1749.221
1770496200000,77.9400,77.9400,77.8900,77.9000,8015.060
1770497100000,77.9000,77.9300,77.8800,77.9000,7647.302
1770498000000,77.9000,77.9300,77.8900,77.9300,9701.711
1770498900000,77.9200,77.9300,77.9200,77.9200,5646.899
1770499800000,77.9200,77.9300,77.9100,77.9300,6906.448
1770500700000,77.9300,77.9500,77.9200,77.9500,6941.532
1770501600000,77.9500,77.9500,77.9200,77.9500,11061.466
1770502500000,77.9500,77.9600,77.9400,77.9500,9718.966
1770503400000,77.9500,77.9700,77.9300,77.9600,25062.775
1770504300000,77.9600,77.9700,77.9300,77.9700,12053.205
1770505200000,77.9700,77.9800,77.8700,77.9500,36425.893
1770506100000,77.9400,77.9600,77.8900,77.9500,15235.427
1770507000000,77.9600,77.9800,77.9400,77.9800,13145.495
1770507900000,77.9800,78.0700,77.9500,77.9500,21989.504
1770508800000,77.9400,78.0500,77.9300,78.0400,34055.120
1770509700000,78.0400,78.0500,77.9400,77.9600,12991.892
1770510600000,77.9600,78.0000,77.9200,77.9500,12571.783
1770511500000,77.9400,78.0100,77.9300,77.9800,14706.112
1770512400000,77.9700,78.0100,77.9500,77.9800,10740.514
1770513300000,77.9900,77.9900,77.9100,77.9400,9459.414
1770514200000,77.9300,78.0000,77.9200,77.9900,12873.438
1770515100000,77.9900,78.0000,77.9600,78.0000,12004.891
1770516000000,78.0000,78.0300,77.9600,78.0100,18740.743
1770516900000,78.0100,78.0500,78.0000,78.0200,14137.695
1770517800000,78.0200,78.0400,77.9900,78.0000,12558.241
1770518700000,77.9900,78.0200,77.9800,78.0200,8892.125
1770519600000,78.0100,78.0200,77.9800,78.0100,7287.880
1770520500000,78.0000,78.0300,77.9900,78.0300,7959.173
1770521400000,78.0300,78.0400,77.9900,78.0000,11778.080
1770522300000,77.9900,78.0000,77.9500,77.9500,14812.189
1770523200000,77.9600,78.0300,77.9500,77.9800,14354.456
1770524100000,77.9800,78.0000,77.9400,77.9800,13928.252
1770525000000,77.9800,77.9900,77.9800,77.9900,2800.531
1770525900000,77.9900,77.9900,77.9600,77.9900,7504.252
1770526800000,77.9800,77.9900,77.9700,77.9900,4153.694
1770527700000,77.9800,78.0100,77.9700,78.0100,13722.743
1770528600000,78.0000,78.0300,78.0000,78.0300,17811.331
1770529500000,78.0200,78.0500,78.0000,78.0400,17055.520
1770530400000,78.0500,78.0500,78.0200,78.0500,16767.905
1770531300000,78.0400,78.0600,78.0300,78.0600,13988.813
1770532200000,78.0600,78.1000,78.0300,78.1000,44502.058
1770533100000,78.1000,78.2200,78.0700,78.0900,66615.696
1770534000000,78.0800,78.1200,78.0500,78.1200,24167.853
1770534900000,78.1200,78.1400,78.0500,78.0700,21721.224
1770535800000,78.0600,78.0700,78.0300,78.0500,17394.964
1770536700000,78.0400,78.1000,78.0200,78.0500,13879.370
1770537600000,78.0500,78.1000,78.0500,78.0700,19359.410
1770538500000,78.0700,78.0900,78.0500,78.0700,15019.379
1770539400000,78.0700,78.0800,78.0400,78.0500,14019.200
1770540300000,78.0500,78.0800,78.0400,78.0700,8254.294
1770541200000,78.0600,78.0600,78.0400,78.0500,6228.346
1770542100000,78.0500,78.1200,78.0200,78.0400,14012.907
1770543000000,78.0400,78.1100,78.0400,78.0900,18035.531
1770543900000,78.1000,78.1000,78.0300,78.0800,12658.984
1770544800000,78.0800,78.1000,78.0700,78.0800,7513.664
1770545700000,78.0800,78.1100,78.0500,78.0800,15051.777
1770546600000,78.0900,78.0900,78.0500,78.0600,12885.182
1770547500000,78.0500,78.0600,77.9800,78.0200,13555.464
1770548400000,78.0200,78.0700,78.0000,78.0700,7911.871
1770549300000,78.0700,78.0800,78.0100,78.0500,17861.680
1770550200000,78.0500,78.0800,78.0300,78.0500,18024.392
1770551100000,78.0600,78.0800,78.0200,78.0200,20787.088
1770552000000,78.0300,78.1700,78.0300,78.1300,25611.011
1770552900000,78.1400,78.1700,78.1200,78.1400,7393.562
1770553800000,78.1400,78.1900,78.0900,78.1900,10972.287
1770554700000,78.1900,78.1900,78.1200,78.1400,9240.335
1770555600000,78.1400,78.1700,78.0900,78.1300,12691.050
1770556500000,78.1300,78.1500,78.1000,78.1500,6329.015
1770557400000,78.1500,78.1500,78.1000,78.1300,8525.793
1770558300000,78.1300,78.1500,78.1100,78.1300,6197.480
1770559200000,78.1300,78.1400,78.0500,78.1300,24694.989
1770560100000,78.1300,78.1400,78.0900,78.1000,12364.087
1770561000000,78.1000,78.1200,78.0800,78.1100,20401.586
1770561900000,78.1000,78.1300,78.0800,78.1300,17217.256
1770562800000,78.1200,78.3000,78.1200,78.1800,41760.967
1770563700000,78.1800,78.2000,78.1200,78.1200,21355.043
1770564600000,78.1300,78.1900,78.0700,78.1100,32925.810
1770565500000,78.1100,78.1200,78.0100,78.0300,45645.743
1770566400000,78.0300,78.1600,78.0300,78.0900,79695.708
1770567300000,78.0900,78.1300,78.0800,78.1000,16268.424
1770568200000,78.1000,78.1300,78.0700,78.1100,13663.426
1770569100000,78.1200,78.1300,78.0600,78.0800,16142.551
1770570000000,78.0700,78.0800,78.0400,78.0500,17094.799
1770570900000,78.0400,78.1100,78.0400,78.0500,16984.758
1770571800000,78.0500,78.0600,78.0200,78.0400,17397.477
1770572700000,78.0300,78.0400,77.9800,77.9900,29979.922
1770573600000,77.9900,77.9900,77.9500,77.9600,18028.339
1770574500000,77.9600,77.9600,77.9300,77.9500,19310.167
1770575400000,77.9500,77.9500,77.9200,77.9400,18459.108
1770576300000,77.9400,78.1000,77.9200,78.0600,46987.234
1770577200000,78.0600,78.1000,78.0400,78.0400,5168.510
1770578100000,78.0400,78.1100,78.0300,78.0700,8059.182
1770579000000,78.0800,78.1000,78.0100,78.0900,6253.347
1770579900000,78.0900,78.1000,78.0100,78.0400,13968.829
1770580800000,78.0400,78.2900,78.0400,78.2000,68633.353
1770581700000,78.2100,78.2700,78.1600,78.2400,27394.043
1770582600000,78.2500,78.2600,78.1700,78.2000,8411.373
1770583500000,78.1900,78.2500,78.1700,78.2000,21083.521
1770584400000,78.2000,78.2000,78.1500,78.1700,5486.264
1770585300000,78.1600,78.1700,78.1300,78.1400,8958.202
1770586200000,78.1400,78.1500,78.0900,78.0900,10216.599
1770587100000,78.0900,78.1900,78.0800,78.1900,24747.368
1770588000000,78.1900,78.3300,78.1600,78.3000,29756.288
1770588900000,78.2900,78.7900,78.2000,78.7300,69614.085
1770589800000,78.7200,78.7200,78.4400,78.6700,45438.490
1770590700000,78.6800,79.9500,78.6700,79.6600,215420.866
1770591600000,79.6600,79.7300,78.0900,78.8600,631507.974
1770592500000,78.8900,79.8600,78.8600,79.8400,424537.338
1770593400000,79.8300,79.9600,79.1900,79.9400,380631.214
1770594300000,79.9400,80.2700,79.4400,79.7100,464430.518
1770595200000,79.7100,79.9800,79.1000,79.1700,350166.419
1770596100000,79.1700,79.6700,78.9900,79.3500,270050.776
1770597000000,79.3500,80.0900,79.2700,79.9500,317312.418
1770597900000,79.9500,79.9700,79.4100,79.5400,150805.208
1770598800000,79.5400,80.5100,79.4000,80.4700,643126.696
1770599700000,80.4600,81.5800,80.3400,81.0400,617457.688
1770600600000,81.0400,81.4600,80.1200,80.9600,543380.176
1770601500000,80.9600,81.2900,80.2300,80.2800,393372.933
1770602400000,80.2700,80.6800,79.7000,80.5200,406597.102
1770603300000,80.5200,81.0000,80.2600,80.9300,258125.986
1770604200000,80.9300,81.2800,80.6600,81.0100,360150.425
1770605100000,81.0200,81.2800,80.4700,80.9900,251672.320
1770606000000,80.9800,81.3700,80.8700,81.3600,195980.039
1770606900000,81.3700,81.3800,80.9000,81.2500,142138.959
1770607800000,81.2600,81.6200,81.1600,81.2500,250737.983
1770608700000,81.2500,81.3600,80.9000,81.0700,196955.829
1770609600000,81.0700,81.5100,80.9200,81.3800,177218.145
1770610500000,81.3800,81.5900,81.1600,81.3300,134336.335
1770611400000,81.3300,82.0800,81.2700,81.8800,218207.703
1770612300000,81.8900,82.1000,81.5500,81.7300,191897.400
1770613200000,81.7300,81.9100,81.6000,81.8300,99170.270
1770614100000,81.8300,82.0200,81.8200,81.9100,76129.153
1770615000000,81.9100,82.1300,81.5300,81.9400,243594.565
1770615900000,81.9400,82.2200,81.6600,82.1300,153799.495
1770616800000,82.1200,82.4300,82.0000,82.0700,262794.926
1770617700000,82.0600,82.1500,81.3400,81.7400,518395.104
1770618600000,81.7300,81.9900,81.1800,81.8900,315407.642
1770619500000,81.8900,82.1500,81.6600,82.0900,234282.862
1770620400000,82.1000,82.1200,81.5800,81.7500,204597.464
1770621300000,81.7600,81.7900,81.0000,81.3400,352961.753
1770622200000,81.3500,81.4600,80.7300,81.0700,315650.488
1770623100000,81.0700,81.1100,80.5200,81.0600,227797.930
1770624000000,81.0600,81.7500,80.9800,81.5700,297876.999
1770624900000,81.5800,82.1900,81.5000,81.8200,292386.902
1770625800000,81.8200,82.1000,81.7500,81.9800,229522.079
1770626700000,81.9900,82.1000,81.7700,81.8800,104773.591
1770627600000,81.8900,82.2000,81.5100,81.7800,420038.652
1770628500000,81.7700,82.0700,81.6800,81.8700,145259.818
1770629400000,81.8600,81.9500,81.3700,81.4700,204271.530
1770630300000,81.4800,81.5500,81.0100,81.0700,175109.279
1770631200000,81.0800,81.3900,80.6700,81.0800,247856.661
1770632100000,81.0700,81.1900,79.5800,79.8200,697462.841
1770633000000,79.8300,79.9600,78.7000,78.9200,552020.120
1770633900000,78.9200,79.5100,78.8100,79.1300,346293.918
1770634800000,79.1400,79.6800,78.9800,79.1600,287493.489
1770635700000,79.2000,79.7700,79.1800,79.7200,142245.020
1770636600000,79.7200,79.9400,79.4300,79.9000,196520.264
1770637500000,79.9200,80.3500,79.7100,80.2900,233206.596
1770638400000,80.3000,80.7600,80.1500,80.5300,287418.903
1770639300000,80.5300,80.6400,80.0100,80.1000,168911.607
1770640200000,80.1100,80.5100,79.8500,80.2600,169918.147
1770641100000,80.2600,80.4500,80.0200,80.2800,157979.467
1770642000000,80.2800,80.7400,79.7800,80.4700,332282.265
1770642900000,80.4700,80.5700,79.6300,79.6600,234778.045
1770643800000,79.6700,80.0800,79.0800,79.2600,227170.660
1770644700000,79.2600,79.9700,79.1100,79.7100,194606.093
1770645600000,79.7000,79.9500,79.3500,79.6800,168191.758
1770646500000,79.6800,80.4200,79.6800,80.3700,134675.742
1770647400000,80.3600,81.6400,80.0400,81.5400,544886.467
1770648300000,81.5300,81.8600,81.2200,81.5700,437629.911
1770649200000,81.5600,81.7100,81.2500,81.3600,287291.120
1770650100000,81.3800,81.9000,81.1700,81.6900,255690.650
1770651000000,81.7000,82.4500,81.6900,82.3900,345912.304
1770651900000,82.3900,82.6700,82.1800,82.6400,224893.859
1770652800000,82.6400,82.8300,82.4600,82.5900,281277.967
1770653700000,82.6000,83.1900,82.5900,82.9600,308347.925
1770654600000,82.9700,83.5100,82.8000,83.4200,240595.279
1770655500000,83.4200,83.6000,83.2500,83.5000,228284.605
1770656400000,83.5100,83.5900,82.8200,83.0800,310860.747
1770657300000,83.0900,83.4000,83.0900,83.2300,142680.196
1770658200000,83.2300,83.6600,83.0500,83.1700,229974.436
1770659100000,83.1900,83.3500,82.4800,82.6800,274163.820
1770660000000,82.6900,82.9700,82.4700,82.7700,203844.988
1770660900000,82.7600,82.8800,82.0500,82.6200,250041.646
1770661800000,82.6200,82.9400,82.4600,82.6800,96451.175
1770662700000,82.6700,83.1900,82.5200,83.1700,123333.269
1770663600000,83.1600,83.1800,82.8600,83.0600,58175.123
1770664500000,83.0600,83.3600,82.9900,83.3200,53760.894
1770665400000,83.3200,83.6000,83.3200,83.5200,88934.723
1770666300000,83.5300,83.6000,83.2800,83.4100,48414.242
1770667200000,83.4200,83.8200,83.3600,83.7500,74878.737
1770668100000,83.7400,83.8800,83.6000,83.7000,53908.642
1770669000000,83.6900,83.9900,83.5800,83.8700,117448.578
1770669900000,83.8800,83.9900,83.5600,83.8500,100602.004
1770670800000,83.8500,83.8900,83.3700,83.4000,76670.498
1770671700000,83.4000,83.5600,83.0400,83.1400,63857.644
1770672600000,83.1400,83.3500,83.0000,83.3400,67425.007
1770673500000,83.3400,83.5800,83.3100,83.4500,97576.541
1770674400000,83.4500,83.6600,83.3800,83.4500,44324.206
1770675300000,83.4500,83.6300,83.4200,83.5400,17359.119
1770676200000,83.5400,83.6100,83.5100,83.5800,15436.044
1770677100000,83.5800,83.8800,83.4500,83.6900,32271.607
1770678000000,83.6900,84.1200,81.3000,81.6200,678571.786
1770678900000,81.6200,82.0500,80.9300,81.8500,443929.059
1770679800000,81.8600,82.4200,81.5800,82.3700,258474.294
1770680700000,82.3700,82.4300,81.7400,81.7900,146985.012
1770681600000,81.7800,82.7500,81.7500,82.0900,357125.101
1770682500000,82.0900,82.4400,81.8800,82.1000,140288.003
1770683400000,82.1000,82.2900,81.5200,81.8200,279926.011
1770684300000,81.8100,81.9100,81.2300,81.5900,303998.430
1770685200000,81.5900,81.9500,80.8000,81.4800,327544.281
1770686100000,81.4900,81.7700,80.9500,81.2000,329704.397
1770687000000,81.1900,81.7900,81.0200,81.6200,230343.350
1770687900000,81.6200,82.2000,81.5900,82.1300,215563.868
1770688800000,82.1300,82.4300,81.9500,82.3600,198055.258
1770689700000,82.3700,82.9400,82.2500,82.7900,247484.204
1770690600000,82.8000,82.8600,82.2400,82.5800,198384.443
1770691500000,82.5800,82.6500,82.0100,82.1400,196413.828
1770692400000,82.1400,82.2500,81.5600,81.6700,273396.775
1770693300000,81.6600,81.6700,81.2300,81.4800,251273.862
1770694200000,81.4900,81.8300,81.2100,81.3500,210914.289
1770695100000,81.3600,81.6100,80.9600,81.4800,181398.722
1770696000000,81.4800,81.6300,81.0900,81.3700,169119.477
1770696900000,81.3700,81.7100,81.2900,81.6500,119178.967
1770697800000,81.6600,81.7300,81.1700,81.2700,96881.631
1770698700000,81.2600,81.5000,81.1800,81.3900,85856.747
1770699600000,81.3800,81.4700,81.1600,81.3700,123704.944
1770700500000,81.3700,81.4000,80.6700,80.9400,225074.115
1770701400000,80.9400,81.6100,80.6200,81.5500,180989.543
1770702300000,81.5500,81.7600,81.4700,81.5900,136359.452
1770703200000,81.5800,82.0700,81.5200,81.7700,168420.380
1770704100000,81.7700,81.8100,81.4100,81.5700,134699.262
1770705000000,81.5600,81.9300,81.5200,81.5400,126160.929
1770705900000,81.5300,81.7300,81.1600,81.2300,204550.295
1770706800000,81.2400,81.7100,81.0100,81.5700,145165.712
1770707700000,81.5800,81.8000,81.2600,81.3900,110576.137
1770708600000,81.4000,81.7500,81.3700,81.6900,67001.671
1770709500000,81.6900,81.8900,81.5800,81.8300,107523.723
1770710400000,81.8300,81.9500,81.2800,81.3000,188028.801
1770711300000,81.3100,81.8000,81.2800,81.7300,196071.627
1770712200000,81.7200,82.2000,81.6600,82.1100,200982.984
1770713100000,82.1100,82.4500,82.0700,82.2900,197857.103
1770714000000,82.2800,82.8000,82.2100,82.6000,182792.419
1770714900000,82.6000,82.6600,82.4200,82.4300,116175.759
1770715800000,82.4300,82.4700,82.0500,82.2100,184951.779
1770716700000,82.2100,82.2500,81.9400,82.1100,92821.589
1770717600000,82.1000,82.2900,81.8100,81.9500,118739.660
1770718500000,81.9500,82.4200,81.8300,82.2200,137445.215
1770719400000,82.2100,82.5800,82.1300,82.4000,138173.337
1770720300000,82.3800,82.5900,82.2100,82.2600,136860.789
1770721200000,82.2600,82.2700,81.9800,82.1200,119146.511
1770722100000,82.1200,82.1400,81.6800,81.8000,142845.601
1770723000000,81.8000,82.2000,81.7900,81.9300,95040.353
1770723900000,81.9300,82.4100,81.8800,82.2600,155947.467
1770724800000,82.2700,82.5700,81.8800,81.9700,202225.831
1770725700000,81.9600,82.1900,81.9400,82.0400,68289.684
1770726600000,82.0500,82.1800,81.4800,81.6200,117916.761
1770727500000,81.6200,81.8200,81.3500,81.6400,176281.809
1770728400000,81.6300,82.0800,81.5000,81.9400,214292.304
1770729300000,81.9300,82.0400,81.2900,81.5900,160794.069
1770730200000,81.5900,82.2300,81.5900,82.0300,215380.782
1770731100000,82.0400,82.2100,81.8100,81.9600,92671.416
1770732000000,81.9700,82.2700,81.7000,82.0100,134617.855
1770732900000,82.0100,82.5600,81.9700,82.4900,231907.246
1770733800000,82.4800,83.0300,81.9500,82.2600,580160.604
1770734700000,82.2500,82.3700,81.2500,82.1500,579221.012
1770735600000,82.1500,82.1500,81.5900,81.9600,391452.188
1770736500000,81.9600,82.2800,81.5800,81.5800,237120.192
1770737400000,81.5700,81.8900,80.4300,80.6400,517858.956
1770738300000,80.6400,81.4200,80.4900,81.0000,348790.834
1770739200000,81.0000,81.0400,80.1100,80.7800,314672.028
1770740100000,80.7800,80.9600,79.9700,80.0100,448678.789
1770741000000,80.0000,80.3900,79.8900,80.3200,323930.503
1770741900000,80.3200,80.5700,80.0500,80.5000,226211.871
1770742800000,80.5000,80.6900,80.4100,80.4700,156998.420
1770743700000,80.4700,81.4200,80.4700,81.3100,195509.343
1770744600000,81.3000,81.5800,81.2200,81.4900,126622.813
1770745500000,81.5000,81.5400,80.9800,81.0100,132402.563
1770746400000,81.0000,81.1800,80.6800,80.7900,196510.686
1770747300000,80.7900,80.8500,80.2700,80.4400,204037.969
1770748200000,80.4500,80.7200,80.3500,80.6900,125512.933
1770749100000,80.6900,80.8000,80.3700,80.6700,91545.914
1770750000000,80.6700,80.7300,80.4600,80.6200,68264.203
1770750900000,80.6300,81.0800,80.6100,81.0500,82128.808
1770751800000,81.0500,81.2700,81.0000,81.1000,73009.764
1770752700000,81.0900,81.2500,81.0700,81.1400,47975.092
1770753600000,81.1300,81.1600,80.6700,80.9500,76525.797
1770754500000,80.9600,81.2200,80.7300,80.9100,63765.320
1770755400000,80.9100,81.0800,80.7700,81.0700,48047.761
1770756300000,81.0800,81.3400,80.8600,80.9700,99514.503
1770757200000,80.9600,81.0800,80.7900,80.8900,54207.691
1770758100000,80.8900,80.8900,80.6400,80.6700,34945.368
1770759000000,80.6800,80.8300,80.6600,80.7400,31775.455
1770759900000,80.7400,80.8500,80.6300,80.7800,25638.258
1770760800000,80.7900,80.8500,80.7300,80.7300,8624.875
1770761700000,80.7400,80.8500,80.7300,80.8400,6687.567
1770762600000,80.8400,80.8700,80.7300,80.7900,15428.700
1770763500000,80.7800,80.9600,80.5800,80.8500,34213.912
1770764400000,80.8600,81.4100,80.8100,81.3300,120593.422
1770765300000,81.3400,81.6600,81.2800,81.4400,86630.789
1770766200000,81.4300,81.4800,81.1600,81.3700,47836.313
1770767100000,81.3800,81.5700,81.3000,81.3800,27219.661
1770768000000,81.3900,81.4500,81.0600,81.1700,53538.535
1770768900000,81.1600,81.4800,81.0500,81.4200,43742.414
1770769800000,81.4300,81.8100,81.4300,81.5600,53874.426
1770770700000,81.5700,81.6000,81.3400,81.3900,70440.984
1770771600000,81.4000,81.7700,81.3700,81.5500,84070.905
1770772500000,81.5400,81.6900,81.2900,81.4300,59570.482
1770773400000,81.4200,81.7200,81.2300,81.6100,87775.073
1770774300000,81.6100,81.9700,81.5700,81.9300,66921.006
1770775200000,81.9400,82.1400,81.6000,81.7400,103259.291
1770776100000,81.7300,82.0000,81.6200,81.9000,46167.397
1770777000000,81.9000,82.3700,81.9000,82.3400,118421.740
1770777900000,82.3400,82.4800,82.2100,82.3100,109010.209
1770778800000,82.3100,82.3700,82.1500,82.1800,76914.853
1770779700000,82.1800,82.5200,82.1100,82.4000,120380.696
1770780600000,82.4000,82.7400,82.4000,82.7200,107696.386
1770781500000,82.7200,82.8500,82.5400,82.6500,95590.116
1770782400000,82.6500,82.7500,82.4800,82.6100,75202.804
1770783300000,82.6200,82.7500,82.5600,82.7100,39300.399
1770784200000,82.7100,82.7500,82.4000,82.4200,75451.389
1770785100000,82.4200,82.4900,82.3400,82.3900,63740.590
1770786000000,82.3900,82.4800,82.2500,82.4700,71462.065
1770786900000,82.4600,82.4900,82.2200,82.3800,53100.681
1770787800000,82.3900,82.6300,82.3500,82.5700,79212.283
1770788700000,82.5700,82.5800,82.0000,82.1400,105757.531
1770789600000,82.1300,82.2700,81.9100,82.0100,105467.289
1770790500000,82.0100,82.3800,81.9600,82.2800,111808.145
1770791400000,82.2800,82.3100,82.0500,82.2100,78945.713
1770792300000,82.2000,83.5000,82.1400,83.3800,346447.641
1770793200000,83.3900,83.9900,83.3200,83.6400,316207.039
1770794100000,83.6300,83.7600,83.2700,83.5000,201588.365
1770795000000,83.5000,83.6100,83.2600,83.4700,115337.198
1770795900000,83.4600,83.8100,83.4100,83.7500,120799.319
1770796800000,83.7500,84.0200,83.5700,83.5800,201019.875
1770797700000,83.5900,83.6600,83.3400,83.4100,114162.491
1770798600000,83.4100,83.7100,83.3400,83.6700,76609.482
1770799500000,83.6700,83.8400,83.5400,83.7300,73213.743
1770800400000,83.7300,83.8500,83.3900,83.5900,125361.587
1770801300000,83.5900,83.9800,83.5100,83.9500,99685.462
1770802200000,83.9500,84.8500,83.8600,84.8100,306173.303
1770803100000,84.8100,84.9900,84.6100,84.7400,253421.309
1770804000000,84.7500,84.9100,84.5800,84.6900,148157.341
1770804900000,84.6800,85.1200,84.6100,84.9200,235692.682
1770805800000,84.9200,85.5300,84.6800,85.5000,313157.306
1770806700000,85.5100,85.7300,85.3100,85.5500,305619.546
1770807600000,85.5600,85.6600,85.3500,85.4800,159083.573
1770808500000,85.4800,86.1200,85.4800,86.1200,283266.099
1770809400000,86.1200,86.1500,85.8400,85.9900,214076.273
1770810300000,86.0000,86.3000,85.9400,86.1700,189776.875
1770811200000,86.1700,86.3600,85.6600,86.0800,393349.799
1770812100000,86.0800,86.1200,85.5300,85.7800,218803.954
1770813000000,85.7900,85.9100,84.9100,85.2100,488566.030
1770813900000,85.2000,85.8600,85.1500,85.8300,283659.675
1770814800000,85.8200,85.9300,85.3500,85.7800,366434.403
1770815700000,85.7800,85.9000,85.3000,85.6300,275429.144
1770816600000,85.6300,85.7000,83.4100,84.2200,1332020.792
1770817500000,84.2200,84.9900,83.9900,84.6500,583506.205
1770818400000,84.6500,85.3300,84.5700,85.1200,376726.352
1770819300000,85.1200,85.4700,84.6000,84.8800,352485.538
1770820200000,84.8900,84.9800,83.3100,83.6900,804726.591
1770821100000,83.6800,84.2700,83.4800,83.7900,421549.248
1770822000000,83.7900,84.6800,83.5700,83.8900,508478.313
1770822900000,83.8800,84.0700,82.8300,83.1400,630409.776
1770823800000,83.1300,83.4700,82.6500,83.1300,437811.942
1770824700000,83.1300,83.4300,82.8400,83.3600,241280.360
1770825600000,83.3600,83.4800,82.8100,83.2500,216735.737
1770826500000,83.2400,83.4500,82.7500,83.4300,219243.578
1770827400000,83.4300,83.9200,83.2600,83.9000,221055.515
1770828300000,83.9000,84.0200,83.5700,83.7300,170040.644
1770829200000,83.7400,84.2000,83.3700,84.1500,154772.851
1770830100000,84.1600,84.4500,84.1000,84.3900,126491.950
1770831000000,84.3800,84.8300,84.2300,84.7800,151976.545
1770831900000,84.7700,84.8700,84.5000,84.7200,133337.962
1770832800000,84.7200,84.7700,83.9300,84.0600,175717.247
1770833700000,84.0800,84.5000,84.0500,84.4000,137726.775
1770834600000,84.4000,84.5200,84.2000,84.2700,72248.558
1770835500000,84.2600,84.3300,83.9400,84.1700,115144.879
1770836400000,84.1600,84.6200,84.0600,84.4700,104159.598
1770837300000,84.4700,84.7000,84.3800,84.5300,56903.926
1770838200000,84.5300,84.5300,84.2400,84.5200,76000.828
1770839100000,84.5200,84.5200,84.0900,84.1600,52246.620
1770840000000,84.1800,84.4500,83.9600,84.4300,117962.016
1770840900000,84.4300,84.5100,84.2600,84.2600,33912.173
1770841800000,84.2600,84.5700,84.1800,84.4900,46094.574
1770842700000,84.4900,84.6500,84.4100,84.5200,54167.251
1770843600000,84.5300,84.5500,84.3800,84.4800,19479.905
1770844500000,84.4900,84.6600,84.3500,84.4100,32134.782
1770845400000,84.4200,84.4600,84.0000,84.2600,88154.212
1770846300000,84.2600,84.4900,84.2000,84.4600,40375.826
1770847200000,84.4600,84.5800,84.4300,84.5400,30667.073
1770848100000,84.5400,84.5700,84.4800,84.5700,10860.521
1770849000000,84.5700,84.5700,84.4900,84.5700,7631.265
1770849900000,84.5700,84.6700,84.5600,84.6000,16661.670
1770850800000,84.6000,85.1900,83.3800,83.5400,478751.598
1770851700000,83.5300,83.9900,83.4800,83.8100,159614.193
1770852600000,83.8100,83.8200,83.5200,83.6200,82145.079
1770853500000,83.6200,83.8300,82.8700,82.9000,213060.564
1770854400000,82.9000,83.2700,81.9200,82.3700,661722.267
1770855300000,82.3800,82.7800,81.9700,82.3400,221700.178
1770856200000,82.3400,82.6000,82.0700,82.3900,140047.973
1770857100000,82.4000,82.6800,82.1100,82.5300,164055.980
1770858000000,82.5300,82.9100,81.8800,81.8800,343685.606
1770858900000,81.8800,82.7800,81.5600,82.6600,226448.030
1770859800000,82.6500,83.3000,82.5300,83.1300,185320.231
1770860700000,83.1400,83.4400,83.0200,83.4000,154516.474
1770861600000,83.4100,83.5800,83.2600,83.3800,119652.390
1770862500000,83.3900,83.5700,83.2300,83.5700,92101.502
1770863400000,83.5700,83.6800,82.9700,83.1000,125085.159
1770864300000,83.1000,83.4600,83.0000,83.4300,82967.770
1770865200000,83.4300,84.0400,83.2400,83.8100,217878.231
1770866100000,83.8100,83.9100,83.5900,83.7300,91767.220
1770867000000,83.7300,84.1600,83.7300,83.9100,155384.897
1770867900000,83.9000,83.9000,83.4400,83.5200,102668.955
1770868800000,83.5200,83.8200,83.2900,83.2900,188605.307
1770869700000,83.3000,83.3900,83.0000,83.3700,142112.071
1770870600000,83.3700,83.6800,83.2800,83.3500,97997.603
1770871500000,83.3500,83.5400,83.0700,83.5100,105229.594
1770872400000,83.5100,84.1300,83.4000,84.0200,208944.889
1770873300000,84.0100,84.1700,83.9400,83.9700,144553.920
1770874200000,83.9700,84.0400,83.6600,83.9700,136873.184
1770875100000,83.9800,84.1000,83.7900,84.0200,67482.900
1770876000000,84.0300,84.1000,83.7200,84.0800,111115.592
1770876900000,84.0800,84.1900,83.5100,83.5500,154024.732
1770877800000,83.5500,83.6700,83.2000,83.6100,287435.434
1770878700000,83.6100,83.6100,83.0400,83.1200,150854.225
1770879600000,83.1400,83.2200,82.7600,83.1100,270276.144
1770880500000,83.1100,83.4900,83.0900,83.4900,160892.727
1770881400000,83.4900,83.5500,83.3200,83.4100,166544.461
1770882300000,83.4100,83.5300,83.2200,83.4200,88240.449
1770883200000,83.4200,83.9500,83.4200,83.6900,181079.678
1770884100000,83.6900,83.7700,83.5200,83.5500,91306.522
1770885000000,83.5300,83.5500,83.2300,83.4900,81163.968
1770885900000,83.4900,83.9100,83.4800,83.8200,113552.690
1770886800000,83.8300,84.0400,83.7800,83.9000,96269.502
1770887700000,83.9100,84.0100,83.6700,83.6800,77128.492
1770888600000,83.6800,83.9200,83.6600,83.8300,57725.636
1770889500000,83.8400,83.9300,83.7200,83.7600,68895.412
1770890400000,83.7600,83.9700,83.3500,83.5100,151635.063
1770891300000,83.5000,83.6500,83.4500,83.5500,78151.688
1770892200000,83.5400,83.7400,83.4800,83.5300,68531.318
1770893100000,83.5200,83.5600,83.1200,83.2500,148261.489
1770894000000,83.2500,83.4600,83.1400,83.1700,110459.290
1770894900000,83.1700,83.4300,83.1300,83.3700,63799.197
1770895800000,83.3700,83.4800,83.3000,83.3500,40093.893
1770896700000,83.3400,83.6400,83.3200,83.5200,65345.869
1770897600000,83.5200,83.5500,82.7900,83.1300,233703.400
1770898500000,83.1300,83.2100,82.6600,82.8700,170360.889
1770899400000,82.8700,83.0500,82.7400,82.8700,153178.651
1770900300000,82.8600,82.9400,81.9300,82.2900,311148.483
1770901200000,82.3000,82.5700,81.9900,82.5100,323760.233
1770902100000,82.5200,82.7300,82.2100,82.3300,165758.244
1770903000000,82.3300,83.1300,82.0700,82.9900,421952.325
1770903900000,83.0000,83.2600,82.9400,83.1300,327655.743
1770904800000,83.1200,83.5400,82.9900,83.1300,236620.353
1770905700000,83.1300,83.2500,82.7800,83.0500,248451.693
1770906600000,83.0400,83.4700,82.7800,83.3300,405292.446
1770907500000,83.3200,83.5700,82.3200,82.5400,363262.396
1770908400000,82.5400,83.0500,82.3800,82.9600,430884.043
1770909300000,82.9600,83.1100,82.8300,82.9700,157686.552
1770910200000,82.9600,83.2400,82.7000,82.9000,201616.948
1770911100000,82.9100,83.1600,82.4100,82.4800,148485.542
1770912000000,82.4800,82.6400,78.4600,78.6300,1489331.959
1770912900000,78.6600,79.4800,75.5900,76.3800,2768381.702
1770913800000,76.3700,78.3900,76.3300,77.2700,1735391.760
1770914700000,77.2800,77.4400,75.0300,76.3900,1748859.445
1770915600000,76.3800,77.6400,76.2100,76.7800,1012285.497
1770916500000,76.7800,78.0500,76.6600,77.4400,884503.029
1770917400000,77.4300,77.8100,76.9800,77.4000,590199.471
1770918300000,77.3900,77.4200,75.6500,75.6600,769116.027
1770919200000,75.6700,76.0300,74.8700,75.8700,636270.237
1770920100000,75.8000,76.4300,74.9600,76.0600,572744.812
1770921000000,76.0700,76.9300,76.0100,76.7800,587233.824
1770921900000,76.7800,77.0800,76.1700,76.2800,500499.218
1770922800000,76.2900,76.6500,75.9700,76.3000,277220.707
1770923700000,76.3000,76.6300,75.9300,75.9900,288668.636
1770924600000,75.9900,76.9300,75.8900,76.6500,277188.202
1770925500000,76.6400,76.9800,76.3100,76.4100,242136.653
1770926400000,76.4100,76.6100,76.0000,76.2400,206784.526
1770927300000,76.2400,76.2600,75.3900,75.5200,239350.679
1770928200000,75.5100,75.6200,74.9100,75.2900,360216.200
1770929100000,75.3100,75.3700,74.5700,74.9200,377503.034
1770930000000,74.9300,75.4000,74.8500,75.2400,124666.971
1770930900000,75.2300,75.4500,75.1600,75.3500,131313.464
1770931800000,75.3500,75.6100,75.2300,75.3100,82087.700
1770932700000,75.3100,75.5900,75.1600,75.3500,105623.880
1770933600000,75.3500,75.8000,75.3300,75.7900,57656.574
1770934500000,75.7900,75.8900,75.6000,75.6500,39554.010
1770935400000,75.6500,75.9800,75.6100,75.9600,43341.074
1770936300000,75.9600,75.9700,75.7000,75.8100,47641.597
1770937200000,75.8100,75.8900,74.1100,75.1000,788147.608
1770938100000,75.1000,75.9300,75.0900,75.5600,266735.373
1770939000000,75.5700,75.5800,74.6700,74.9700,382953.292
1770939900000,74.9600,75.4100,74.6900,75.3500,244332.958
1770940800000,75.3400,76.5700,75.2000,76.0600,552976.001
1770941700000,76.0600,76.4000,75.5200,75.8800,354914.761
1770942600000,75.8900,76.0700,75.4900,75.6700,219187.851
1770943500000,75.6600,75.6800,74.8600,75.2300,380726.054
1770944400000,75.2300,76.8700,75.1800,76.6000,519682.620
1770945300000,76.6000,77.0000,76.5500,76.8100,271413.753
1770946200000,76.7900,77.3300,76.5900,77.2000,248620.526
1770947100000,77.2100,77.3800,76.6600,76.8000,260064.046
1770948000000,76.8000,76.9400,76.5600,76.7800,191777.972
1770948900000,76.7900,77.1200,76.7100,77.1000,118123.265
1770949800000,77.1000,77.1900,76.4200,76.7400,253232.170
1770950700000,76.7400,77.2000,76.5500,77.1700,180313.541
1770951600000,77.1700,77.3200,76.8600,77.0900,174251.354
1770952500000,77.0900,77.1600,76.7000,77.0300,136530.873
1770953400000,77.0300,77.4000,77.0300,77.0600,157297.410
1770954300000,77.0600,77.2200,76.9400,77.1400,100842.411
1770955200000,77.1400,77.4600,77.0300,77.3600,134857.088
1770956100000,77.3600,77.7300,77.3600,77.4700,187866.325
1770957000000,77.4600,77.6000,77.2000,77.3600,182777.395
1770957900000,77.3600,77.3900,77.1100,77.1600,138941.725
1770958800000,77.1600,77.5300,77.1400,77.3600,147358.486
1770959700000,77.3500,77.3500,76.7600,76.9000,271810.028
1770960600000,76.9100,76.9200,76.3300,76.5800,358948.968
1770961500000,76.5800,76.7000,76.0400,76.1600,338334.572
1770962400000,76.1700,76.6300,76.1100,76.5900,267602.905
1770963300000,76.6000,76.7100,76.3400,76.4900,151211.116
1770964200000,76.4800,76.9300,76.3700,76.7900,257504.950
1770965100000,76.7900,77.5100,76.6900,77.4200,368190.531
1770966000000,77.4200,77.4600,76.9300,77.2600,237794.209
1770966900000,77.2600,77.7300,77.2300,77.6800,189459.920
1770967800000,77.6800,78.1000,77.4300,77.9900,268307.032
1770968700000,78.0000,78.4700,77.7100,77.9400,290362.171
1770969600000,77.9500,79.0700,77.8800,78.6700,637309.079
1770970500000,78.6600,79.1800,78.5400,79.0600,304166.128
1770971400000,79.0500,79.2600,78.9000,79.2000,242509.587
1770972300000,79.2100,79.3800,78.7300,78.9200,275360.554
1770973200000,78.9200,79.0800,78.5200,78.9000,278789.040
1770974100000,78.8900,79.1200,78.5200,78.5700,202502.347
1770975000000,78.5600,78.8600,78.3400,78.6400,191408.685
1770975900000,78.6400,78.8100,78.2100,78.2600,256702.477
1770976800000,78.2500,78.6500,78.0500,78.4200,318253.686
1770977700000,78.4300,78.8400,78.2900,78.7500,273980.561
1770978600000,78.7600,78.7800,78.2000,78.3200,340810.426
1770979500000,78.3300,78.3500,77.6600,77.7600,427725.386
1770980400000,77.7600,77.7800,76.7200,77.1900,727356.790
1770981300000,77.1900,77.3700,76.7700,77.2200,321892.447
1770982200000,77.2200,77.3100,76.7600,77.2200,291004.494
1770983100000,77.2200,77.4800,77.0200,77.4300,229108.476
1770984000000,77.4300,77.5500,76.9600,77.4500,534909.262
1770984900000,77.4500,77.8200,77.3900,77.4400,242639.353
1770985800000,77.4500,77.8500,77.3100,77.7200,218191.955
1770986700000,77.7200,78.1700,77.4900,77.8500,317285.782
1770987600000,77.8500,78.1200,77.6900,77.7700,259534.312
1770988500000,77.7600,77.8100,77.1100,77.3500,294284.512
1770989400000,77.3500,79.3800,77.3400,78.8700,1227898.047
1770990300000,78.8700,79.0500,78.4600,78.7300,340257.142
1770991200000,78.7200,79.0700,78.5100,78.8400,259702.486
1770992100000,78.8500,79.1700,78.6400,78.6800,200305.672
1770993000000,78.7000,78.8500,76.1100,76.9600,1033540.462
1770993900000,76.9500,78.2300,76.9200,77.4800,993673.848
1770994800000,77.4900,78.5500,77.4000,77.9700,799943.040
1770995700000,78.0200,78.3600,77.4200,78.2000,485931.788
1770996600000,78.1900,78.8400,77.6000,77.6400,386130.450
1770997500000,77.6400,77.8000,77.0500,77.1600,397388.177
1770998400000,77.1600,77.9800,77.1400,77.8400,275463.257
1770999300000,77.8400,78.5200,77.7700,78.4400,286736.557
1771000200000,78.4400,78.4500,77.7600,77.9700,228841.983
1771001100000,77.9600,78.2100,77.5900,77.7300,157389.507
1771002000000,77.7300,78.3600,77.5400,77.8600,208809.763
1771002900000,77.8600,77.8900,77.4000,77.6700,158154.526
1771003800000,77.6700,78.0200,77.6300,77.7000,177625.773
1771004700000,77.6900,77.8700,77.4500,77.8400,146197.252
1771005600000,77.8500,78.3600,77.6800,78.3200,220134.958
1771006500000,78.3100,78.3300,77.7600,77.8600,231178.591
1771007400000,77.8500,78.1600,77.7600,77.9700,129899.945
1771008300000,77.9600,78.0600,77.6900,77.8100,112813.366
1771009200000,77.8100,78.3000,77.7700,78.0100,165448.496
1771010100000,78.0000,78.3800,77.9200,78.1200,121193.482
1771011000000,78.1100,78.1300,77.8400,77.8800,95866.087
1771011900000,77.8800,78.0500,77.4500,77.4600,106313.457
1771012800000,77.4600,77.6700,77.2200,77.2500,134922.271
1771013700000,77.2400,77.6100,77.2000,77.3600,99866.588
1771014600000,77.3500,77.5100,77.0400,77.1500,127743.853
1771015500000,77.1500,77.2400,76.7200,77.2100,193184.465
1771016400000,77.2100,77.2800,77.0000,77.1300,110019.257
1771017300000,77.1300,77.3500,77.0900,77.2700,94088.761
1771018200000,77.2700,77.3500,77.1600,77.2900,58527.453
1771019100000,77.2800,77.5800,77.2600,77.4200,108648.541
1771020000000,77.4200,77.4900,77.2900,77.3600,32875.828
1771020900000,77.3600,77.4000,77.3000,77.3900,12956.256
1771021800000,77.3900,77.4200,77.2900,77.4100,34599.353
1771022700000,77.4000,77.4300,77.3200,77.3300,16118.624
1771023600000,77.3300,77.4100,77.3100,77.4100,24598.404
1771024500000,77.4100,77.4200,77.3600,77.3900,11874.490
1771025400000,77.3900,77.4100,77.2500,77.3300,34984.819
1771026300000,77.3400,77.3700,77.2600,77.3100,16966.035
1771027200000,77.3000,77.3500,77.2900,77.3500,9025.082
1771028100000,77.3400,77.3800,77.3200,77.3800,12201.164
1771029000000,77.3800,77.3900,77.3500,77.3800,10237.705
1771029900000,77.3800,77.4200,77.3500,77.4200,29650.817
1771030800000,77.4100,77.4400,77.4000,77.4300,13816.917
1771031700000,77.4200,77.4400,77.4000,77.4100,10828.866
1771032600000,77.4100,77.4500,77.4100,77.4500,14974.599
1771033500000,77.4500,77.4700,77.4300,77.4400,17058.793
1771034400000,77.4400,77.4400,77.3900,77.4200,17996.468
1771035300000,77.4100,77.4300,77.4000,77.4200,6915.845
1771036200000,77.4100,77.4300,77.3800,77.3900,15092.223
1771037100000,77.3900,77.4300,77.3900,77.4200,11018.849
1771038000000,77.4100,77.4200,77.4000,77.4200,8096.806
1771038900000,77.4100,77.4200,77.3900,77.4200,12567.376
1771039800000,77.4200,77.4300,77.4000,77.4200,7897.765
1771040700000,77.4100,77.4300,77.4100,77.4300,8819.362
1771041600000,77.4300,77.4400,77.4200,77.4300,9891.373
1771042500000,77.4200,77.4400,77.4200,77.4200,10780.861
1771043400000,77.4200,77.4300,77.4100,77.4300,13801.960
1771044300000,77.4200,77.4300,77.4000,77.4100,17046.754
1771045200000,77.4100,77.4300,77.4100,77.4200,21149.800
1771046100000,77.4300,77.4400,77.4200,77.4300,13733.424
1771047000000,77.4300,77.4600,77.4300,77.4600,14361.968
1771047900000,77.4600,77.4700,77.4500,77.4600,10971.139
1771048800000,77.4600,77.4700,77.4500,77.4600,10207.953
1771049700000,77.4500,77.4700,77.4400,77.4600,13951.392
1771050600000,77.4600,77.4900,77.4500,77.4800,15447.022
1771051500000,77.4700,77.4800,77.4600,77.4700,8894.073
1771052400000,77.4700,77.4800,77.4400,77.4500,17217.492
1771053300000,77.4400,77.4500,77.4300,77.4400,14786.542
1771054200000,77.4300,77.4400,77.4200,77.4300,11300.059
1771055100000,77.4300,77.4400,77.4200,77.4300,10259.452
1771056000000,77.4300,77.4800,77.4300,77.4800,20852.501
1771056900000,77.4700,77.4900,77.4600,77.4800,13380.700
1771057800000,77.4700,77.4900,77.4700,77.4800,16367.924
1771058700000,77.4800,77.5000,77.4600,77.4800,16406.430
1771059600000,77.4700,77.5000,77.4600,77.4900,20301.763
1771060500000,77.4800,77.4900,77.4600,77.4800,14642.513
1771061400000,77.4700,77.4900,77.4700,77.4900,17074.270
1771062300000,77.4900,77.4900,77.4600,77.4700,14139.613
1771063200000,77.4700,77.4700,77.4300,77.4500,20207.383
1771064100000,77.4400,77.4500,77.4400,77.4500,8399.649
1771065000000,77.4500,77.4700,77.4400,77.4700,8267.358
1771065900000,77.4700,77.4800,77.4600,77.4700,9652.856
1771066800000,77.4800,77.4800,77.4500,77.4600,13633.906
1771067700000,77.4600,77.4700,77.4500,77.4500,9327.658
1771068600000,77.4500,77.4600,77.4300,77.4600,14271.982
1771069500000,77.4500,77.4600,77.4300,77.4400,21761.704
1771070400000,77.4400,77.4700,77.4400,77.4500,16942.565
1771071300000,77.4500,77.4800,77.4100,77.4700,50743.412
1771072200000,77.4600,77.4700,77.4400,77.4600,19520.969
1771073100000,77.4600,77.4800,77.4600,77.4600,12208.753
1771074000000,77.4600,77.4700,77.4500,77.4600,17453.849
1771074900000,77.4700,77.4700,77.4600,77.4600,6919.358
1771075800000,77.4700,77.4800,77.4600,77.4700,14553.600
1771076700000,77.4800,77.4800,77.4700,77.4800,6104.256
1771077600000,77.4700,77.4800,77.4700,77.4800,8411.379
1771078500000,77.4800,77.4800,77.4600,77.4600,11583.492
1771079400000,77.4600,77.4700,77.4400,77.4600,11573.197
1771080300000,77.4500,77.4700,77.4400,77.4500,11183.926
1771081200000,77.4400,77.4500,77.4300,77.4500,8200.984
1771082100000,77.4400,77.4500,77.4300,77.4400,10386.157
1771083000000,77.4300,77.4400,77.4200,77.4300,8993.640
1771083900000,77.4200,77.4300,77.4200,77.4300,7989.475
1771084800000,77.4300,77.4300,77.4200,77.4300,11118.348
1771085700000,77.4200,77.4300,77.4000,77.4200,17229.919
1771086600000,77.4200,77.4300,77.4100,77.4200,4420.996
1771087500000,77.4200,77.4300,77.4100,77.4200,13902.159
1771088400000,77.4200,77.4400,77.4200,77.4400,3477.460
1771089300000,77.4400,77.4400,77.4200,77.4300,2771.934
1771090200000,77.4400,77.4500,77.4300,77.4500,11400.295
1771091100000,77.4500,77.4500,77.4200,77.4400,4916.246
1771092000000,77.4400,77.4500,77.4300,77.4400,4175.210
1771092900000,77.4300,77.4500,77.4300,77.4500,4265.033
1771093800000,77.4500,77.4500,77.4300,77.4400,2441.215
1771094700000,77.4400,77.4400,77.4300,77.4400,2291.103
1771095600000,77.4300,77.4500,77.4300,77.4400,4358.471
1771096500000,77.4400,77.4500,77.4300,77.4500,2802.821
1771097400000,77.4400,77.4500,77.4300,77.4400,6111.909
1771098300000,77.4400,77.4500,77.4400,77.4400,11142.656
1771099200000,77.4400,77.4500,77.4100,77.4300,7402.707
1771100100000,77.4300,77.4400,77.4200,77.4300,2763.076
1771101000000,77.4300,77.4400,77.4200,77.4300,6526.114
1771101900000,77.4300,77.4400,77.4200,77.4400,3909.079
1771102800000,77.4300,77.4400,77.4200,77.4200,2837.917
1771103700000,77.4300,77.4400,77.4200,77.4300,2807.381
1771104600000,77.4300,77.4600,77.4300,77.4600,7907.105
1771105500000,77.4600,77.4600,77.4400,77.4600,7346.661
1771106400000,77.4600,77.4600,77.4500,77.4500,2493.481
1771107300000,77.4600,77.4600,77.4500,77.4600,1697.888
1771108200000,77.4600,77.4600,77.4300,77.4400,7794.432
1771109100000,77.4400,77.4600,77.4300,77.4500,7024.469
1771110000000,77.4600,77.4600,77.4400,77.4500,6499.105
1771110900000,77.4500,77.4600,77.4400,77.4500,6588.867
1771111800000,77.4500,77.4600,77.4300,77.4400,13579.151
1771112700000,77.4300,77.4500,77.4200,77.4200,13006.997
1771113600000,77.4300,77.4400,77.4200,77.4400,10874.354
1771114500000,77.4400,77.4400,77.4300,77.4300,4000.892
1771115400000,77.4300,77.4500,77.4300,77.4400,4497.088
1771116300000,77.4400,77.4400,77.4300,77.4400,3370.272
1771117200000,77.4400,77.4500,77.4300,77.4400,2443.406
1771118100000,77.4400,77.4500,77.4300,77.4500,7368.822
1771119000000,77.4500,77.4600,77.4400,77.4600,9428.471
1771119900000,77.4600,77.4600,77.4500,77.4600,5197.316
1771120800000,77.4600,77.4600,77.4400,77.4600,6571.828
1771121700000,77.4500,77.4600,77.4400,77.4600,3465.641
1771122600000,77.4500,77.4600,77.4500,77.4600,1962.622
1771123500000,77.4500,77.4600,77.4500,77.4600,2617.931
1771124400000,77.4600,77.4600,77.4400,77.4400,3140.030
1771125300000,77.4400,77.4600,77.4400,77.4500,6468.857
1771126200000,77.4500,77.4500,77.4200,77.4300,9301.677
1771127100000,77.4300,77.4300,77.4100,77.4100,10288.293
1771128000000,77.4100,77.4400,77.4100,77.4300,17215.660
1771128900000,77.4300,77.4400,77.4300,77.4300,2741.698
1771129800000,77.4400,77.4400,77.4100,77.4200,6990.129
1771130700000,77.4300,77.4300,77.4000,77.4200,15751.056
1771131600000,77.4100,77.4300,77.4100,77.4200,3842.629
1771132500000,77.4200,77.4300,77.4100,77.4200,3399.748
1771133400000,77.4300,77.4400,77.4100,77.4300,15689.536
1771134300000,77.4300,77.4400,77.4300,77.4400,8210.837
1771135200000,77.4400,77.4400,77.4300,77.4300,1609.971
1771136100000,77.4300,77.4400,77.4300,77.4400,1590.187
1771137000000,77.4400,77.4400,77.4300,77.4400,2881.023
1771137900000,77.4400,77.4400,77.4300,77.4400,4445.919
1771138800000,77.4400,77.4400,77.4300,77.4300,2905.129
1771139700000,77.4300,77.4400,77.4200,77.4300,6744.582
1771140600000,77.4300,77.4400,77.4200,77.4400,4557.898
1771141500000,77.4400,77.4400,77.4200,77.4300,14072.284
1771142400000,77.4300,77.4500,77.4200,77.4400,14716.074
1771143300000,77.4400,77.4500,77.4300,77.4300,3587.957
1771144200000,77.4400,77.4400,77.4200,77.4300,6787.931
1771145100000,77.4200,77.4400,77.4200,77.4300,7082.377
1771146000000,77.4400,77.4400,77.4300,77.4400,4654.412
1771146900000,77.4400,77.4400,77.4300,77.4400,2309.000
1771147800000,77.4400,77.4500,77.4300,77.4400,15189.680
1771148700000,77.4400,77.4500,77.4400,77.4500,3401.052
1771149600000,77.4500,77.4500,77.4400,77.4400,2623.061
1771150500000,77.4400,77.4500,77.4400,77.4400,12004.217
1771151400000,77.4400,77.4500,77.4400,77.4400,5080.164
1771152300000,77.4400,77.4500,77.4400,77.4500,3922.725
1771153200000,77.4400,77.4500,77.4400,77.4500,4722.332
1771154100000,77.4400,77.4500,77.4400,77.4500,3617.549
1771155000000,77.4400,77.4500,77.4400,77.4400,4420.422
1771155900000,77.4400,77.4500,77.4200,77.4300,10818.435
1771156800000,77.4300,77.4600,77.4300,77.4600,5088.187
1771157700000,77.4500,77.4600,77.4500,77.4600,2757.220
1771158600000,77.4600,77.4800,77.4500,77.4700,6151.799
1771159500000,77.4600,77.4900,77.4500,77.4700,18963.750
1771160400000,77.4700,77.4700,77.4500,77.4700,7037.027
1771161300000,77.4700,77.4800,77.4600,77.4700,10979.765
1771162200000,77.4700,77.4800,77.4600,77.4800,15602.628
1771163100000,77.4800,77.4800,77.4600,77.4700,15213.824
1771164000000,77.4700,77.4700,77.4600,77.4700,7285.936
1771164900000,77.4700,77.4700,77.4600,77.4700,4316.104
1771165800000,77.4600,77.4700,77.4500,77.4600,8155.866
1771166700000,77.4600,77.4800,77.4500,77.4600,8414.580
1771167600000,77.4600,77.4700,77.4600,77.4700,6253.763
1771168500000,77.4600,77.4800,77.4600,77.4700,9647.611
1771169400000,77.4600,77.4800,77.4600,77.4800,5902.327
1771170300000,77.4700,77.4800,77.4700,77.4700,3960.226
1771171200000,77.4800,77.9500,77.4700,77.7700,86765.196
1771172100000,77.7600,78.0300,77.7000,77.8700,72297.356
1771173000000,77.8700,78.7400,77.8500,78.3300,154843.581
1771173900000,78.3300,78.3700,78.0700,78.2800,34510.492
1771174800000,78.2800,78.2900,77.9500,77.9900,33523.834
1771175700000,77.9900,78.0300,77.6000,77.7900,110490.814
1771176600000,77.7800,77.7900,77.6900,77.7100,17176.366
1771177500000,77.7100,77.7700,77.6700,77.7500,23605.537
1771178400000,77.7500,77.7600,77.5800,77.6100,15352.758
1771179300000,77.6100,77.7100,77.5800,77.6900,7255.000
1771180200000,77.6800,77.7800,77.6200,77.7000,23697.333
1771181100000,77.6900,77.7300,77.6300,77.6800,5099.168
1771182000000,77.6700,77.6700,77.6100,77.6300,15541.109
1771182900000,77.6300,77.6300,77.6000,77.6300,12426.312
1771183800000,77.6200,77.6300,77.5000,77.5100,26223.041
1771184700000,77.5000,77.5400,77.5000,77.5100,22394.008
1771185600000,77.5200,77.8000,77.5200,77.6600,55773.890
1771186500000,77.6700,77.8200,77.6400,77.8000,10054.294
1771187400000,77.8000,77.9800,77.7800,77.8900,22253.757
1771188300000,77.8900,77.9400,77.8600,77.9100,4706.572
1771189200000,77.9200,77.9500,77.8600,77.8700,6205.756
1771190100000,77.8800,77.9200,77.8500,77.8500,4121.620
1771191000000,77.8500,77.9100,77.8500,77.8900,4276.508
1771191900000,77.9000,77.9600,77.8000,77.8600,12475.868
1771192800000,77.8600,77.8600,77.7200,77.7300,9017.533
1771193700000,77.7200,77.7700,77.7100,77.7400,4583.025
1771194600000,77.7500,77.7600,77.7100,77.7100,9078.655
1771195500000,77.7200,77.7200,77.6200,77.6800,10731.932
1771196400000,77.6800,78.5300,74.9500,76.1700,1059756.501
1771197300000,76.1700,77.2400,76.1700,76.6700,367121.258
1771198200000,76.6600,76.8300,76.3300,76.3500,174812.233
1771199100000,76.3500,76.5400,75.8200,76.3400,280675.311
1771200000000,76.3400,76.7500,75.9400,76.5800,383002.129
1771200900000,76.5800,76.6700,76.2100,76.4200,256029.254
1771201800000,76.4200,76.6600,76.3800,76.4800,179505.219
1771202700000,76.4700,77.0700,76.3800,76.8800,241369.088
1771203600000,76.8800,77.4900,76.5500,77.0400,237333.377
1771204500000,77.0300,77.6100,76.9900,77.3700,204650.490
1771205400000,77.3800,77.4300,77.1700,77.3700,109561.734
1771206300000,77.3600,77.4800,77.3100,77.4300,70296.725
1771207200000,77.4400,77.6000,76.9300,76.9600,182306.498
1771208100000,76.9600,77.0600,76.6400,76.6500,121298.596
1771209000000,76.6500,76.8200,76.3100,76.5400,178341.505
1771209900000,76.5300,76.5400,75.8500,75.8800,253499.987
1771210800000,75.8900,76.0000,75.4300,75.7800,263155.267
1771211700000,75.7700,75.9200,75.6600,75.7500,179516.072
1771212600000,75.7500,75.8500,75.2300,75.3600,244000.604
1771213500000,75.3500,75.4700,74.7300,75.2500,244942.922
1771214400000,75.2500,75.4400,74.9700,75.2200,160379.975
1771215300000,75.2300,75.4800,75.1800,75.3300,93455.600
1771216200000,75.3400,75.3600,75.0000,75.2600,102982.519
1771217100000,75.2700,75.5400,75.2500,75.3800,90527.968
1771218000000,75.3800,75.7500,75.0900,75.6900,113423.682
1771218900000,75.6900,75.8600,75.6500,75.6900,78278.691
1771219800000,75.6900,75.7400,75.5400,75.7200,65089.970
1771220700000,75.7100,76.0100,75.5600,75.9400,85356.016
1771221600000,75.9400,76.1300,75.8700,76.1200,68772.839
1771222500000,76.1300,76.2600,75.9300,76.2500,83160.622
1771223400000,76.2500,76.8700,76.1300,76.8300,212581.377
1771224300000,76.8200,77.0900,76.6000,76.6000,148775.660
1771225200000,76.5900,76.7800,76.4700,76.6800,80395.206
1771226100000,76.6900,76.9200,76.6400,76.8300,79455.896
1771227000000,76.8300,77.1000,76.7400,76.9500,141965.638
1771227900000,76.9600,77.0900,76.7500,77.0000,90911.163
1771228800000,77.0000,77.3100,76.6000,76.6400,214742.860
1771229700000,76.6400,77.0300,76.6200,76.9700,125857.982
1771230600000,76.9800,77.1700,76.9300,77.0300,93766.763
1771231500000,77.0300,77.1900,76.8400,77.1200,62250.156
1771232400000,77.1300,77.3000,77.0600,77.1400,97832.217
1771233300000,77.1500,77.4400,77.1100,77.2300,170540.599
1771234200000,77.2300,77.2400,77.0100,77.1400,118524.977
1771235100000,77.1500,77.1900,76.9900,77.0200,103570.541
1771236000000,77.0200,77.1700,76.7700,76.8000,107670.396
1771236900000,76.8000,77.2700,76.7800,77.1600,121387.017
1771237800000,77.1600,77.3600,77.0100,77.2100,152122.923
1771238700000,77.2200,77.3900,77.0900,77.1200,70310.220
1771239600000,77.1300,77.1700,76.8400,76.9300,101769.319
1771240500000,76.9300,77.1800,76.8700,77.1800,113438.409
1771241400000,77.1800,77.2100,76.9400,77.1200,112511.790
1771242300000,77.1200,77.1600,76.9800,77.1300,52472.001
1771243200000,77.1300,77.2100,76.8900,76.9100,140410.368
1771244100000,76.9100,76.9500,76.6700,76.9000,132758.910
1771245000000,76.9000,77.1600,76.7800,77.0000,143863.210
1771245900000,76.9900,77.0300,76.8400,76.9800,71535.112
1771246800000,76.9900,77.0900,76.9100,76.9400,91423.202
1771247700000,76.9400,77.0800,76.8200,76.8700,106683.767
1771248600000,76.8700,77.1500,76.7900,76.9600,147515.354
1771249500000,76.9700,76.9900,76.8000,76.9500,70621.077
1771250400000,76.9400,77.0300,76.8700,76.9400,57709.703
1771251300000,76.9500,77.1800,76.7700,76.8500,148407.044
1771252200000,76.8500,76.9800,76.5700,76.6700,169714.335
1771253100000,76.6700,76.6900,76.3300,76.6400,196912.654
1771254000000,76.6400,76.7800,75.9600,76.2400,253580.018
1771254900000,76.2300,76.4800,76.1800,76.3700,124229.752
1771255800000,76.3700,76.3800,76.0500,76.2900,152309.598
1771256700000,76.2900,76.3600,76.1300,76.1500,51876.088
1771257600000,76.1500,76.1700,75.8400,76.0100,125003.553
1771258500000,76.0100,76.4100,75.7600,76.3300,114308.232
1771259400000,76.3300,76.7100,76.3300,76.5100,132722.709
1771260300000,76.5000,76.5100,76.3400,76.3800,44576.633
1771261200000,76.3800,76.6700,76.3800,76.5700,60489.161
1771262100000,76.5700,76.7000,76.4700,76.6700,37499.021
1771263000000,76.6700,76.8100,76.6000,76.7000,60983.916
1771263900000,76.7000,76.7200,76.5100,76.6100,49250.279
1771264800000,76.6200,76.8400,76.5300,76.7800,42175.369
1771265700000,76.7800,76.8400,76.7000,76.7100,35609.453
1771266600000,76.7100,76.8600,76.6300,76.8600,27647.452
1771267500000,76.8500,76.9300,76.7900,76.7900,132380.970
1771268400000,76.7900,76.8400,76.5700,76.5800,55033.548
1771269300000,76.5800,76.6900,76.4800,76.6700,57181.363
1771270200000,76.6600,76.6700,76.5200,76.6000,14231.592
1771271100000,76.6000,76.7100,76.5900,76.7000,5414.968
1771272000000,76.7100,76.7100,76.5600,76.6300,10811.387
1771272900000,76.6300,76.7600,76.6200,76.6900,12885.402
1771273800000,76.6800,76.6900,76.6300,76.6500,4675.858
1771274700000,76.6400,76.7100,76.5800,76.6000,12748.531
1771275600000,76.5900,76.6200,76.5700,76.6100,5969.637
1771276500000,76.6200,76.7000,76.6100,76.6500,3482.680
1771277400000,76.6500,76.6700,76.5400,76.6200,4940.878
1771278300000,76.6200,76.7200,76.5300,76.6900,9549.669
1771279200000,76.6900,76.7600,76.6700,76.7500,5157.362
1771280100000,76.7600,76.8400,76.7100,76.7300,6762.206
1771281000000,76.7200,76.9100,76.7200,76.8700,14280.910
1771281900000,76.8600,76.8700,76.7100,76.7200,9062.594
1771282800000,76.7100,76.7300,76.1900,76.5000,296491.770
1771283700000,76.4900,76.8900,76.3000,76.7100,137478.462
1771284600000,76.7100,76.7900,76.5500,76.6200,76481.686
1771285500000,76.6300,76.7300,76.3700,76.4700,67272.604
1771286400000,76.4800,76.5300,75.8400,76.0400,218412.661
1771287300000,76.0400,76.1500,75.9300,76.0700,102643.250
1771288200000,76.0600,76.2000,75.3200,75.4300,232962.009
1771289100000,75.4200,75.6400,74.5000,74.7700,464452.114
1771290000000,74.7700,75.0200,73.1400,74.7400,1107958.905
1771290900000,74.7400,75.8800,74.4600,75.7700,616826.844
1771291800000,75.7700,76.2400,75.5900,76.1300,223082.318
1771292700000,76.1300,76.3600,75.8400,75.8600,221995.910
1771293600000,75.8600,76.3200,75.6900,76.2000,197216.711
1771294500000,76.1900,76.5000,76.0700,76.2100,122732.039
1771295400000,76.2100,76.2700,75.8100,75.9700,100135.512
1771296300000,75.9600,76.2900,75.9200,76.2800,85508.632
1771297200000,76.2900,76.5000,75.5800,75.7000,185284.039
1771298100000,75.7000,75.7400,74.9600,75.1800,424664.360
1771299000000,75.1800,75.4600,74.9900,75.3700,263134.096
1771299900000,75.3700,75.6400,75.3200,75.5000,116426.474
1771300800000,75.5000,75.5100,75.1300,75.4300,124810.937
1771301700000,75.4300,75.6900,75.3400,75.6500,67410.377
1771302600000,75.6500,75.6900,75.2300,75.3300,156155.219
1771303500000,75.3300,75.3700,74.9500,75.1800,131159.441
1771304400000,75.1800,75.2700,74.5700,74.6200,191490.874
1771305300000,74.6200,74.6200,73.0400,73.4700,894414.292
1771306200000,73.4700,74.1600,72.7900,74.1100,703993.329
1771307100000,74.1100,74.1700,73.7500,73.9600,287110.440
1771308000000,73.9700,74.5500,73.9600,74.2700,284066.383
1771308900000,74.2700,74.5700,74.0900,74.3400,171081.655
1771309800000,74.3400,74.8800,74.3200,74.6500,232865.752
1771310700000,74.6500,74.8700,74.4800,74.7300,158150.304
1771311600000,74.7200,74.8000,74.3700,74.4300,139161.539
1771312500000,74.4400,74.7100,74.3000,74.5300,134757.384
1771313400000,74.5400,74.8400,74.3800,74.6600,147144.373
1771314300000,74.6600,75.1300,74.5700,75.0100,170853.998
1771315200000,75.0100,75.4500,74.9300,75.2200,205296.407
1771316100000,75.2200,75.5100,75.0800,75.1500,130341.327
1771317000000,75.1400,75.2700,74.8500,74.9300,105256.334
1771317900000,74.9300,75.1200,74.9100,75.0100,75319.841
1771318800000,75.0000,75.0900,74.5500,74.6000,149943.199
1771319700000,74.6000,74.8300,74.5200,74.7300,100420.728
1771320600000,74.7300,74.8800,74.5600,74.6400,49612.579
1771321500000,74.6500,74.7400,74.0800,74.6200,178786.959
1771322400000,74.6200,75.0000,74.5500,74.9600,105257.406
1771323300000,74.9700,75.0000,74.6800,74.6800,100317.712
1771324200000,74.6800,74.6800,74.3100,74.3400,123970.819
1771325100000,74.3400,74.3700,73.6500,74.0100,246369.856
1771326000000,74.0100,74.5500,73.9800,74.5200,125959.253
1771326900000,74.5100,74.5900,74.3600,74.4800,96351.515
1771327800000,74.4700,74.5400,74.3500,74.4300,51980.478
1771328700000,74.4300,74.9200,74.2600,74.7400,137585.111
1771329600000,74.7400,75.1500,74.5400,74.9900,259327.837
1771330500000,75.0000,75.2800,74.9200,75.0800,131979.276
1771331400000,75.0800,75.1400,74.7100,74.8100,137268.598
1771332300000,74.8100,75.0100,74.5500,74.6300,136945.380
1771333200000,74.6200,74.6800,74.0100,74.1400,290028.602
1771334100000,74.1300,74.4500,74.0100,74.3800,249206.766
1771335000000,74.3800,74.6200,73.8300,74.6200,416427.560
1771335900000,74.6200,74.6900,73.0000,73.0200,620301.031
1771336800000,73.0100,74.4100,72.5000,74.2000,1212251.883
1771337700000,74.1900,74.5900,74.0100,74.3200,376918.871
1771338600000,74.3300,74.8300,72.9300,73.0900,892174.524
1771339500000,73.0800,73.2300,72.2100,72.3900,731809.077
1771340400000,72.3900,73.1300,72.0400,72.5900,561519.069
1771341300000,72.5900,73.2000,72.5100,72.7100,365071.726
1771342200000,72.7000,73.4200,72.5100,73.1800,488308.540
1771343100000,73.1700,73.4500,72.7000,73.3400,370434.020
1771344000000,73.3400,73.9100,73.2900,73.5500,311493.571
1771344900000,73.5400,73.9500,73.4800,73.7000,199768.574
1771345800000,73.7000,73.9500,73.4600,73.7100,210036.688
1771346700000,73.7100,73.8200,73.1800,73.2100,186873.688
1771347600000,73.2100,73.2900,72.4500,72.6000,294714.511
1771348500000,72.6000,72.9800,72.5300,72.9700,171950.425
1771349400000,72.9600,73.1000,72.3000,72.3800,239759.210
1771350300000,72.3700,72.8800,72.1600,72.8100,393758.538
1771351200000,72.8100,73.3200,72.7300,73.1800,311770.971
1771352100000,73.1800,73.8900,73.1400,73.6300,329148.204
1771353000000,73.6300,73.9500,73.4700,73.6100,216949.135
1771353900000,73.6100,74.1700,73.5000,73.8700,201786.829
1771354800000,73.8800,74.1200,73.7300,73.8400,156251.161
1771355700000,73.8500,73.9900,73.5300,73.6100,161895.292
1771356600000,73.6200,73.7700,73.4700,73.6800,115291.871
1771357500000,73.6900,73.7600,73.5600,73.5700,54836.971
1771358400000,73.5700,73.6600,73.2700,73.4500,91797.785
1771359300000,73.4600,73.5200,73.2300,73.2700,68548.663
1771360200000,73.2600,73.6700,73.1100,73.4700,90675.472
1771361100000,73.4700,73.5500,73.2600,73.3400,88148.464
1771362000000,73.3300,73.6400,73.3000,73.6100,42683.125
1771362900000,73.6200,73.7300,73.5300,73.5700,37842.890
1771363800000,73.5800,73.6200,73.4300,73.6100,36729.652
1771364700000,73.6000,73.6600,73.5200,73.6300,32012.835
1771365600000,73.6400,73.7200,73.5500,73.6500,19755.987
1771366500000,73.6500,73.7200,73.5500,73.7200,7987.781
1771367400000,73.7200,73.7400,73.6400,73.7100,7394.486
1771368300000,73.7100,73.8700,73.7000,73.7600,20190.106
1771369200000,73.7500,73.8600,72.9800,73.7600,456343.818
1771370100000,73.7600,73.8200,73.1800,73.5600,158597.621
1771371000000,73.5600,73.7100,72.9000,73.2500,183956.946
1771371900000,73.2600,73.2800,72.3600,72.5000,291780.264
1771372800000,72.5100,72.7600,72.4100,72.6300,201889.043
1771373700000,72.6200,72.8900,72.4300,72.6900,124947.802
1771374600000,72.6700,73.1800,72.6400,73.0700,281935.110
1771375500000,73.0700,73.0900,72.5300,72.6400,286566.650
1771376400000,72.6400,73.1500,72.6400,73.0100,200821.807
1771377300000,73.0100,73.3600,73.0100,73.2500,188666.375
1771378200000,73.2500,73.6600,73.0900,73.3900,142109.016
1771379100000,73.3800,73.5600,73.2600,73.5000,196723.266
1771380000000,73.5000,73.7800,73.3600,73.6800,118195.433
1771380900000,73.6900,73.7300,73.3200,73.4800,132630.134
1771381800000,73.4800,73.9300,73.4400,73.7900,157858.719
1771382700000,73.7900,73.8700,73.6000,73.6300,73342.183
1771383600000,73.6300,74.3100,73.6000,74.0800,157096.872
1771384500000,74.0900,74.4900,74.0900,74.4200,115989.952
1771385400000,74.4100,74.6800,74.3700,74.6600,128554.980
1771386300000,74.6600,74.7700,74.5800,74.7100,111784.432
1771387200000,74.7100,75.1300,74.5300,75.0400,192168.094
1771388100000,75.0400,75.3700,74.8600,75.3300,150191.542
1771389000000,75.3200,75.6400,75.2800,75.6100,222123.389
1771389900000,75.6100,75.8800,75.4500,75.8600,260133.233
1771390800000,75.8600,76.0200,75.4700,75.5400,215150.508
1771391700000,75.5400,75.8200,75.4800,75.5600,103173.533
1771392600000,75.5700,76.1400,75.5400,75.8000,221930.816
1771393500000,75.8100,75.9200,75.6100,75.6100,89048.914
1771394400000,75.6200,75.6600,75.2200,75.3900,208479.139
1771395300000,75.3900,75.7400,75.2500,75.5300,138767.359
1771396200000,75.5300,75.6600,75.4400,75.5700,78562.653
1771397100000,75.5700,75.7700,75.4900,75.5100,93048.412
1771398000000,75.5000,75.7700,75.4300,75.7100,96848.757
1771398900000,75.7000,75.9100,75.6200,75.8500,111767.661
1771399800000,75.8300,76.0700,75.7100,75.7900,131965.670
1771400700000,75.7800,75.7900,75.5400,75.7200,117424.069
1771401600000,75.7200,75.9600,75.6600,75.7500,199460.199
1771402500000,75.7600,75.8300,75.5300,75.7700,119247.957
1771403400000,75.7700,76.0700,75.7700,75.8300,190110.077
1771404300000,75.8400,76.0500,75.7800,75.8400,93615.482
1771405200000,75.8400,76.0700,75.7200,75.9100,104951.131
1771406100000,75.9100,76.1100,75.6500,75.9700,115716.080
1771407000000,75.9700,76.0200,75.7600,75.8500,51238.725
1771407900000,75.8600,75.9100,75.6800,75.7100,58267.948
1771408800000,75.7100,76.3200,75.7000,76.0900,142123.502
1771409700000,76.0900,76.1400,75.9100,75.9700,92625.341
1771410600000,75.9600,75.9600,75.5200,75.5700,136408.115
1771411500000,75.5700,75.8000,75.4600,75.7300,95857.088
1771412400000,75.7300,75.7900,75.6400,75.7300,49316.000
1771413300000,75.7400,75.9200,75.6900,75.7300,62048.803
1771414200000,75.7300,75.8300,75.6500,75.7300,40430.328
1771415100000,75.7400,75.8400,75.3300,75.4600,150920.339
1771416000000,75.4600,75.7700,75.3500,75.5800,197591.482
1771416900000,75.5800,75.9000,75.4500,75.4500,123791.142
1771417800000,75.4600,75.6300,75.4000,75.5100,91119.730
1771418700000,75.5000,75.7900,75.3100,75.7100,192644.928
1771419600000,75.7100,76.0600,75.6200,75.9700,211313.467
1771420500000,75.9800,76.4900,75.9300,76.3700,257020.596
1771421400000,76.3600,77.1000,76.3300,76.7300,428206.233
1771422300000,76.7300,76.7400,76.4500,76.6800,134263.692
1771423200000,76.6900,77.0400,76.6900,76.9300,177023.013
1771424100000,76.9200,77.1300,76.8200,76.9300,154931.784
1771425000000,76.9400,77.8100,76.6600,77.4500,703176.490
1771425900000,77.4500,77.7000,77.2400,77.6600,275562.306
1771426800000,77.6500,78.1900,77.6400,78.1900,348161.744
1771427700000,78.1800,78.3300,77.9200,78.0100,208470.496
1771428600000,78.0100,78.0500,77.6500,77.9300,223258.044
1771429500000,77.9400,77.9400,77.5400,77.6900,130360.216
1771430400000,77.7000,77.9500,77.6500,77.8900,122553.409
1771431300000,77.8800,78.1300,77.7000,77.7800,152149.543
1771432200000,77.7700,78.2100,77.6900,78.1000,119217.631
1771433100000,78.1000,78.2600,77.8100,77.8100,99768.837
1771434000000,77.8100,77.9300,77.6700,77.8700,287279.228
1771434900000,77.8700,78.0400,77.8200,77.9800,63011.284
1771435800000,77.9800,78.1200,77.8300,78.0900,86056.111
1771436700000,78.0900,78.2900,78.0000,78.1500,118860.101
1771437600000,78.1400,78.2900,77.9200,77.9300,110191.890
1771438500000,77.9300,77.9300,77.3500,77.5300,244174.887
1771439400000,77.5300,77.6100,76.9200,77.1600,235179.541
1771440300000,77.1600,77.3200,77.0900,77.2500,77613.065
1771441200000,77.2500,77.4400,77.0900,77.2900,147909.475
1771442100000,77.2900,77.4300,76.6600,76.7600,177279.403
1771443000000,76.7600,76.8200,76.2600,76.7800,224032.851
1771443900000,76.8000,76.9200,76.6300,76.6800,132568.173
1771444800000,76.6900,76.8500,76.5500,76.6900,76583.380
1771445700000,76.6900,77.0600,76.5800,76.9200,91349.915
1771446600000,76.9100,77.2800,76.8700,77.1400,97398.960
1771447500000,77.1400,77.3900,77.1100,77.3200,62830.334
1771448400000,77.3200,77.3500,77.1100,77.2000,31691.642
1771449300000,77.2000,77.3400,77.1600,77.3200,26589.621
1771450200000,77.3200,77.3600,77.1600,77.2200,19693.254
1771451100000,77.2200,77.2200,77.0200,77.1500,40324.691
1771452000000,77.1500,77.4300,77.1500,77.2300,40982.869
1771452900000,77.2300,77.3700,77.2000,77.2300,17207.872
1771453800000,77.2300,77.3100,77.1500,77.3100,11586.777
1771454700000,77.3100,77.3500,77.2700,77.2900,16549.045
1771455600000,77.2800,77.6700,77.1600,77.5100,585925.050
1771456500000,77.5300,77.6300,77.2300,77.3800,215657.527
1771457400000,77.3800,77.5700,77.2700,77.3200,120399.268
1771458300000,77.3200,77.3600,76.9400,77.1700,177985.608
1771459200000,77.1700,77.1900,76.7500,76.8700,161751.020
1771460100000,76.8700,77.0400,76.6800,76.7400,103857.952
1771461000000,76.7500,77.0500,76.5200,76.7500,134707.379
1771461900000,76.7500,76.8100,76.4300,76.5000,153217.870
1771462800000,76.5000,77.0500,76.4700,77.0300,231497.249
1771463700000,77.0200,77.0400,76.6600,76.8900,102118.695
1771464600000,76.8900,77.0000,76.6400,76.9300,94626.062
1771465500000,76.9400,77.3100,76.9300,77.2800,83662.419
1771466400000,77.2800,77.4600,77.2200,77.2500,98768.050
1771467300000,77.2600,77.2700,77.0100,77.2400,73059.765
1771468200000,77.2400,77.4000,77.1800,77.3000,56394.174
1771469100000,77.3100,77.4100,77.1500,77.2000,88944.200
1771470000000,77.2000,77.2700,77.0700,77.2200,67111.067
1771470900000,77.2100,77.3400,77.1700,77.3300,28528.561
1771471800000,77.3300,77.9400,77.3300,77.8700,147840.385
1771472700000,77.8700,78.0900,77.8300,77.9900,129335.554
1771473600000,77.9900,78.2400,77.9000,78.0700,110094.714
1771474500000,78.0700,78.0900,77.8000,77.8500,69417.503
1771475400000,77.8500,77.9600,77.7800,77.8100,55986.073
1771476300000,77.8100,77.9000,77.6400,77.8800,80316.932
1771477200000,77.8700,78.1200,77.8700,77.9600,62893.066
1771478100000,77.9700,78.0000,77.8400,77.9100,45281.382
1771479000000,77.9100,78.0300,77.8800,78.0200,49053.060
1771479900000,78.0200,78.0500,77.8700,77.9500,46055.023
1771480800000,77.9500,78.1000,77.9100,78.0500,78986.446
1771481700000,78.0400,78.1500,77.9900,78.1400,72423.834
1771482600000,78.1300,78.6400,78.1300,78.5700,277692.523
1771483500000,78.5700,78.9300,78.5700,78.8400,263338.754
1771484400000,78.8400,79.1600,78.8400,78.9800,255387.681
1771485300000,78.9800,79.2300,78.9200,79.1200,135746.043
1771486200000,79.1100,79.1600,79.0400,79.0700,76601.134
1771487100000,79.0600,79.1200,78.8000,78.8900,182681.895
1771488000000,78.9000,78.9300,78.6200,78.9300,175993.427
1771488900000,78.9300,79.3500,78.9100,79.3100,203219.839
1771489800000,79.3100,79.3100,79.1500,79.2900,112747.466
1771490700000,79.2900,79.5000,79.0600,79.1700,225608.411
1771491600000,79.1700,79.3000,79.0600,79.2400,104253.081
1771492500000,79.2400,79.3000,78.7300,78.7300,177461.628
1771493400000,78.7300,78.8800,78.3500,78.7900,249144.283
1771494300000,78.7800,78.8500,78.5600,78.5900,105145.939
1771495200000,78.5800,78.6000,78.1500,78.2800,248449.771
1771496100000,78.2700,78.6000,78.2200,78.3100,118002.420
1771497000000,78.3200,78.5600,78.1500,78.3800,132236.159
1771497900000,78.3900,78.5300,78.3100,78.4700,70868.778
1771498800000,78.4600,78.6300,78.3100,78.4100,79496.130
1771499700000,78.4100,78.4700,77.9200,78.0200,182400.184
1771500600000,78.0300,78.2300,77.9300,78.0400,124135.896
1771501500000,78.0400,78.1200,77.3200,77.9000,266166.583
1771502400000,77.9000,77.9600,77.3800,77.7200,228400.132
1771503300000,77.7200,77.9600,77.5400,77.9400,130210.244
1771504200000,77.9300,78.1200,77.7300,78.0700,274970.912
1771505100000,78.0700,78.2200,77.9200,78.0400,180550.827
1771506000000,78.0400,78.0600,77.5100,77.7500,250983.602
1771506900000,77.7600,78.1200,77.6200,77.9900,244402.368
1771507800000,77.9900,78.3400,77.6400,78.2300,273109.730
1771508700000,78.2300,78.4500,78.1700,78.3400,132400.890
1771509600000,78.3400,78.3500,77.6200,77.6600,250215.304
1771510500000,77.6700,78.0300,77.6100,77.9900,154373.367
1771511400000,77.9800,77.9800,77.1000,77.7700,590081.908
1771512300000,77.7800,78.1900,77.3700,77.9600,422278.415
1771513200000,77.9700,78.3400,77.9100,78.1000,311505.543
1771514100000,78.1100,78.3800,77.9800,78.3600,241869.483
1771515000000,78.3600,79.1100,78.3400,78.8800,422078.778
1771515900000,78.8800,78.9400,78.1500,78.6400,308137.567
1771516800000,78.6500,78.6600,77.8800,78.2600,247883.110
1771517700000,78.2600,78.4500,77.8400,78.0800,134954.351
1771518600000,78.0700,78.2600,77.9700,78.1300,120652.003
1771519500000,78.1200,78.2200,77.3900,77.5800,258138.341
1771520400000,77.5700,77.8900,77.4300,77.7600,146863.430
1771521300000,77.7600,78.0600,77.6100,77.9200,97997.830
1771522200000,77.9100,78.1300,77.8600,77.9900,101167.027
1771523100000,77.9800,78.0400,77.5300,77.6100,120307.164
1771524000000,77.6100,77.9300,77.5300,77.8000,108051.186
1771524900000,77.8100,77.8700,77.4800,77.5300,123341.713
1771525800000,77.5200,77.7900,77.4800,77.5900,108305.614
1771526700000,77.5800,77.9400,77.5800,77.8200,72025.817
1771527600000,77.8100,78.0400,77.7400,77.9400,120224.345
1771528500000,77.9400,78.1500,77.9100,78.0200,139863.662
1771529400000,78.0200,78.0800,77.5800,77.7600,125132.156
1771530300000,77.7700,77.8500,77.6700,77.8200,55362.957
1771531200000,77.8200,78.0400,77.8000,78.0300,53394.784
1771532100000,78.0400,78.2300,77.9400,78.2100,69220.720
1771533000000,78.2000,78.4700,78.1700,78.4400,86209.891
1771533900000,78.4300,78.5600,78.3900,78.4400,66238.566
1771534800000,78.4400,78.5000,78.2800,78.4000,53324.940
1771535700000,78.4000,78.4800,78.1900,78.2100,51168.801
1771536600000,78.2100,78.3700,78.2000,78.3100,36126.727
1771537500000,78.3000,78.6100,78.2200,78.5700,46032.582
1771538400000,78.5800,78.5900,78.3700,78.4400,22784.465
1771539300000,78.4500,78.4800,78.3300,78.4600,14197.510
1771540200000,78.4700,78.4700,78.3100,78.4500,28384.471
1771541100000,78.4500,78.4600,78.2800,78.3300,28999.299
1771542000000,78.3300,78.7100,78.1000,78.1900,250294.621
1771542900000,78.1900,78.4900,78.1000,78.2600,143752.828
1771543800000,78.2600,78.3900,78.1500,78.1900,88091.332
1771544700000,78.1900,78.4200,77.8400,77.9200,137822.138
1771545600000,77.9300,78.3100,77.8100,78.2000,225272.088
1771546500000,78.2000,78.2800,77.9000,78.0600,82127.201
1771547400000,78.0500,78.3800,78.0500,78.3300,90025.688
1771548300000,78.3300,78.7600,78.3300,78.7200,164336.151
1771549200000,78.7200,78.7900,78.3900,78.6000,229666.901
1771550100000,78.5900,78.5900,78.2000,78.4100,111685.523
1771551000000,78.4100,78.4600,78.1800,78.3100,91632.608
1771551900000,78.3100,78.5000,78.2700,78.3500,57575.459
1771552800000,78.3400,78.7300,78.2800,78.4000,109976.771
1771553700000,78.4000,78.5100,78.2500,78.2700,47016.921
1771554600000,78.2800,78.4700,78.2800,78.4100,38033.740
1771555500000,78.4000,78.4000,77.9700,78.1700,113418.686
1771556400000,78.1600,78.5800,78.1500,78.4600,75906.183
1771557300000,78.4500,78.5500,78.3300,78.3400,30416.027
1771558200000,78.3400,78.6600,77.5100,77.6900,250353.664
1771559100000,77.7000,78.0300,77.7000,77.7300,108963.359
1771560000000,77.7300,78.0700,77.7000,78.0500,93152.980
1771560900000,78.0600,78.0900,77.9000,78.0500,51139.557
1771561800000,78.0600,78.3700,78.0600,78.2500,59072.574
1771562700000,78.2600,78.3200,78.1800,78.2500,23306.874
1771563600000,78.2600,78.4800,78.2600,78.3600,57525.830
1771564500000,78.3600,78.5600,78.3200,78.5100,39901.829
1771565400000,78.5100,78.5700,78.3200,78.3500,66288.902
1771566300000,78.3500,78.7500,78.3400,78.7000,76550.811
1771567200000,78.7000,78.9500,78.5400,78.7900,142159.749
1771568100000,78.7900,79.0300,78.7500,78.8200,97287.274
1771569000000,78.8200,79.0500,78.8200,79.0000,89561.861
1771569900000,79.0000,79.0200,78.7200,78.8000,99916.083
1771570800000,78.8100,79.1400,78.7000,79.0300,153926.872
1771571700000,79.0300,79.0800,78.8000,78.9500,95779.165
1771572600000,78.9500,79.0700,78.8600,79.0200,67987.360
1771573500000,79.0100,79.0200,78.7400,78.7800,99874.199
1771574400000,78.7900,79.0400,78.7700,78.9800,112466.636
1771575300000,78.9700,79.2000,78.9600,79.1500,127778.962
1771576200000,79.1600,79.6400,79.0900,79.4800,226262.355
1771577100000,79.4800,80.0900,79.4700,79.9600,299088.346
1771578000000,79.9600,81.2500,79.9000,81.2100,737029.196
1771578900000,81.2100,81.2800,80.6800,80.7300,414034.499
1771579800000,80.7200,80.8500,80.5800,80.6200,272017.887
1771580700000,80.6300,80.6400,80.3200,80.4000,187064.414
1771581600000,80.4000,80.6000,80.2700,80.5600,194120.812
1771582500000,80.5600,80.8000,80.5100,80.7400,167769.382
1771583400000,80.7300,80.9100,80.6500,80.6900,123235.698
1771584300000,80.6900,81.0200,80.5700,80.8200,156602.112
1771585200000,80.8100,81.0400,80.7400,80.8400,105684.314
1771586100000,80.8400,80.9900,80.5100,80.6800,183827.712
1771587000000,80.6800,80.6900,80.2200,80.2900,174142.471
1771587900000,80.2900,80.6100,80.1700,80.5300,221954.501
1771588800000,80.5300,80.7800,80.3400,80.6000,201933.828
1771589700000,80.6000,80.6100,80.1600,80.2200,160006.158
1771590600000,80.2300,80.5200,80.0600,80.4600,188910.474
1771591500000,80.4500,80.6500,80.3000,80.6200,113836.103
1771592400000,80.6300,80.6900,80.4600,80.5500,142842.378
1771593300000,80.5700,80.6900,80.4500,80.6100,141881.784
1771594200000,80.6100,80.6900,80.1700,80.5900,374190.214
1771595100000,80.5900,80.9600,80.5600,80.8100,516279.615
1771596000000,80.8000,80.9800,80.6100,80.7900,177570.241
1771596900000,80.7900,80.8400,80.6600,80.7600,101582.673
1771597800000,80.7500,81.5200,80.5200,81.4500,568765.748
1771598700000,81.4500,82.0200,81.2800,81.6900,578658.274
1771599600000,81.6900,82.1600,79.8300,80.8000,1870655.040
1771600500000,80.8100,81.5300,80.6000,81.0900,692298.101
1771601400000,81.0900,82.3100,80.7600,82.2500,611714.677
1771602300000,82.2400,82.5400,81.6900,81.7900,492386.861
1771603200000,81.7900,82.1700,81.4500,82.0900,311346.008
1771604100000,82.1000,82.3000,81.8000,82.1800,327777.717
1771605000000,82.1900,82.5900,82.1100,82.3900,281602.380
1771605900000,82.3900,82.5500,82.2400,82.4400,202222.963
1771606800000,82.4500,82.7200,82.3500,82.4100,312071.368
1771607700000,82.4200,82.4400,81.8500,82.4200,349579.192
1771608600000,82.4200,82.7300,82.3900,82.6400,224096.073
1771609500000,82.6400,82.9000,82.6100,82.7100,250307.080
1771610400000,82.7200,82.8800,82.6600,82.7700,148329.143
1771611300000,82.7700,82.7800,82.2900,82.4000,273208.400
1771612200000,82.3900,82.8100,82.3300,82.6300,271257.983
1771613100000,82.6300,82.9000,82.6300,82.8500,168172.692
1771614000000,82.8400,83.0200,82.7800,82.8300,127717.368
1771614900000,82.8200,82.9800,82.7100,82.8300,110175.101
1771615800000,82.8400,83.2000,82.8400,83.1900,125341.719
1771616700000,83.1800,83.3800,83.1500,83.2900,155640.220
1771617600000,83.2900,83.6300,83.2500,83.5900,172951.895
1771618500000,83.5800,84.2700,83.5600,84.2100,278465.076
1771619400000,84.2100,84.5900,83.9400,84.1300,408532.222
1771620300000,84.1400,84.5800,83.8600,84.4400,374379.779
1771621200000,84.4400,84.4700,83.8200,83.9400,243073.242
1771622100000,83.9500,84.2800,83.8600,84.2600,182285.380
1771623000000,84.2500,84.3700,84.1600,84.2600,106698.267
1771623900000,84.2500,84.5800,84.1900,84.5200,187433.672
1771624800000,84.5100,84.5600,84.4100,84.5500,58659.908
1771625700000,84.5600,84.8100,84.5500,84.6500,93153.258
1771626600000,84.6500,84.7400,84.6300,84.7200,30157.627
1771627500000,84.7200,84.7200,84.5900,84.5900,28398.099
1771628400000,84.5900,84.6700,84.5400,84.6500,40016.767
1771629300000,84.6500,84.6700,84.5900,84.5900,25582.408
1771630200000,84.5900,84.6000,84.5200,84.5200,22355.495
1771631100000,84.5200,84.5500,84.5100,84.5300,21427.859
1771632000000,84.5300,84.5500,84.5100,84.5300,29171.843
1771632900000,84.5300,84.5400,84.4800,84.5100,34389.087
1771633800000,84.5000,84.5100,84.4700,84.4700,23040.276
1771634700000,84.4700,84.5700,84.4700,84.5400,27661.410
1771635600000,84.5400,84.5500,84.5100,84.5200,16021.153
1771636500000,84.5200,84.5400,84.4800,84.4800,24542.474
1771637400000,84.4800,84.5200,84.4800,84.5200,13294.756
1771638300000,84.5200,84.5200,84.5000,84.5000,17257.524
1771639200000,84.5100,84.5300,84.5000,84.5200,21287.202
1771640100000,84.5200,84.5300,84.5100,84.5200,15149.044
1771641000000,84.5300,84.5400,84.5100,84.5300,20136.837
1771641900000,84.5200,84.5500,84.5200,84.5200,19281.410
1771642800000,84.5200,84.5400,84.5200,84.5300,16005.727
1771643700000,84.5300,84.5700,84.5300,84.5400,22978.111
1771644600000,84.5500,84.5500,84.5400,84.5400,12922.860
1771645500000,84.5400,84.5500,84.5300,84.5400,13171.274
1771646400000,84.5400,84.5400,84.5300,84.5300,13749.952
1771647300000,84.5300,84.5400,84.5300,84.5400,16055.153
1771648200000,84.5300,84.5400,84.5100,84.5100,15766.074
1771649100000,84.5100,84.5300,84.5100,84.5200,9891.237
1771650000000,84.5200,84.5200,84.5100,84.5100,7401.872
1771650900000,84.5100,84.5300,84.5100,84.5200,10560.244
1771651800000,84.5200,84.5300,84.5100,84.5300,8162.728
1771652700000,84.5300,84.5400,84.5200,84.5400,16807.539
1771653600000,84.5400,84.5500,84.5300,84.5400,6261.957
1771654500000,84.5400,84.5500,84.5400,84.5500,6187.232
1771655400000,84.5500,84.5600,84.5400,84.5500,4030.041
1771656300000,84.5500,84.5600,84.5500,84.5600,1228.049
1771657200000,84.5500,84.5600,84.5500,84.5600,7054.166
1771658100000,84.5600,84.5600,84.5500,84.5500,1671.038
1771659000000,84.5600,84.5600,84.5500,84.5500,3929.386
1771659900000,84.5500,84.5600,84.5500,84.5500,6160.927
1771660800000,84.5500,84.5900,84.5500,84.5900,18221.599
1771661700000,84.5900,84.5900,84.5800,84.5800,5899.211
1771662600000,84.5900,84.5900,84.5800,84.5900,4447.286
1771663500000,84.5800,84.6200,84.5800,84.6200,10745.533
1771664400000,84.6200,84.6200,84.5900,84.5900,9673.481
1771665300000,84.5900,84.6100,84.5900,84.6100,11262.680
1771666200000,84.6000,84.6100,84.5900,84.5900,9750.298
1771667100000,84.5900,84.6000,84.5700,84.5900,15733.852
1771668000000,84.5900,84.5900,84.5600,84.5700,9497.744
1771668900000,84.5700,84.5700,84.5500,84.5500,9565.428
1771669800000,84.5500,84.5600,84.5400,84.5400,13393.113
1771670700000,84.5500,84.5500,84.5300,84.5300,9918.697
1771671600000,84.5400,84.5500,84.5300,84.5400,11091.844
1771672500000,84.5400,84.5500,84.5300,84.5400,9347.113
1771673400000,84.5400,84.5400,84.5200,84.5400,8309.754
1771674300000,84.5300,84.5400,84.5200,84.5300,8552.329
1771675200000,84.5300,84.5400,84.5200,84.5300,8923.743
1771676100000,84.5200,84.5300,84.5200,84.5200,8347.440
1771677000000,84.5200,84.5300,84.5200,84.5200,7843.084
1771677900000,84.5200,84.5400,84.5200,84.5300,9089.633
1771678800000,84.5300,84.5300,84.5100,84.5100,10195.071
1771679700000,84.5200,84.5300,84.5100,84.5200,7842.050
1771680600000,84.5200,84.5400,84.5200,84.5300,9960.982
1771681500000,84.5300,84.5500,84.5300,84.5300,10660.645
1771682400000,84.5300,84.5400,84.5100,84.5100,11310.613
1771683300000,84.5100,84.5200,84.5000,84.5200,11702.998
1771684200000,84.5200,84.5500,84.5100,84.5400,16262.374
1771685100000,84.5400,84.5500,84.5200,84.5400,13162.832
1771686000000,84.5400,84.5600,84.5300,84.5500,22362.002
1771686900000,84.5600,84.5600,84.5200,84.5400,27033.748
1771687800000,84.5500,84.5800,84.5400,84.5700,6655.600
1771688700000,84.5700,84.5800,84.5600,84.5700,4674.270
1771689600000,84.5600,84.5700,84.5600,84.5700,14835.469
1771690500000,84.5700,84.6000,84.5600,84.5800,28981.096
1771691400000,84.5800,84.6100,84.5700,84.6100,29200.165
1771692300000,84.6100,84.6100,84.5700,84.5800,11092.707
1771693200000,84.5700,84.5800,84.5700,84.5800,6621.542
1771694100000,84.5700,84.6000,84.5700,84.5800,6853.147
1771695000000,84.5900,84.6100,84.5800,84.6100,5619.396
1771695900000,84.6100,84.6200,84.6000,84.6200,4424.483
1771696800000,84.6100,84.6300,84.6100,84.6300,4552.114
1771697700000,84.6200,84.6600,84.6100,84.6400,10210.645
1771698600000,84.6400,84.6900,84.6300,84.6700,12627.386
1771699500000,84.6700,84.8000,84.6700,84.7700,37299.845
1771700400000,84.7800,84.8100,84.7700,84.8000,17453.186
1771701300000,84.8000,84.8200,84.8000,84.8100,5952.018
1771702200000,84.8100,84.8700,84.8100,84.8600,18020.516
1771703100000,84.8600,84.8700,84.8100,84.8100,16795.412
1771704000000,84.8200,84.8500,84.8100,84.8400,11878.701
1771704900000,84.8500,84.8500,84.6600,84.6600,31187.407
1771705800000,84.6600,84.6800,84.6300,84.6600,11697.411
1771706700000,84.6600,84.6900,84.6600,84.6700,9179.129
1771707600000,84.6700,84.6800,84.6300,84.6500,22272.032
1771708500000,84.6500,84.6600,84.6300,84.6400,8593.147
1771709400000,84.6400,84.6500,84.6300,84.6400,2081.616
1771710300000,84.6400,84.6800,84.6300,84.6600,7372.076
1771711200000,84.6600,84.6800,84.6600,84.6700,5912.537
1771712100000,84.6600,84.6700,84.6400,84.6600,3725.487
1771713000000,84.6600,84.6900,84.6500,84.6600,7551.549
1771713900000,84.6600,84.6800,84.6500,84.6800,3699.453
1771714800000,84.6700,84.7300,84.6600,84.6900,16037.727
1771715700000,84.7000,84.7600,84.6800,84.7600,10106.671
1771716600000,84.7500,84.7600,84.7100,84.7200,10829.106
1771717500000,84.7100,84.7200,84.6900,84.7100,5376.542
1771718400000,84.7000,84.7300,84.7000,84.7200,10648.529
1771719300000,84.7200,84.7300,84.7100,84.7300,6739.594
1771720200000,84.7300,84.7500,84.7200,84.7500,5415.757
1771721100000,84.7400,84.7500,84.7200,84.7300,7475.414
1771722000000,84.7300,84.7300,84.7100,84.7200,7674.386
1771722900000,84.7200,84.7400,84.7100,84.7300,19921.441
1771723800000,84.7200,84.7400,84.7000,84.7400,10005.537
1771724700000,84.7400,84.7400,84.7200,84.7300,8375.548
1771725600000,84.7200,84.7500,84.7200,84.7500,14717.816
1771726500000,84.7500,84.7500,84.7300,84.7300,5282.609
1771727400000,84.7400,84.7600,84.7300,84.7400,18176.668
1771728300000,84.7300,84.7500,84.7300,84.7400,14369.410
1771729200000,84.7400,84.7400,84.7200,84.7300,8711.717
1771730100000,84.7200,84.7300,84.7100,84.7100,7095.778
1771731000000,84.7100,84.7200,84.6800,84.6800,15966.948
1771731900000,84.6800,84.6900,84.6600,84.6600,8030.854
1771732800000,84.6700,84.7100,84.6700,84.7100,12094.379
1771733700000,84.7100,84.7100,84.7000,84.7000,3917.566
1771734600000,84.7000,84.7100,84.6800,84.6900,4980.748
1771735500000,84.6900,84.7000,84.6900,84.6900,1827.528
1771736400000,84.7000,84.7200,84.6900,84.7000,5325.332
1771737300000,84.7000,84.7200,84.6900,84.7100,6268.941
1771738200000,84.7100,84.7200,84.7000,84.7200,5729.316
1771739100000,84.7100,84.7200,84.7100,84.7100,5089.545
1771740000000,84.7200,84.7400,84.7100,84.7300,9362.216
1771740900000,84.7400,84.7500,84.7300,84.7400,3880.197
1771741800000,84.7400,84.7400,84.7300,84.7400,7592.750
1771742700000,84.7300,84.7400,84.7300,84.7400,3606.832
1771743600000,84.7400,84.7400,84.7200,84.7300,6648.589
1771744500000,84.7200,84.7300,84.7100,84.7100,3051.534
1771745400000,84.7100,84.7200,84.7100,84.7200,2156.306
1771746300000,84.7100,84.7300,84.7100,84.7200,10022.463
1771747200000,84.7200,84.7700,84.7200,84.7500,15108.356
1771748100000,84.7400,84.7500,84.7400,84.7500,6661.017
1771749000000,84.7500,84.7500,84.7200,84.7400,8617.661
1771749900000,84.7300,84.7400,84.7100,84.7200,8996.704
1771750800000,84.7100,84.7300,84.7100,84.7200,8227.185
1771751700000,84.7100,84.7200,84.7000,84.7100,6269.656
1771752600000,84.7100,84.7100,84.6800,84.7000,20755.411
1771753500000,84.7000,84.7000,84.6900,84.6900,7509.977
1771754400000,84.6900,84.7000,84.6900,84.6900,5679.524
1771755300000,84.7000,84.7000,84.6900,84.7000,4050.709
1771756200000,84.7000,84.7000,84.6900,84.7000,3830.509
1771757100000,84.7000,84.7000,84.6900,84.7000,3970.826
1771758000000,84.7000,84.7000,84.6900,84.7000,2670.049
1771758900000,84.7000,84.7000,84.6900,84.6900,4695.865
1771759800000,84.7000,84.7000,84.6500,84.6600,38453.614
1771760700000,84.6700,84.6800,84.6600,84.6700,4970.885
1771761600000,84.6700,84.7200,84.6700,84.7100,22726.263
1771762500000,84.7100,84.7300,84.7000,84.7200,6021.601
1771763400000,84.7300,84.7400,84.7100,84.7200,4941.928
1771764300000,84.7200,84.7900,84.7200,84.7700,15705.059
1771765200000,84.7700,84.8600,84.7600,84.7800,12728.760
1771766100000,84.7900,84.8000,84.7800,84.8000,4826.384
1771767000000,84.8000,84.8900,84.7900,84.8600,15606.315
1771767900000,84.8600,84.8800,84.8600,84.8800,10317.118
1771768800000,84.8800,84.8800,84.8300,84.8300,8711.572
1771769700000,84.8400,84.8700,84.8300,84.8500,13502.897
1771770600000,84.8500,85.0300,84.8500,85.0000,51608.877
1771771500000,85.0000,85.0600,84.9500,84.9700,31193.326
1771772400000,84.9800,85.1900,84.9600,84.9900,69664.916
1771773300000,84.9800,85.0700,84.7300,84.8200,62645.518
1771774200000,84.8200,84.8800,84.7700,84.8000,17290.410
1771775100000,84.8000,84.9900,84.7800,84.9000,33711.678
1771776000000,84.9100,85.4000,84.9100,85.1800,199338.847
1771776900000,85.1700,85.2900,85.1100,85.2400,31958.857
1771777800000,85.2300,85.2400,84.9000,84.9500,79086.191
1771778700000,84.9600,85.0900,84.9300,85.0300,28702.937
1771779600000,85.0300,85.1300,84.9700,85.0100,23235.126
1771780500000,85.0000,85.0900,84.9900,85.0800,16388.118
1771781400000,85.0700,85.1400,85.0000,85.1100,14876.111
1771782300000,85.1000,85.1900,85.0800,85.1800,17965.610
1771783200000,85.1800,85.2300,85.0200,85.0500,20559.962
1771784100000,85.0400,85.0700,85.0000,85.0100,23880.856
1771785000000,85.0000,85.0400,84.9400,84.9400,28168.527
1771785900000,84.9400,84.9600,84.8200,84.8200,46839.478
1771786800000,84.8200,84.9900,84.8000,84.9900,58973.045
1771787700000,84.9900,85.0400,84.9300,84.9700,11537.053
1771788600000,84.9700,85.0600,84.9500,85.0500,21104.829
1771789500000,85.0400,85.0500,84.8000,84.8000,51154.754
1771790400000,84.8100,85.2000,84.8100,85.1500,130389.021
1771791300000,85.1400,85.1800,85.0700,85.1200,30947.103
1771792200000,85.1100,85.2800,85.0900,85.1600,28664.017
1771793100000,85.1700,85.2700,85.1600,85.2200,22056.906
1771794000000,85.2100,85.2500,85.1600,85.2400,14802.068
1771794900000,85.2300,85.2500,85.1600,85.2000,16618.176
1771795800000,85.2000,85.3000,85.1400,85.1700,18790.350
1771796700000,85.1700,85.3000,85.1600,85.2300,18461.373
1771797600000,85.2400,85.4400,85.2200,85.3000,39501.774
1771798500000,85.3000,85.5200,85.3000,85.4700,28536.587
1771799400000,85.4600,85.7000,85.4600,85.6900,39338.092
1771800300000,85.6800,85.7000,85.2600,85.5300,56120.508
1771801200000,85.5200,85.8800,84.7800,85.8800,845797.057
1771802100000,85.8800,86.2300,85.7600,86.0300,301737.216
1771803000000,86.0300,86.5400,85.9900,86.4500,364188.262
1771803900000,86.4600,87.0900,86.2900,86.8500,407609.176
1771804800000,86.8500,87.0000,86.3700,86.5400,580894.344
1771805700000,86.5500,86.6700,86.2500,86.6700,375137.831
1771806600000,86.6600,86.8000,86.2800,86.3600,213134.019
1771807500000,86.3600,86.3600,86.0200,86.2700,257183.845
1771808400000,86.2800,86.7200,85.8800,86.4600,374465.156
1771809300000,86.4600,87.1800,86.4300,87.1100,251150.260
1771810200000,87.1100,87.6200,87.0400,87.6100,324610.379
1771811100000,87.6100,87.6600,86.7800,86.8100,265846.527
1771812000000,86.8000,87.3500,86.7900,87.1700,177135.061
1771812900000,87.1700,87.4800,87.1400,87.4000,118494.427
1771813800000,87.4000,87.8100,87.3800,87.5500,189484.780
1771814700000,87.5500,87.6500,87.3300,87.5500,127588.065
1771815600000,87.5600,87.6500,87.1100,87.2900,152906.487
1771816500000,87.3000,87.3000,87.0800,87.1800,103281.391
1771817400000,87.1900,87.5800,87.1900,87.2400,132471.451
1771818300000,87.2400,87.4600,87.1500,87.1900,65018.685
1771819200000,87.1800,87.3700,87.0100,87.2600,145201.833
1771820100000,87.2500,87.3800,87.1500,87.3200,58397.561
1771821000000,87.3200,87.5400,87.1400,87.2700,78742.527
1771821900000,87.2700,87.3400,87.0200,87.1400,67150.892
1771822800000,87.1400,87.2700,86.9300,87.1500,159366.798
1771823700000,87.1500,87.2400,86.8400,86.9700,110233.872
1771824600000,86.9700,86.9900,86.7700,86.8600,76004.719
1771825500000,86.8500,87.0400,86.7900,86.9800,59264.775
1771826400000,86.9700,87.0800,86.9300,87.0200,70290.263
1771827300000,87.0200,87.0900,86.6800,86.7700,71746.861
1771828200000,86.7600,86.8700,86.4700,86.5300,174666.915
1771829100000,86.5200,86.6400,86.1500,86.3500,210232.748
1771830000000,86.3500,86.6300,86.2800,86.4300,157834.798
1771830900000,86.4200,86.4600,85.3700,85.6600,450598.977
1771831800000,85.6600,85.7000,85.1100,85.6100,377781.828
1771832700000,85.6100,85.9700,85.6100,85.7700,214342.476
1771833600000,85.7700,85.9500,85.6200,85.9100,235996.247
1771834500000,85.9100,86.1700,85.8900,85.9800,173529.357
1771835400000,85.9800,86.3300,85.8300,86.0500,223351.664
1771836300000,86.0500,86.4300,86.0400,86.3200,155313.784
1771837200000,86.3100,86.6000,86.2300,86.5700,194404.622
1771838100000,86.5700,86.6900,86.4600,86.6500,126142.016
1771839000000,86.6800,86.8100,86.4800,86.6000,235493.391
1771839900000,86.6000,86.7600,86.5400,86.6600,104367.670
1771840800000,86.6600,86.8500,86.5900,86.7100,144371.079
1771841700000,86.7100,86.9100,86.6400,86.8500,143627.373
1771842600000,86.8500,87.0200,86.7000,86.8500,171045.350
1771843500000,86.8600,87.0500,86.8100,86.9300,138747.613
1771844400000,86.9400,86.9700,86.5700,86.5800,149296.178
1771845300000,86.5800,86.5900,86.2800,86.3400,219324.580
1771846200000,86.3500,86.6800,86.1700,86.4900,154786.562
1771847100000,86.5000,86.6500,86.3200,86.4700,112834.318
1771848000000,86.4700,86.8800,86.3200,86.5900,220456.371
1771848900000,86.5900,86.6100,86.3500,86.5700,115683.308
1771849800000,86.5800,86.9700,86.5300,86.9300,174635.625
1771850700000,86.9300,87.1100,86.7800,87.0600,147409.183
1771851600000,87.0600,87.1100,86.8200,86.8800,216744.972
1771852500000,86.8900,86.9100,86.4000,86.4100,226245.107
1771853400000,86.4200,86.4600,86.0100,86.2900,322505.897
1771854300000,86.2800,86.4500,85.6100,85.6600,349977.504
1771855200000,85.6600,86.4900,85.6000,86.3500,472592.860
1771856100000,86.3600,86.6200,86.2900,86.4500,213977.437
1771857000000,86.4400,87.9200,86.4300,87.8800,605140.013
1771857900000,87.8800,88.0100,87.1000,87.2600,633039.656
1771858800000,87.2600,87.5800,86.7000,87.3700,622521.741
1771859700000,87.3700,87.3800,86.8100,87.2700,413813.955
1771860600000,87.2800,87.4400,87.0000,87.2000,270983.494
1771861500000,87.2000,87.3400,86.3100,86.6700,524624.797
1771862400000,86.6600,87.1400,85.9400,87.0300,669490.377
1771863300000,87.0300,87.3900,86.8600,87.2000,277296.345
1771864200000,87.2000,87.3500,87.0500,87.1500,186022.306
1771865100000,87.1500,87.2000,86.6100,86.6500,383260.506
1771866000000,86.6600,86.8400,86.3400,86.6100,340833.664
1771866900000,86.6000,86.9700,86.4600,86.8300,185411.269
1771867800000,86.8300,86.9400,86.2500,86.5600,269753.318
1771868700000,86.5600,86.8300,86.2700,86.8200,216411.753
1771869600000,86.8300,87.0600,86.7400,86.9600,228588.222
1771870500000,86.9600,86.9800,86.6200,86.9700,181360.818
1771871400000,86.9700,87.5600,86.9600,87.4800,139710.861
1771872300000,87.4900,87.6600,87.4400,87.5800,123403.607
1771873200000,87.5700,87.6600,87.3800,87.6000,108385.761
1771874100000,87.6000,87.7800,87.4500,87.5500,138244.330
1771875000000,87.5500,87.8000,87.5500,87.6900,82602.559
1771875900000,87.6900,87.7200,87.4900,87.6300,74385.174
1771876800000,87.6200,87.9900,87.6000,87.8100,82643.150
1771877700000,87.8100,88.2800,87.8000,88.2700,179514.237
1771878600000,88.2600,88.8000,88.2400,88.6100,220900.809
1771879500000,88.6100,89.1400,88.4400,88.8300,245499.869
1771880400000,88.8200,88.8200,88.4500,88.5000,92442.834
1771881300000,88.5000,88.6400,88.4400,88.4800,69506.123
1771882200000,88.4800,88.5600,87.9200,88.0400,122834.180
1771883100000,88.0400,88.2300,87.9900,88.1600,96565.709
1771884000000,88.1600,88.4100,88.1600,88.3500,47157.407
1771884900000,88.3500,88.3500,88.2100,88.2800,11963.791
1771885800000,88.2900,88.2900,88.1300,88.1500,25439.431
1771886700000,88.1500,88.4600,88.1500,88.4500,30323.822
1771887600000,88.4500,88.9000,88.2900,88.7600,318000.979
1771888500000,88.7600,88.9000,88.3700,88.5300,175372.251
1771889400000,88.5300,88.8100,88.3000,88.5000,164216.435
1771890300000,88.4900,88.5100,86.7000,88.0200,657834.832
1771891200000,88.0300,88.2200,87.6800,87.7900,269928.967
1771892100000,87.7800,87.9900,87.6600,87.7300,158301.350
1771893000000,87.7400,87.8300,87.3600,87.7700,173455.089
1771893900000,87.7700,87.9000,87.2400,87.6000,269532.742
1771894800000,87.5900,87.5900,86.6300,86.7600,975509.489
1771895700000,86.7600,86.8700,84.8100,86.1300,1442020.733
1771896600000,86.1400,86.7500,85.9600,86.5300,512720.712
1771897500000,86.5400,86.6500,85.8400,86.4600,359513.888
1771898400000,86.4500,86.9700,86.3900,86.8400,439357.775
1771899300000,86.8300,86.8400,86.2800,86.5300,296054.006
1771900200000,86.5300,87.0800,86.5000,86.9700,339989.404
1771901100000,86.9700,87.4700,86.9300,87.3900,275504.551
1771902000000,87.3800,87.3900,86.9700,87.2600,148608.824
1771902900000,87.2500,87.5400,87.1200,87.2400,165240.743
1771903800000,87.2400,87.3600,87.0000,87.1000,168310.236
1771904700000,87.1000,87.2000,86.8300,86.8800,127284.352
1771905600000,86.8800,86.9600,86.6500,86.6700,157023.336
1771906500000,86.6800,87.0200,86.6700,86.9300,102472.840
1771907400000,86.9400,87.0500,86.6700,86.7000,70661.019
1771908300000,86.7000,86.9200,86.6800,86.8100,67662.310
1771909200000,86.8000,87.4000,86.6800,87.3200,246358.999
1771910100000,87.3300,87.5200,87.1100,87.1500,246039.081
1771911000000,87.1500,87.9400,87.0700,87.8600,332701.538
1771911900000,87.8600,88.2300,87.7400,88.1200,311570.646
1771912800000,88.1300,88.8800,88.0700,88.8000,385072.007
1771913700000,88.8100,88.8800,87.7900,87.8500,386922.733
1771914600000,87.8500,88.3400,87.7800,88.1600,391351.486
1771915500000,88.1700,88.3400,87.9900,88.0600,148576.295
1771916400000,88.0600,88.2300,87.8300,88.1900,245197.298
1771917300000,88.1900,88.3900,87.9000,88.0700,191743.238
1771918200000,88.0700,88.3200,87.9200,88.2200,183678.159
1771919100000,88.2200,88.2300,87.8800,87.8900,151832.815
1771920000000,87.8900,88.2100,87.6300,88.1400,251501.174
1771920900000,88.1400,88.2000,87.6500,87.9100,224093.250
1771921800000,87.9100,88.2600,87.9100,88.0400,176420.275
1771922700000,88.0500,88.1900,87.9200,88.1000,131722.462
1771923600000,88.0900,88.3200,87.9300,88.0100,225644.837
1771924500000,88.0200,88.1900,87.9700,88.0400,141412.740
1771925400000,88.0400,88.1500,87.8500,88.0300,165603.159
1771926300000,88.0300,88.1100,87.8800,88.0400,100177.678
1771927200000,88.0400,88.5000,88.0400,88.4700,192890.120
1771928100000,88.4600,88.6100,88.3200,88.4000,146129.474
1771929000000,88.4100,88.4700,87.8800,87.9400,345107.230
1771929900000,87.9400,88.1500,87.9300,88.0900,105911.420
1771930800000,88.0900,88.1500,87.9900,88.1000,57359.178
1771931700000,88.1000,88.1100,87.8500,88.0400,92246.564
1771932600000,88.0400,88.2100,87.9200,88.1500,122380.594
1771933500000,88.1500,88.3100,87.8300,88.1000,152467.623
1771934400000,88.0900,88.2200,87.8800,87.9800,175191.781
1771935300000,87.9900,88.0100,87.2800,87.7100,367626.803
1771936200000,87.7100,87.8800,87.5900,87.7500,174849.130
1771937100000,87.7500,87.8500,87.4900,87.7500,122308.396
1771938000000,87.7600,88.2600,87.7600,88.2100,290086.641
1771938900000,88.2100,88.2500,87.9600,88.0200,151572.844
1771939800000,88.0200,88.1200,87.3000,87.7000,320222.620
1771940700000,87.7000,87.7100,86.0900,86.2500,685047.638
1771941600000,86.2500,86.3400,85.3800,85.8100,884835.439
1771942500000,85.8100,86.5700,85.7500,86.4000,552363.063
1771943400000,86.4100,87.2700,86.1300,87.2200,682405.386
1771944300000,87.2200,87.5300,86.9700,87.1600,458331.005
1771945200000,87.1600,87.6200,86.9400,87.5700,384879.254
1771946100000,87.5700,88.0500,87.4500,87.6700,334035.440
1771947000000,87.6700,87.9700,87.5600,87.9400,305565.907
1771947900000,87.9500,88.0500,87.7500,87.8100,203346.730
1771948800000,87.8200,88.1600,87.7400,88.1100,244097.842
1771949700000,88.1100,88.2200,87.7100,87.7900,232686.315
1771950600000,87.7900,87.9800,87.2600,87.8400,364156.280
1771951500000,87.8400,87.8500,87.0300,87.4000,401011.256
1771952400000,87.4000,87.8700,87.4000,87.8200,183273.621
1771953300000,87.8200,88.0300,87.7900,87.9400,199116.995
1771954200000,87.9500,88.0600,87.8200,87.9800,89371.257
1771955100000,87.9900,88.0300,87.9100,88.0300,70847.736
1771956000000,88.0300,88.2600,87.9100,88.1700,106821.697
1771956900000,88.1700,88.1800,87.5300,87.7200,273407.991
1771957800000,87.7300,87.7800,87.1300,87.5000,249557.902
1771958700000,87.5100,87.6000,87.3000,87.3100,82969.389
1771959600000,87.3100,87.3500,86.6300,86.9500,275419.653
1771960500000,86.9600,87.1600,86.6600,87.1600,152314.398
1771961400000,87.1500,87.4300,86.9700,87.1700,91087.067
1771962300000,87.1800,87.2700,87.0400,87.0500,63271.141
1771963200000,87.0600,87.2300,86.7100,86.8700,137105.408
1771964100000,86.8800,87.4900,86.7800,87.3900,143067.349
1771965000000,87.3900,87.7100,87.2800,87.6800,158401.969
1771965900000,87.6700,87.6700,87.1900,87.3500,140258.977
1771966800000,87.3500,87.4100,87.2000,87.3900,45622.533
1771967700000,87.3900,87.4300,87.1300,87.1800,43996.330
1771968600000,87.1800,87.3600,87.0400,87.3100,65190.135
1771969500000,87.3200,87.4800,87.1500,87.1700,53906.425
1771970400000,87.1800,87.4300,87.1800,87.2900,54760.772
1771971300000,87.3000,87.3700,87.2500,87.2600,16427.720
1771972200000,87.2500,87.3200,87.2400,87.2500,11548.412
1771973100000,87.2500,87.2500,86.8200,87.0000,84909.576
1771974000000,87.0100,87.2200,86.6500,86.9300,377343.839
1771974900000,86.9300,86.9600,86.6800,86.7100,65639.284
1771975800000,86.7000,87.3300,86.5400,87.3000,199701.911
1771976700000,87.3100,87.4300,87.2200,87.2300,98892.784
1771977600000,87.2300,87.3300,86.7600,86.9500,233615.348
1771978500000,86.9500,87.2300,86.8900,86.9900,141121.944
1771979400000,87.0000,87.3300,86.8800,87.1800,221717.105
1771980300000,87.1700,87.4900,87.0400,87.4200,168186.609
1771981200000,87.4200,88.2000,87.3900,87.9900,597657.086
1771982100000,88.0000,88.6200,87.9500,88.5100,325179.924
1771983000000,88.5200,88.7600,88.2000,88.2900,279105.976
1771983900000,88.3000,88.5500,88.2900,88.3500,158222.018
1771984800000,88.3500,88.7700,88.3400,88.7400,164983.416
1771985700000,88.7400,89.1900,88.7400,89.1700,308065.232
1771986600000,89.1700,89.6400,89.0800,89.6300,425734.483
1771987500000,89.6300,89.7700,89.1300,89.4200,465520.642
1771988400000,89.4200,89.8600,89.4200,89.8200,324591.158
1771989300000,89.8200,89.8500,89.3000,89.5100,314974.892
1771990200000,89.5100,89.6400,88.8400,89.2300,457028.737
1771991100000,89.2300,89.6000,89.1200,89.5100,348333.091
1771992000000,89.5100,89.5500,89.1300,89.4000,215255.603
1771992900000,89.4100,89.5600,89.2700,89.5100,166035.826
1771993800000,89.5100,89.5400,89.3100,89.4500,138238.141
1771994700000,89.4500,89.5500,89.2900,89.4000,96612.535
1771995600000,89.4000,89.7500,89.4000,89.5800,239716.554
1771996500000,89.5800,89.7800,89.5400,89.7600,207051.908
1771997400000,89.7500,90.9400,89.7100,90.8500,592837.886
1771998300000,90.8400,91.1900,90.7500,90.7800,511727.512
1771999200000,90.7800,90.7900,90.0800,90.4400,563022.163
1772000100000,90.4400,90.8100,90.1600,90.2100,283432.865
1772001000000,90.2000,90.6100,90.2000,90.4100,247006.782
1772001900000,90.4000,90.6400,90.1600,90.5200,221959.744
1772002800000,90.5300,90.6600,90.3300,90.4500,197443.648
1772003700000,90.4400,90.5700,90.2500,90.5300,158712.127
1772004600000,90.5300,90.6000,90.2800,90.3600,171252.910
1772005500000,90.3700,90.4600,90.2200,90.3400,150899.189
1772006400000,90.3300,90.6600,90.3300,90.5800,173502.753
1772007300000,90.5700,91.0200,90.5600,90.9300,298005.617
1772008200000,90.9200,91.0700,90.7400,91.0100,180058.784
1772009100000,91.0100,91.0800,90.8800,90.9000,130976.995
1772010000000,90.9000,90.9000,90.3800,90.6600,347561.523
1772010900000,90.6600,90.9300,90.6100,90.8400,208058.143
1772011800000,90.8400,90.9500,90.6300,90.7000,131981.458
1772012700000,90.7100,90.8600,90.5500,90.6700,85852.139
1772013600000,90.6800,90.8600,90.6700,90.7200,103732.119
1772014500000,90.7300,90.7700,90.3100,90.4600,297886.999
1772015400000,90.4600,90.6900,90.4400,90.4900,185520.329
1772016300000,90.4900,90.5700,90.3700,90.4800,153367.339
1772017200000,90.4900,90.4900,89.8000,89.8400,379185.948
1772018100000,89.8400,90.1800,89.5000,90.1400,303374.342
1772019000000,90.1400,90.3600,90.0900,90.2900,146381.208
1772019900000,90.2900,90.4900,90.0100,90.4900,184486.382
1772020800000,90.4800,90.7000,90.3700,90.3900,324494.718
1772021700000,90.3800,90.4900,90.2900,90.3100,210153.673
1772022600000,90.3000,90.5400,90.1200,90.4500,300751.219
1772023500000,90.4600,90.6700,90.3500,90.5800,280134.803
1772024400000,90.5800,90.9800,90.5400,90.7500,474810.555
1772025300000,90.7500,90.9900,90.7200,90.7400,284711.138
1772026200000,90.7400,90.9300,90.3600,90.4900,364270.180
1772027100000,90.5000,90.7000,90.2700,90.5600,450312.425
1772028000000,90.5600,90.8400,90.3100,90.7500,379966.579
1772028900000,90.7600,90.8900,90.4000,90.4000,298380.978
1772029800000,90.3900,90.7900,89.4400,90.1600,1345834.167
1772030700000,90.1600,90.6800,89.9200,90.5500,681550.942
1772031600000,90.5500,90.7800,90.0800,90.3200,310851.648
1772032500000,90.3100,90.4900,89.8300,90.0900,304305.718
1772033400000,90.0800,90.3800,89.7900,90.2000,291433.818
1772034300000,90.1900,90.6100,90.1000,90.5900,218322.181
1772035200000,90.5900,90.6100,90.2800,90.4200,177120.174
1772036100000,90.4200,90.7900,90.3100,90.6400,258880.569
1772037000000,90.6300,90.7900,90.3800,90.6800,235046.341
1772037900000,90.6900,91.0600,90.6900,90.8500,427157.877
1772038800000,90.8400,90.9200,90.7100,90.8200,175923.767
1772039700000,90.8300,90.9500,90.5900,90.8100,150995.851
1772040600000,90.8200,90.9100,90.6100,90.7600,135883.379
1772041500000,90.7700,91.1500,90.7000,91.0500,241809.321
1772042400000,91.0500,91.0600,91.0000,91.0100,39621.748
1772043300000,91.0200,91.2800,91.0000,91.2200,110651.260
1772044200000,91.2200,91.2800,91.1500,91.2000,38849.357
1772045100000,91.2000,91.2000,90.6700,90.7200,130325.355
1772046000000,90.7200,90.9800,90.6800,90.9500,101476.338
1772046900000,90.9500,91.0300,90.7600,91.0300,60529.425
1772047800000,91.0200,91.0700,90.8300,90.9500,63219.525
1772048700000,90.9500,91.2700,90.6900,91.1100,409370.778
1772049600000,91.1100,91.2700,90.8600,90.9600,161971.419
1772050500000,90.9600,91.0200,89.9300,89.9300,341600.259
1772051400000,89.9200,90.0700,89.4600,89.6400,449553.846
1772052300000,89.6300,89.6400,88.3200,88.4900,721800.480
1772053200000,88.4800,89.1900,88.4000,88.9100,414994.712
1772054100000,88.9200,89.2800,88.8100,89.2100,207535.150
1772055000000,89.2100,89.6500,89.0800,89.6400,212621.129
1772055900000,89.6400,89.6400,89.0200,89.1200,453933.018
1772056800000,89.1300,89.1500,88.8200,89.0500,99538.491
1772057700000,89.0600,89.3000,88.9300,89.0800,92104.252
1772058600000,89.0800,89.1500,89.0500,89.0500,26470.084
1772059500000,89.0500,89.2200,88.9200,89.1300,53698.358
1772060400000,89.1200,89.6200,88.9000,89.0200,369960.146
1772061300000,89.0200,89.3500,88.8100,89.0900,329891.052
1772062200000,89.0900,89.1100,88.6100,88.9500,268337.781
1772063100000,88.9400,89.0800,87.2900,87.5000,801775.094
1772064000000,87.5000,88.2300,87.4200,88.0800,528832.751
1772064900000,88.0900,88.8500,88.0700,88.8100,420633.140
1772065800000,88.8200,89.1500,88.7000,88.9500,417798.482
1772066700000,88.9600,89.4600,88.8900,89.2500,300081.545
1772067600000,89.2600,90.2200,89.1900,89.8100,972264.475
1772068500000,89.8100,90.1100,89.5600,89.6400,345194.076
1772069400000,89.6400,89.9600,89.5000,89.7700,304005.355
1772070300000,89.7800,89.8700,89.1100,89.5100,320041.735
1772071200000,89.5200,89.7300,89.0700,89.1100,350785.507
1772072100000,89.1100,89.4300,88.7700,88.8200,179208.110
1772073000000,88.8300,88.9200,87.8200,88.1300,570764.861
1772073900000,88.1300,88.8900,88.1200,88.7800,320360.599
1772074800000,88.7900,89.0600,88.6800,89.0200,213363.649
1772075700000,89.0200,89.1400,88.6000,88.9300,229113.247
1772076600000,88.9300,89.2500,88.9200,89.1000,140453.020
1772077500000,89.1000,89.3000,88.8800,89.2700,135437.096
1772078400000,89.2700,89.7500,89.2600,89.5300,166603.228
1772079300000,89.5300,89.6000,89.2500,89.5000,158378.666
1772080200000,89.5000,89.5200,89.2100,89.3100,98363.621
1772081100000,89.3100,89.3900,89.1300,89.3000,152683.640
1772082000000,89.3000,89.8800,89.1600,89.8100,198765.435
1772082900000,89.8100,89.9400,89.6400,89.7600,216275.808
1772083800000,89.7600,89.8700,89.4200,89.5600,266737.342
1772084700000,89.5600,89.6800,89.2100,89.4200,205461.923
1772085600000,89.4200,89.6800,89.3400,89.6200,162078.279
1772086500000,89.6100,89.6100,89.1100,89.2000,227111.884
1772087400000,89.2100,89.4900,89.1900,89.4100,226350.720
1772088300000,89.4200,89.4200,88.7200,89.1400,302803.522
1772089200000,89.1500,89.2800,88.2500,88.5900,477531.858
1772090100000,88.5900,88.8300,88.2400,88.4000,321098.413
1772091000000,88.4000,88.6700,88.1800,88.4200,304218.285
1772091900000,88.4200,88.5200,88.1000,88.4400,339554.761
1772092800000,88.4400,88.5400,87.8900,88.0400,536774.895
1772093700000,88.0400,88.1900,86.9100,86.9900,797546.574
1772094600000,86.9900,87.1400,86.2800,86.9700,982880.124
1772095500000,86.9600,87.4300,86.6300,87.4100,443604.820
1772096400000,87.4100,87.6600,87.1700,87.6600,264780.009
1772097300000,87.6600,87.7800,87.2900,87.4700,213038.064
1772098200000,87.4600,87.6000,87.3500,87.4000,131705.254
1772099100000,87.4000,87.7400,87.3800,87.5500,152645.936
1772100000000,87.5500,87.7100,87.4100,87.4500,131649.101
1772100900000,87.4600,87.5100,87.0600,87.0900,212732.745
1772101800000,87.0900,87.4300,87.0100,87.0400,203321.790
1772102700000,87.0300,87.2000,86.6900,86.8500,241399.612
1772103600000,86.8500,87.5300,86.8400,87.4300,271766.353
1772104500000,87.4200,87.6500,87.2600,87.5300,179234.186
1772105400000,87.5400,87.6700,87.4200,87.5000,114204.648
1772106300000,87.5100,87.5400,86.9700,87.1100,234683.266
1772107200000,87.1200,87.3400,85.6800,86.4000,854578.349
1772108100000,86.4000,86.8200,86.1400,86.8000,289960.508
1772109000000,86.8000,87.1100,86.7700,87.0400,196808.480
1772109900000,87.0400,87.1900,86.7200,87.1500,180785.788
1772110800000,87.1500,87.4000,86.4100,86.6100,580710.499
1772111700000,86.6100,87.3000,86.5800,87.0800,371073.488
1772112600000,87.0900,87.3100,86.8800,87.0100,381925.426
1772113500000,87.0200,87.4000,86.9900,87.1100,301550.747
1772114400000,87.1100,87.1200,86.5300,86.8700,368253.815
1772115300000,86.8800,87.0400,86.7100,86.8600,146907.568
1772116200000,86.8700,86.9900,85.7000,86.8100,917707.058
1772117100000,86.8100,86.9200,86.3300,86.6000,595830.355
1772118000000,86.6000,86.9700,86.3200,86.5100,624500.222
1772118900000,86.5100,86.6000,85.1500,85.7200,800188.454
1772119800000,85.7100,86.6100,85.6800,86.5700,484042.274
1772120700000,86.5700,87.6000,86.5700,87.4400,468740.726
1772121600000,87.4500,87.4900,86.8500,86.9400,398790.205
1772122500000,86.9400,87.3200,86.8300,87.2600,302182.558
1772123400000,87.2600,87.2600,86.9300,86.9700,236052.179
1772124300000,86.9800,87.0500,86.5400,86.7000,359871.034
1772125200000,86.7100,87.2700,86.6600,86.8300,233261.051
1772126100000,86.8400,86.9300,86.5300,86.5700,237990.921
1772127000000,86.5700,87.0100,86.5500,86.7500,180763.900
1772127900000,86.7500,86.7700,86.2400,86.5900,186273.375
1772128800000,86.5900,86.7400,86.3000,86.6300,150716.874
1772129700000,86.6400,87.0800,86.5700,86.9400,195289.868
1772130600000,86.9400,87.4300,86.6700,87.3500,282784.459
1772131500000,87.3500,87.4800,87.2600,87.3400,117827.635
1772132400000,87.3400,87.8800,87.2800,87.7400,309181.689
1772133300000,87.7500,87.9600,87.6800,87.8700,132213.470
1772134200000,87.8700,88.1200,87.7800,87.9800,144190.696
1772135100000,87.9900,88.3800,87.9900,88.2600,157589.276
1772136000000,88.2600,88.7600,88.2200,88.7100,192305.359
1772136900000,88.7200,88.9000,88.5800,88.6000,131020.978
1772137800000,88.6100,88.7700,88.4100,88.7600,132915.530
1772138700000,88.7600,88.8200,88.5100,88.7400,156995.658
1772139600000,88.7400,88.8700,88.7300,88.8100,61573.810
1772140500000,88.8100,88.8200,88.5100,88.5200,80915.271
1772141400000,88.5300,88.5300,88.2600,88.4600,127552.801
1772142300000,88.4600,88.4600,88.0900,88.1700,82317.899
1772143200000,88.1700,88.2300,88.1000,88.1200,19882.281
1772144100000,88.1300,88.1300,88.1000,88.1200,4839.072
1772145000000,88.1100,88.1200,87.8900,88.0100,26144.428
1772145900000,88.0100,88.1300,87.9700,88.0800,24740.348
1772146800000,88.0800,88.4900,87.8400,87.9800,317652.278
1772147700000,87.9900,88.1000,87.8800,87.9900,83234.976
1772148600000,88.0000,88.2200,87.9000,88.0900,98363.907
1772149500000,88.0800,88.2000,87.9500,88.1400,59741.654
1772150400000,88.1400,88.5600,88.0300,88.5400,149825.861
1772151300000,88.5400,88.8700,88.5000,88.5900,162526.132
1772152200000,88.5900,88.7000,88.1200,88.2500,170859.624
1772153100000,88.2600,88.6900,88.1100,88.3800,138613.076
1772154000000,88.3800,88.5800,87.7300,88.0500,271930.353
1772154900000,88.0500,88.4700,88.0100,88.1200,152760.930
1772155800000,88.1200,88.8200,87.9200,88.7200,237989.207
1772156700000,88.7100,89.4900,88.6500,89.4500,251950.458
1772157600000,89.4500,90.0300,89.4100,89.9900,342107.024
1772158500000,89.9900,89.9900,89.6000,89.6400,157021.545
1772159400000,89.6500,89.8000,89.2500,89.5700,333496.274
1772160300000,89.5800,89.8100,89.2900,89.7800,186882.706
1772161200000,89.7900,89.8500,89.7000,89.7400,155170.134
1772162100000,89.7400,89.9000,89.4500,89.5400,233833.231
1772163000000,89.5500,89.8300,89.4800,89.7400,157448.329
1772163900000,89.7400,89.8200,89.3200,89.3300,171245.128
1772164800000,89.3300,89.6400,89.3000,89.6400,105173.827
1772165700000,89.6400,89.7100,89.4200,89.6800,80574.065
1772166600000,89.6800,89.8000,89.6100,89.6700,54378.639
1772167500000,89.6700,89.6900,89.4100,89.4700,75405.719
1772168400000,89.4800,89.6600,89.4300,89.6400,64486.982
1772169300000,89.6500,89.9200,89.6200,89.8100,163558.663
1772170200000,89.8100,89.9700,89.6700,89.7400,186359.002
1772171100000,89.7400,90.1500,89.7000,90.0500,219804.909
1772172000000,90.0500,90.6000,89.9700,90.4200,359478.147
1772172900000,90.4200,90.5300,90.1700,90.2700,228506.903
1772173800000,90.2800,90.4300,89.9600,90.1700,246223.071
1772174700000,90.1800,90.3800,90.0900,90.1400,167922.878
1772175600000,90.1400,90.2700,90.0600,90.1800,191882.425
1772176500000,90.1800,90.2400,89.8700,89.9500,174583.525
1772177400000,89.9500,90.0500,89.7700,89.9200,119149.785
1772178300000,89.9200,90.2300,89.8700,90.1600,172688.400
1772179200000,90.1600,90.3200,89.8900,89.9400,113859.353
1772180100000,89.9400,89.9900,89.5200,89.5700,226548.357
1772181000000,89.5700,89.9300,89.5200,89.8400,208258.113
1772181900000,89.8500,89.8800,89.5300,89.5600,103626.901
1772182800000,89.5600,89.7900,89.4500,89.6900,164871.793
1772183700000,89.6900,89.9300,89.6700,89.7300,149285.813
1772184600000,89.7300,89.9700,89.6700,89.9400,100820.393
1772185500000,89.9500,90.0100,89.6400,89.6600,133468.329
1772186400000,89.6700,89.7600,89.0800,89.3900,229810.180
1772187300000,89.3900,89.7900,89.3300,89.6300,233866.997
1772188200000,89.6200,89.7100,89.3900,89.5200,140858.542
1772189100000,89.5200,89.7100,89.3900,89.6900,110815.577
1772190000000,89.7000,89.9400,89.6700,89.7800,144204.369
1772190900000,89.7900,89.7900,89.5900,89.7100,91478.287
1772191800000,89.7100,89.8900,89.6200,89.6600,77230.176
1772192700000,89.6600,90.0400,89.6500,89.9900,117425.057
1772193600000,89.9900,90.1300,89.5300,89.6100,250612.589
1772194500000,89.6200,89.9100,89.6200,89.7400,107893.367
1772195400000,89.7400,89.8300,89.5700,89.6000,73037.022
1772196300000,89.6100,89.8000,89.4400,89.7600,139667.574
1772197200000,89.7600,90.5600,89.6900,90.4800,518519.715
1772198100000,90.4800,92.7400,90.4500,92.4400,1501667.020
1772199000000,92.4300,92.4700,91.4700,91.9300,1095450.971
1772199900000,91.9300,92.2400,91.6900,92.1500,566072.913
1772200800000,92.1500,92.3500,91.8200,92.0400,389298.460
1772201700000,92.0400,92.2800,91.6200,91.9100,384121.023
1772202600000,91.9200,91.9300,90.9500,91.3900,1044565.369
1772203500000,91.3800,92.0000,91.0000,91.6200,646622.955
1772204400000,91.6200,92.4300,91.5500,92.2800,524518.138
1772205300000,92.2800,92.4200,91.8300,92.1100,434866.166
1772206200000,92.1100,92.8800,92.1100,92.7600,565521.720
1772207100000,92.7600,93.7500,92.7400,93.4400,773008.037
1772208000000,93.4400,93.8100,93.1000,93.6900,424383.510
1772208900000,93.6900,94.0300,93.0500,93.3300,669910.853
1772209800000,93.3300,93.6000,92.9500,93.4400,558327.488
1772210700000,93.4500,93.7100,93.1700,93.1900,386944.013
1772211600000,93.2000,93.6000,92.9500,93.4500,453080.515
1772212500000,93.4500,93.4900,93.0500,93.4200,288773.113
1772213400000,93.4200,93.7600,93.1600,93.7100,444942.513
1772214300000,93.7200,93.8300,93.4500,93.5900,210276.106
1772215200000,93.5900,93.8000,93.5100,93.5600,204116.634
1772216100000,93.5400,93.6000,92.3200,92.8400,659655.624
1772217000000,92.8300,93.0100,92.5500,92.9900,237454.197
1772217900000,92.9900,93.1100,92.7700,93.1000,161478.739
1772218800000,93.0900,93.4500,92.9800,93.2100,189890.506
1772219700000,93.2100,93.2900,92.9400,93.0500,103266.288
1772220600000,93.0500,93.2400,92.8100,92.8700,152080.658
1772221500000,92.8700,93.1700,92.7600,93.1000,132684.252
1772222400000,93.1000,93.2200,92.9900,93.2100,82691.373
1772223300000,93.2200,93.6200,93.2200,93.3800,159706.718
1772224200000,93.3800,93.6800,93.2700,93.5700,99169.429
1772225100000,93.5700,93.8100,93.5200,93.7300,135397.345
1772226000000,93.7300,93.7300,93.4800,93.5400,119613.177
1772226900000,93.5400,93.7900,93.4800,93.7100,111889.376
1772227800000,93.7100,93.8300,93.5600,93.7300,66888.670
1772228700000,93.7300,93.7300,93.5900,93.6500,67658.779
1772229600000,93.6400,93.9200,93.6200,93.9000,44643.415
1772230500000,93.9000,93.9000,93.7300,93.7300,35310.759
1772231400000,93.7300,93.8000,93.6800,93.7700,39591.403
1772232300000,93.7700,93.8600,93.7600,93.7800,28438.664
1772233200000,93.7800,93.8700,93.7500,93.8300,28151.565
1772234100000,93.8400,93.8500,93.7300,93.7400,21878.473
1772235000000,93.7300,93.8300,93.7000,93.7000,56670.196
1772235900000,93.7100,93.7400,93.6000,93.7400,37054.502
1772236800000,93.7400,93.8000,93.7200,93.8000,16182.730
1772237700000,93.8000,93.8300,93.7700,93.8000,15947.931
1772238600000,93.7900,93.8000,93.7500,93.7700,18538.537
1772239500000,93.7700,93.8200,93.7700,93.8200,19412.983
1772240400000,93.8200,93.8500,93.8100,93.8300,15850.899
1772241300000,93.8200,93.8300,93.7800,93.7900,19777.162
1772242200000,93.8000,93.8600,93.7900,93.8500,18734.543
1772243100000,93.8600,93.8900,93.8500,93.8800,15901.702
1772244000000,93.8900,93.9000,93.8500,93.8500,13033.687
1772244900000,93.8500,93.8700,93.8500,93.8700,7866.401
1772245800000,93.8700,93.8700,93.8600,93.8600,5111.724
1772246700000,93.8600,93.8700,93.8200,93.8200,10883.167
1772247600000,93.8100,93.8200,93.7900,93.8000,12987.591
1772248500000,93.8000,93.8400,93.7900,93.8300,10386.240
1772249400000,93.8400,93.8400,93.8200,93.8300,9657.605
1772250300000,93.8300,93.8400,93.8100,93.8300,6156.123
1772251200000,93.8200,93.8500,93.8000,93.8100,16403.283
1772252100000,93.8100,93.8600,93.8000,93.8300,13499.937
1772253000000,93.8300,93.8400,93.8200,93.8400,8002.642
1772253900000,93.8400,93.8700,93.8300,93.8600,11755.017
1772254800000,93.8600,93.8600,93.8000,93.8200,15737.875
1772255700000,93.8200,93.8500,93.8100,93.8400,10977.753
1772256600000,93.8300,93.8800,93.8300,93.8700,42218.344
1772257500000,93.8700,93.8700,93.8300,93.8400,10695.775
1772258400000,93.8400,93.8600,93.8300,93.8500,7700.901
1772259300000,93.8400,95.4700,93.8200,95.3400,491700.160
1772260200000,95.3500,96.3200,94.9800,95.3300,628806.207
1772261100000,95.3200,95.4400,94.9800,95.3000,299145.088
1772262000000,95.3000,95.4200,94.5500,94.7200,309058.565
1772262900000,94.7200,95.0900,94.4000,94.8000,276331.093
1772263800000,94.8000,94.9900,94.5800,94.5800,178924.508
1772264700000,94.5800,94.8600,94.2200,94.2500,235284.844
1772265600000,94.2600,95.2100,94.2600,95.1800,267693.710
1772266500000,95.1800,95.2100,94.6700,94.7400,191689.623
1772267400000,94.7400,94.8300,94.4200,94.8200,145081.195
1772268300000,94.8300,94.9900,94.6600,94.8800,80655.114
1772269200000,94.8800,95.0200,94.7100,94.7700,73916.948
1772270100000,94.7700,94.9400,94.6100,94.6900,105891.483
1772271000000,94.6900,94.8200,94.4300,94.7700,153948.492
1772271900000,94.7600,94.8000,94.4400,94.7000,162405.969
1772272800000,94.6900,94.9000,94.5000,94.5300,147828.345
1772273700000,94.5300,94.6200,94.2200,94.5300,179819.060
1772274600000,94.5300,94.6500,94.4000,94.4500,70611.161
1772275500000,94.4500,94.4700,94.0100,94.1300,140289.121
1772276400000,94.1300,94.3600,93.8600,94.0000,221868.399
1772277300000,94.0100,94.1500,93.8100,94.1000,113770.969
1772278200000,94.0900,94.1400,93.8200,93.8400,126376.782
1772279100000,93.8400,93.9100,93.4300,93.7600,275064.943
1772280000000,93.7400,94.4900,93.7400,94.1500,387351.250
1772280900000,94.1500,94.3000,94.0300,94.1800,101378.327
1772281800000,94.1700,94.3100,94.1200,94.2600,59340.701
1772282700000,94.2500,94.4000,93.9400,94.0800,124965.880
1772283600000,94.0700,94.3200,94.0000,94.2000,74162.324
1772284500000,94.2100,94.2500,94.0700,94.1000,69672.076
1772285400000,94.1000,94.2200,94.0600,94.1600,56919.847
1772286300000,94.1500,94.2900,93.9100,93.9500,75957.151
1772287200000,93.9600,94.1800,93.8100,94.0300,84670.930
1772288100000,94.0300,94.0800,93.9000,94.0300,31956.374
1772289000000,94.0400,94.0500,93.8500,93.8600,55704.999
1772289900000,93.8600,93.9000,93.8300,93.9000,31259.255
1772290800000,93.9000,93.9800,93.8600,93.8800,46451.074
1772291700000,93.8800,94.1300,93.8500,93.9800,76426.057
1772292600000,93.9800,94.0500,93.9100,94.0000,26525.345
1772293500000,94.0000,94.1100,93.9200,94.1000,53914.727
1772294400000,94.0900,94.3300,94.0900,94.2200,90648.378
1772295300000,94.2200,94.2900,94.1500,94.2800,29225.858
1772296200000,94.2800,94.6400,94.2500,94.6300,85781.071
1772297100000,94.6300,94.7000,94.3800,94.4700,88733.099
1772298000000,94.4600,94.4600,94.2600,94.3600,36123.815
1772298900000,94.3600,94.4000,94.2800,94.3200,16342.234
1772299800000,94.3200,94.3500,94.2300,94.2700,14067.303
1772300700000,94.2700,94.2700,94.1600,94.2000,20083.919
1772301600000,94.2000,94.2500,94.1000,94.1100,18883.656
1772302500000,94.1000,94.1500,94.0900,94.1500,10816.535
1772303400000,94.1400,94.1500,93.9700,94.0400,34278.405
1772304300000,94.0300,94.0400,93.9000,93.9300,44826.510
1772305200000,93.9300,94.0700,93.9100,94.0600,23807.409
1772306100000,94.0500,94.0600,93.9100,93.9200,17892.211
1772307000000,93.9200,94.0000,93.9000,93.9700,21845.686
1772307900000,93.9800,93.9800,93.7200,93.8900,126953.972
1772308800000,93.8900,94.0300,93.7800,93.8800,87445.445
1772309700000,93.8800,93.9000,93.7100,93.8100,73477.627
1772310600000,93.8200,93.9100,93.7100,93.7600,43683.389
1772311500000,93.7700,93.7800,93.6700,93.7500,55510.584
1772312400000,93.7600,93.8200,93.7200,93.7800,29849.614
1772313300000,93.7800,93.9100,93.7700,93.9000,23260.295
1772314200000,93.9000,94.1000,93.8100,93.9800,39659.021
1772315100000,93.9800,94.0800,93.9100,93.9800,17675.579
1772316000000,93.9800,93.9900,93.7700,93.8200,26022.008
1772316900000,93.8200,93.9700,93.8200,93.9200,21671.844
1772317800000,93.9200,94.0400,93.9200,94.0200,21132.315
1772318700000,94.0200,94.0400,93.8500,93.9400,19597.625
1772319600000,93.9500,94.0500,93.9100,93.9700,28119.942
1772320500000,93.9800,94.1700,93.9400,94.1100,51376.866
1772321400000,94.1100,94.2500,94.0700,94.1400,47800.321
1772322300000,94.1400,94.1500,94.0000,94.0800,29949.448
1772323200000,94.0900,94.3700,94.0700,94.2000,66368.253
1772324100000,94.1900,94.3200,94.1600,94.3200,20762.912
1772325000000,94.3100,94.3300,94.2000,94.3000,24920.440
1772325900000,94.3000,94.3300,94.1800,94.2300,23519.788
1772326800000,94.2300,94.2400,94.0000,94.0400,57625.673
1772327700000,94.0400,94.1500,94.0100,94.1400,18429.286
1772328600000,94.1400,94.1400,93.8200,93.8600,61482.145
1772329500000,93.8600,93.9900,93.7700,93.7700,69926.278
1772330400000,93.7800,93.9200,93.7300,93.7300,77447.416
1772331300000,93.7300,93.8600,93.6800,93.8100,47956.249
1772332200000,93.8100,93.8400,93.7700,93.7700,33477.783
1772333100000,93.7700,93.8300,93.7100,93.7300,36794.859
1772334000000,93.7300,93.7700,93.5300,93.5800,73170.276
1772334900000,93.5800,93.7000,93.5000,93.5000,58210.527
1772335800000,93.5100,93.8500,93.4800,93.7500,95375.339
1772336700000,93.7600,93.8600,93.6800,93.8500,36298.773
1772337600000,93.8600,93.9500,93.7000,93.8700,55126.733
1772338500000,93.8800,94.1300,93.8400,94.1300,41499.543
1772339400000,94.1300,94.2900,94.0800,94.1900,79884.262
1772340300000,94.1900,94.2000,93.9500,94.0600,34519.700
1772341200000,94.0600,94.0700,93.8600,94.0000,46261.035
1772342100000,94.0000,94.0700,93.8300,93.8600,25365.976
1772343000000,93.8500,93.9200,93.8200,93.8700,16187.240
1772343900000,93.8600,93.9000,93.8200,93.8600,16906.931
1772344800000,93.8700,93.9300,93.8100,93.8800,21858.754
1772345700000,93.8700,93.9200,93.8500,93.8900,11474.129
1772346600000,93.9000,93.9500,93.8700,93.8900,18434.991
1772347500000,93.8900,93.8900,93.8400,93.8500,10018.042
1772348400000,93.8600,93.9600,93.8300,93.8900,24376.627
1772349300000,93.8800,93.9200,93.8800,93.9200,8170.363
1772350200000,93.9100,93.9500,93.8800,93.9000,14025.595
1772351100000,93.8900,93.9700,93.8800,93.9100,17700.597
1772352000000,93.9100,94.0600,93.9100,94.0400,18722.345
1772352900000,94.0400,94.1400,93.9600,94.0400,28287.885
1772353800000,94.0400,94.0900,93.9700,94.0300,18762.324
1772354700000,94.0200,94.0600,93.9500,93.9700,12746.391
1772355600000,93.9700,94.1100,93.9700,94.0800,18631.829
1772356500000,94.0900,94.3000,94.0600,94.2900,54664.414
1772357400000,94.2800,94.7000,94.2400,94.6300,153949.828
1772358300000,94.6200,94.6300,94.2700,94.4400,61150.873
1772359200000,94.4400,94.4800,94.1800,94.2400,50357.796
1772360100000,94.2400,94.3000,94.1600,94.1900,23449.787
1772361000000,94.2000,94.2500,94.1100,94.1300,47074.897
1772361900000,94.1200,94.1700,94.1100,94.1600,24504.159
1772362800000,94.1700,94.1700,94.0100,94.0500,36208.316
1772363700000,94.0600,94.1500,94.0600,94.1100,22314.968
1772364600000,94.1100,94.1500,94.0100,94.0300,30083.744
1772365500000,94.0300,94.2000,94.0000,94.1700,99675.893
1772366400000,94.1600,94.4500,94.1500,94.3100,99586.413
1772367300000,94.3100,94.3400,94.1500,94.2900,41500.860
1772368200000,94.2900,94.3900,94.2500,94.3600,33423.025
1772369100000,94.3600,94.5800,94.3600,94.4400,55289.064
1772370000000,94.4400,94.5800,94.4200,94.4500,54042.809
1772370900000,94.4600,94.7900,94.4500,94.6500,75013.530
1772371800000,94.6500,94.6800,94.4600,94.4800,62281.803
1772372700000,94.4900,94.5800,94.4600,94.4700,48997.808
1772373600000,94.4600,94.6000,94.3900,94.4100,55042.118
1772374500000,94.4200,94.5200,94.3800,94.4500,33498.699
1772375400000,94.4400,94.5700,94.4100,94.5500,42126.492
1772376300000,94.5400,94.6500,94.4600,94.6200,43469.282
1772377200000,94.6100,94.6200,94.4700,94.5300,58377.843
1772378100000,94.5300,94.5700,94.4800,94.4800,29618.490
1772379000000,94.4800,94.5300,94.3300,94.3500,82631.183
1772379900000,94.3500,94.4800,94.2900,94.4300,96609.643
1772380800000,94.4400,95.5800,94.4400,95.3000,440305.078
1772381700000,95.3000,95.4100,94.8000,94.9100,202743.666
1772382600000,94.9200,95.0500,94.8200,94.8800,50817.700
1772383500000,94.8800,94.9500,94.8000,94.8700,55759.504
1772384400000,94.8700,95.3000,94.8400,95.2200,65972.292
1772385300000,95.2200,95.2600,95.0500,95.1300,61089.375
1772386200000,95.1400,95.1500,95.0300,95.0700,29582.469
1772387100000,95.0600,95.1300,94.9500,94.9900,35678.232
1772388000000,94.9800,95.0000,94.9000,94.9600,32524.821
1772388900000,94.9600,95.0400,94.9400,95.0400,25335.626
1772389800000,95.0400,95.0500,94.9000,94.9300,28083.762
1772390700000,94.9400,95.1500,94.9000,95.1000,44992.946
1772391600000,95.1000,95.1300,94.9600,94.9900,37364.823
1772392500000,94.9900,95.0500,94.9500,94.9900,27612.908
1772393400000,94.9900,95.0100,94.7600,94.7800,78852.540
1772394300000,94.7700,95.3800,94.6900,95.3600,188035.611
1772395200000,95.3600,96.4100,95.3600,96.1100,548483.672
1772396100000,96.1100,96.4100,96.0800,96.2400,120152.242
1772397000000,96.2300,97.5300,96.2000,97.4800,232427.211
1772397900000,97.4800,97.5600,97.0200,97.3100,166768.726
1772398800000,97.3100,97.8700,97.1000,97.5800,134736.921
1772399700000,97.5700,97.9400,97.3300,97.6800,176469.392
1772400600000,97.6700,97.9400,97.6000,97.7700,100682.063
1772401500000,97.7700,97.8400,97.3600,97.4600,78488.150
1772402400000,97.4600,97.6600,96.3000,96.8300,225469.701
1772403300000,96.8300,97.1400,96.6900,97.0200,151834.044
1772404200000,97.0300,97.0500,96.8100,96.9600,66313.894
1772405100000,96.9600,97.1300,96.5500,97.1200,171251.259
1772406000000,97.1300,97.1500,94.0300,94.7300,1925290.371
1772406900000,94.7200,94.9900,94.4700,94.8200,644275.652
1772407800000,94.8100,95.7700,94.6500,95.5000,529125.957
1772408700000,95.5100,95.5100,94.8900,95.0900,732118.302
1772409600000,95.1000,95.6000,94.8000,95.3800,758520.950
1772410500000,95.3800,95.3800,94.4700,94.7800,541796.163
1772411400000,94.7800,95.1500,94.5800,94.7400,286150.535
1772412300000,94.7300,94.9700,94.0600,94.1400,358089.944
1772413200000,94.1300,94.5500,92.6400,94.1500,1485948.779
1772414100000,94.1600,94.3200,92.1100,92.5000,874294.358
1772415000000,92.4900,93.4400,91.8000,93.1600,794667.373
1772415900000,93.1600,93.3300,92.0100,92.2600,607969.118
1772416800000,92.2600,93.0600,92.2200,93.0300,576972.660
1772417700000,93.0300,93.7800,93.0000,93.4700,387390.797
1772418600000,93.4500,94.0700,93.0900,93.9600,427402.782
1772419500000,93.9500,93.9900,93.5900,93.9300,245690.749
1772420400000,93.9300,94.3600,93.8400,94.2900,304062.673
1772421300000,94.2900,94.3700,93.7700,94.1000,353985.936
1772422200000,94.1000,94.6700,94.0600,94.3300,208888.466
1772423100000,94.3300,94.6600,94.2700,94.3700,136379.724
1772424000000,94.3700,94.4800,93.9800,94.0500,171118.344
1772424900000,94.0700,94.3200,93.8200,94.0200,116194.399
1772425800000,94.0200,94.1900,93.4000,93.6100,348542.317
1772426700000,93.6000,93.9600,93.5300,93.8500,121264.093
1772427600000,93.8400,93.8500,93.5000,93.6400,155598.864
1772428500000,93.6300,93.7300,93.4200,93.6200,126194.294
1772429400000,93.6200,94.2700,93.5700,94.2100,244756.291
1772430300000,94.2200,94.3600,93.9300,94.1000,165070.766
1772431200000,94.1000,94.7900,94.0200,94.6700,297390.795
1772432100000,94.6700,95.1900,94.6600,95.1600,270183.616
1772433000000,95.1600,95.1800,94.7600,94.7800,242791.594
1772433900000,94.7900,95.3700,94.7800,94.9300,265313.744
1772434800000,94.9300,95.7300,94.8500,95.5300,316513.089
1772435700000,95.5300,95.9100,95.4400,95.4900,387574.209
1772436600000,95.4900,95.9400,95.4800,95.8200,250525.395
1772437500000,95.8200,96.0500,95.6400,96.0400,219335.166
1772438400000,96.0400,96.1200,95.4500,95.5900,343302.421
1772439300000,95.5900,95.7100,95.2900,95.6700,299633.816
1772440200000,95.6700,95.7400,95.2200,95.4200,185896.739
1772441100000,95.4200,95.6800,95.3000,95.4000,185707.972
1772442000000,95.3900,95.4200,95.0100,95.0600,200982.875
1772442900000,95.0700,95.3600,94.9100,95.3500,145063.923
1772443800000,95.3600,95.6900,95.2600,95.3300,124035.920
1772444700000,95.3300,95.3700,95.0000,95.3100,194813.462
1772445600000,95.3100,95.4500,95.0100,95.1800,173712.156
1772446500000,95.1900,95.3900,95.0600,95.2600,213266.074
1772447400000,95.2600,95.6500,95.1300,95.6400,282513.364
1772448300000,95.6400,95.7300,95.1200,95.2100,206160.518
1772449200000,95.2200,95.3100,94.7200,94.9000,212273.229
1772450100000,94.9000,95.3600,94.8800,95.2800,148923.845
1772451000000,95.2900,95.4200,94.8900,94.9300,120541.616
1772451900000,94.9300,94.9300,94.3300,94.6700,497785.834
1772452800000,94.6700,95.1600,94.3200,94.9900,349461.128
1772453700000,95.0000,95.1100,94.6900,95.0700,156467.522
1772454600000,95.0800,95.2300,94.7600,95.1300,153395.578
1772455500000,95.1300,95.2900,94.9200,95.0400,210460.129
1772456400000,95.0500,95.0800,94.0700,94.1800,421735.018
1772457300000,94.1800,94.7900,93.8400,94.1800,427246.559
1772458200000,94.1800,94.4500,93.2300,93.2800,527701.365
1772459100000,93.2800,93.9100,93.0900,93.8600,429402.702
1772460000000,93.8600,93.8700,92.5000,92.8500,690407.785
1772460900000,92.8500,92.9000,88.2500,89.6200,2409397.229
1772461800000,89.6200,90.3800,88.4100,90.0400,1499821.964
1772462700000,90.0500,90.2500,89.3600,89.9900,953918.078
1772463600000,89.9800,90.7000,89.3800,90.5200,798153.766
1772464500000,90.5200,90.6500,89.6600,90.1400,637842.583
1772465400000,90.1300,90.8800,90.0700,90.5900,596060.221
1772466300000,90.5900,90.6400,88.4400,88.7000,941949.075
1772467200000,88.6900,88.6900,86.5000,88.1400,1838972.973
1772468100000,88.1400,88.2500,87.4100,87.8200,655936.425
1772469000000,87.8200,88.2000,87.0600,87.6400,735948.040
1772469900000,87.6400,87.8500,87.0600,87.1100,439204.901
1772470800000,87.1100,87.7300,86.8600,87.2300,385863.032
1772471700000,87.2300,87.9300,87.0000,87.4700,381339.042
1772472600000,87.4600,88.1800,87.4000,87.7600,369445.366
1772473500000,87.7600,88.0400,87.2200,87.9200,220036.837
1772474400000,87.9200,88.0600,87.5200,87.7200,160733.685
1772475300000,87.7200,88.7100,87.7000,88.6700,280491.518
1772476200000,88.6600,88.7300,87.9700,88.4600,160705.150
1772477100000,88.4700,88.8900,88.3700,88.7700,132263.638
1772478000000,88.7700,89.3300,88.7200,89.1600,213300.904
1772478900000,89.1700,89.4700,88.9900,89.4600,116024.846
1772479800000,89.4500,89.7600,89.2000,89.2100,118901.790
1772480700000,89.2100,89.4700,89.0100,89.3400,106755.753
1772481600000,89.3400,89.8300,89.2000,89.6000,240592.188
1772482500000,89.6100,89.9600,89.2400,89.7000,227816.443
1772483400000,89.7100,90.7700,89.5900,90.6900,267585.818
1772484300000,90.6800,90.7000,89.9300,90.0100,205794.020
1772485200000,90.0200,90.1700,89.7900,89.9300,96690.118
1772486100000,89.9200,90.0300,89.7000,89.7400,59739.813
1772487000000,89.7400,89.8100,89.3900,89.6100,64527.612
1772487900000,89.6200,89.6200,89.3200,89.3800,40258.571
1772488800000,89.3900,89.7200,89.3700,89.5900,66538.051
1772489700000,89.5900,89.7800,89.5600,89.6800,33092.686
1772490600000,89.6800,89.7800,89.6500,89.6900,17299.805
1772491500000,89.7000,89.7500,89.5000,89.7400,31980.425
1772492400000,89.7400,90.3400,89.5700,89.9800,220279.241
1772493300000,89.9800,90.2000,89.4300,89.7500,105793.066
1772494200000,89.7600,89.8100,89.4200,89.5300,64264.981
1772495100000,89.5300,90.0600,89.5000,90.0600,78859.641
1772496000000,90.0700,90.4100,89.7400,90.3300,119472.965
1772496900000,90.3300,90.8000,90.2600,90.5800,203450.667
1772497800000,90.5800,91.1100,90.5300,91.0000,182480.116
1772498700000,91.0000,91.3300,90.5400,90.5700,199669.828
1772499600000,90.5800,91.0100,90.0800,90.4600,320948.439
1772500500000,90.4700,91.2100,90.2600,91.1200,163436.274
1772501400000,91.1200,91.2600,90.3100,90.3300,197068.924
1772502300000,90.3400,90.4800,88.3900,88.7100,657907.444
1772503200000,88.7100,89.4000,88.1600,89.0600,369072.558
1772504100000,89.0600,89.4800,88.7700,89.4500,180685.010
1772505000000,89.4500,89.8700,89.2700,89.8000,194107.695
1772505900000,89.8000,90.2500,89.4600,90.1300,181182.312
1772506800000,90.1300,90.3300,89.7300,89.8900,135976.428
1772507700000,89.8900,90.3000,89.8800,90.0300,120703.127
1772508600000,90.0200,90.3100,89.8900,90.2200,61564.410
1772509500000,90.2300,90.2800,89.9900,90.2200,61254.240
1772510400000,90.2200,90.2500,89.8400,90.0200,81574.131
1772511300000,90.0300,90.3100,89.8200,90.1700,87624.781
1772512200000,90.1700,90.2800,89.7900,89.8600,70532.342
1772513100000,89.8500,89.9000,89.5300,89.7000,98955.931
1772514000000,89.7600,90.1000,89.5000,89.7900,100889.963
1772514900000,89.7800,89.9500,89.2800,89.8600,108740.442
1772515800000,89.8600,89.8900,88.8200,89.1600,305593.643
1772516700000,89.1700,89.2600,86.1000,86.9400,1017097.526
1772517600000,86.9500,87.4600,85.3000,85.6400,1008305.921
1772518500000,85.6300,86.6500,85.3600,86.5300,664085.912
1772519400000,86.5100,86.5900,83.1000,84.4200,1426935.890
1772520300000,84.4100,85.2900,83.8000,85.2400,632508.988
1772521200000,85.2300,86.3600,84.8300,86.2400,521021.253
1772522100000,86.2400,86.5100,86.0100,86.2600,397065.403
1772523000000,86.2700,86.8700,86.0800,86.8400,396120.662
1772523900000,86.8400,87.4200,86.7600,87.1300,411096.536
1772524800000,87.1200,87.7100,86.7200,86.8100,473022.371
1772525700000,86.8200,87.0000,86.1700,86.2200,379899.879
1772526600000,86.2200,86.3700,85.2300,85.6800,535968.405
1772527500000,85.6700,86.1700,84.8800,85.0700,508009.592
1772528400000,85.0800,85.5500,84.5800,85.0500,602386.463
1772529300000,85.0500,85.6200,83.1800,83.5700,1134808.304
1772530200000,83.5700,84.5500,83.4400,83.9000,712444.780
1772531100000,83.9000,84.7000,83.7000,84.5300,441283.751
1772532000000,84.5200,84.9300,84.1000,84.2800,356371.291
1772532900000,84.2800,84.3500,83.6200,83.9900,377797.720
1772533800000,83.9900,83.9900,82.2700,82.8200,958508.191
1772534700000,82.8200,82.8300,81.7200,82.1800,852749.320
1772535600000,82.1800,82.7500,79.3700,81.3500,2311907.534
1772536500000,81.3500,81.4700,79.4300,79.7100,1324488.671
1772537400000,79.6800,80.9300,78.0300,80.7200,2552910.789
1772538300000,80.7200,81.7500,80.6800,81.2600,998829.611
1772539200000,81.2600,82.4200,80.8600,82.1300,1109392.183
1772540100000,82.1400,82.8600,81.7100,82.6600,847594.258
1772541000000,82.6600,83.0000,81.9700,82.7200,548520.105
1772541900000,82.7200,83.4500,82.4200,83.2200,550608.130
1772542800000,83.2200,83.3100,81.4000,82.1500,1407465.631
1772543700000,82.1500,83.0200,82.0400,82.9200,615820.929
1772544600000,82.9200,83.2800,82.2200,82.4500,526313.261
1772545500000,82.4500,82.4900,81.7000,82.3600,449245.052
1772546400000,82.3500,83.0100,82.1500,82.6900,318595.240
1772547300000,82.6900,82.7900,81.4200,82.0800,463588.206
1772548200000,82.0700,82.0700,79.8200,80.0500,1718258.410
1772549100000,80.0400,80.5300,79.3200,79.6900,1607286.713
1772550000000,79.6900,80.8800,79.6200,80.8700,962702.790
1772550900000,80.8700,81.3300,79.8100,80.7200,898430.834
1772551800000,80.7100,81.8800,80.5100,81.3400,871253.067
1772552700000,81.3400,82.6500,81.2600,82.5500,578104.290
1772553600000,82.5500,83.4700,82.3200,83.3300,583551.759
1772554500000,83.3200,83.7800,83.0400,83.2800,491385.719
1772555400000,83.2900,83.7000,82.6600,83.0500,496284.481
1772556300000,83.0500,83.2600,82.1100,82.6000,625314.460
1772557200000,82.6100,82.7300,81.8800,82.7000,439597.970
1772558100000,82.7000,83.1500,82.5000,82.5300,322215.129
1772559000000,82.5300,82.7600,82.0700,82.3900,299397.086
1772559900000,82.3800,82.6200,81.6800,82.2100,369433.241
1772560800000,82.2100,83.2900,82.1900,83.1000,236195.593
1772561700000,83.1000,83.6100,83.0600,83.4700,288887.134
1772562600000,83.4600,84.1200,83.2200,84.0000,286443.415
1772563500000,84.0000,84.1100,83.5200,83.5700,175550.896
1772564400000,83.5700,83.9100,82.6100,82.7700,279741.692
1772565300000,82.7800,83.2400,82.4700,82.7600,195027.236
1772566200000,82.7600,83.4700,82.3200,83.4600,288675.469
1772567100000,83.4600,83.9100,82.8700,83.0600,296182.087
1772568000000,83.1000,83.4900,82.8900,83.0500,189812.527
1772568900000,83.0500,83.5300,82.7200,83.2700,162592.721
1772569800000,83.2700,83.4300,82.4500,82.7700,200502.276
1772570700000,82.7600,82.7900,82.0300,82.5500,224628.577
1772571600000,82.5600,82.8200,82.4300,82.5200,93369.762
1772572500000,82.5100,82.5800,82.0700,82.1600,80119.854
1772573400000,82.1600,82.2400,81.8800,82.1000,69909.432
1772574300000,82.1100,82.2400,81.9100,82.1200,51733.061
1772575200000,82.1300,82.2200,82.0100,82.1900,28310.994
1772576100000,82.1900,82.3200,82.1200,82.2200,21570.097
1772577000000,82.2100,82.4000,82.2100,82.3400,16625.017
1772577900000,82.3400,82.3900,82.2600,82.3600,18037.067
1772578800000,82.3600,82.5000,81.6400,82.3700,305441.689
1772579700000,82.3700,82.7500,82.3700,82.5800,108609.376
1772580600000,82.5900,83.0700,82.4800,83.0600,80458.419
1772581500000,83.0500,83.1600,82.9400,83.0000,64899.418
1772582400000,83.0000,83.0200,81.9000,82.5400,219353.315
1772583300000,82.5300,83.4000,82.4300,83.2600,183525.506
1772584200000,83.2600,83.4400,82.8100,83.1100,107889.939
1772585100000,83.1100,83.4100,83.0200,83.2500,133330.497
1772586000000,83.2500,84.0300,83.1700,83.7000,359815.964
1772586900000,83.7000,83.9300,82.6800,82.7200,258161.397
1772587800000,82.7100,83.3900,82.3400,83.3600,297167.848
1772588700000,83.3700,84.4200,83.2300,84.3700,281867.137
1772589600000,84.3700,85.4900,84.3300,85.3800,451462.640
1772590500000,85.3800,85.3800,84.6000,84.6600,241456.255
1772591400000,84.6700,84.9300,84.2000,84.9200,257983.261
1772592300000,84.9100,85.0700,84.0200,84.0600,293053.774
1772593200000,84.0600,84.3000,83.3900,84.1500,364038.861
1772594100000,84.1400,84.3700,83.8400,84.0800,203675.883
1772595000000,84.0800,84.3800,83.5400,83.8400,283422.394
1772595900000,83.8500,85.0900,83.6900,84.9700,305568.754
1772596800000,84.9800,85.3600,84.6900,85.3100,313477.897
1772597700000,85.3000,85.3700,84.6500,84.7600,232119.465
1772598600000,84.7600,84.9500,84.4000,84.6100,199629.629
1772599500000,84.6100,84.6900,84.3600,84.5800,96122.909
1772600400000,84.5800,84.8900,84.2400,84.6100,226613.854
1772601300000,84.6000,84.9800,84.2800,84.4400,175492.745
1772602200000,84.4400,84.9800,84.2000,84.5500,294134.432
1772603100000,84.5400,84.8300,84.3600,84.5700,237913.495
1772604000000,84.5700,84.5700,83.7500,83.9100,417807.125
1772604900000,83.9100,84.3100,83.7600,84.0500,340526.841
1772605800000,84.0600,84.8800,84.0000,84.6700,298440.402
1772606700000,84.6800,84.8700,84.3600,84.8600,174763.276
1772607600000,84.8600,85.2300,84.7400,85.1000,206310.851
1772608500000,85.0900,85.1600,84.9100,85.0100,191032.591
1772609400000,85.0100,85.2100,84.8500,84.9700,149427.263
1772610300000,84.9600,85.2000,84.8000,84.8100,105404.207
1772611200000,84.8000,84.9800,84.3900,84.7800,238634.608
1772612100000,84.7800,85.1200,84.5900,84.8200,179320.435
1772613000000,84.8200,85.5400,84.8000,85.4900,238943.246
1772613900000,85.4800,85.8200,85.2700,85.3300,428127.458
1772614800000,85.3100,86.0300,85.0800,85.7200,388214.711
1772615700000,85.7100,85.9200,85.5900,85.6400,182781.548
1772616600000,85.6400,86.0400,85.5700,85.7900,197568.618
1772617500000,85.8000,86.2500,85.7000,86.1600,233442.146
1772618400000,86.1600,86.5700,86.1600,86.3700,382513.000
1772619300000,86.3800,86.3900,85.5200,85.6700,298258.785
1772620200000,85.6800,85.9400,85.5900,85.8000,179180.439
1772621100000,85.8000,85.9800,85.6500,85.9500,199078.287
1772622000000,85.9500,86.4300,85.9100,86.3100,154277.185
1772622900000,86.3100,86.3200,85.9800,86.2000,116455.126
1772623800000,86.2100,86.5000,86.0600,86.1300,187789.083
1772624700000,86.1300,86.3000,85.8400,86.1500,143634.373
1772625600000,86.1500,86.7500,86.1100,86.5400,249942.620
1772626500000,86.5300,86.5400,85.6700,85.7200,246927.350
1772627400000,85.7100,85.7500,84.9000,85.3400,371961.335
1772628300000,85.3600,85.6900,85.1100,85.4000,217544.076
1772629200000,85.4100,86.1800,85.3700,86.0500,344128.869
1772630100000,86.0600,86.1200,85.2000,85.8000,382953.264
1772631000000,85.8000,85.8800,85.4400,85.7000,212071.544
1772631900000,85.7000,85.8400,84.6200,84.7500,320540.751
1772632800000,84.7500,85.2400,84.0300,84.3900,355871.790
1772633700000,84.4000,84.6900,83.6400,84.2400,472882.975
1772634600000,84.2400,85.0300,84.1300,84.2800,634898.848
1772635500000,84.2800,84.7900,83.2000,83.5300,678390.835
1772636400000,83.5300,84.2100,83.3700,83.4000,497154.218
1772637300000,83.4000,84.5100,83.1400,84.4300,496682.020
1772638200000,84.4300,84.6200,83.6800,83.8100,272324.544
1772639100000,83.8100,84.2800,83.4400,84.2200,298108.212
1772640000000,84.2300,84.6500,83.6400,83.7800,275532.973
1772640900000,83.7700,83.9800,83.3100,83.6100,289417.242
1772641800000,83.6200,84.1300,83.3400,83.6800,198454.905
1772642700000,83.6700,83.9400,83.5100,83.5800,115805.431
1772643600000,83.5900,83.9800,83.4400,83.7200,114762.239
1772644500000,83.7200,83.9100,83.0500,83.5400,242234.732
1772645400000,83.5300,83.6500,83.1300,83.2300,208004.398
1772646300000,83.2400,83.8300,83.1800,83.6000,186455.949
1772647200000,83.5900,83.6600,82.3300,82.6600,426146.303
1772648100000,82.6600,83.2700,82.2200,83.1800,364863.606
1772649000000,83.1800,83.2300,82.5100,83.0500,167966.906
1772649900000,83.0500,83.5400,83.0500,83.2900,102228.863
1772650800000,83.3000,83.4300,83.0200,83.2600,111999.483
1772651700000,83.2600,83.4000,83.1700,83.3300,83934.983
1772652600000,83.3200,83.6100,83.2600,83.4600,95313.543
1772653500000,83.4500,83.7900,83.4300,83.6000,67101.019
1772654400000,83.6100,83.6600,83.1400,83.2200,62993.805
1772655300000,83.2200,83.6500,82.8800,83.6000,84733.448
1772656200000,83.6100,83.7400,83.3400,83.4800,44523.544
1772657100000,83.4800,83.4900,82.9800,83.1800,79857.535
1772658000000,83.1800,83.6200,83.1400,83.5200,50425.476
1772658900000,83.5200,83.5400,83.3600,83.5000,30098.258
1772659800000,83.5000,83.5100,83.1700,83.4200,41617.652
1772660700000,83.4100,83.6300,83.3800,83.5800,29629.317
1772661600000,83.5700,83.6300,83.4500,83.5200,18171.267
1772662500000,83.5300,83.7500,83.5200,83.7200,18941.974
1772663400000,83.7300,83.8100,83.6900,83.7000,17007.135
1772664300000,83.7000,83.7800,83.6600,83.7200,21502.142
1772665200000,83.7200,83.9000,83.2600,83.4200,121917.984
1772666100000,83.4200,83.6900,83.3800,83.5900,69630.934
1772667000000,83.6000,83.8800,83.4600,83.8500,65527.132
1772667900000,83.8500,84.0900,83.7900,84.0500,88142.637
1772668800000,84.0600,84.3200,83.9200,84.2600,98717.447
1772669700000,84.2600,84.3800,84.2400,84.2800,78248.277
1772670600000,84.2800,84.2900,83.9900,84.1100,75421.696
1772671500000,84.1000,84.2300,83.9500,84.1200,68408.168
1772672400000,84.1100,85.1700,84.1000,84.8300,305845.230
1772673300000,84.8200,85.1500,84.6100,84.8200,130233.492
1772674200000,84.8200,85.0300,84.3200,84.3900,164781.107
1772675100000,84.3900,84.7000,84.1600,84.3200,178999.420
1772676000000,84.3100,84.7500,84.3000,84.6400,98714.464
1772676900000,84.6400,84.8100,84.3600,84.5200,79533.116
1772677800000,84.5100,84.7800,84.3900,84.6300,99728.517
1772678700000,84.6300,85.1300,84.5100,85.1200,165603.310
1772679600000,85.1200,85.5500,84.9500,85.0100,163736.981
1772680500000,85.0100,85.2100,84.7800,84.8000,78758.913
1772681400000,84.8100,85.1800,84.6300,85.1400,89391.685
1772682300000,85.1400,85.2500,84.7400,84.8800,88827.606
1772683200000,84.8700,84.9700,84.6600,84.9300,55932.328
1772684100000,84.9400,85.0700,84.8200,84.9400,75560.392
1772685000000,84.9500,84.9800,84.5500,84.6100,97315.844
1772685900000,84.6100,84.6500,84.1500,84.5800,191004.287
1772686800000,84.5800,84.6500,84.4100,84.5900,53758.680
1772687700000,84.5800,84.7100,84.3700,84.5800,60356.856
1772688600000,84.5900,84.7400,83.9900,84.2400,228837.571
1772689500000,84.2300,84.3600,82.5800,82.5900,599965.172
1772690400000,82.5900,83.0600,80.5700,81.6900,1550409.966
1772691300000,81.7000,82.3200,81.3900,82.0500,540226.659
1772692200000,82.0500,82.4100,81.6900,82.3300,373546.739
1772693100000,82.3400,83.5200,82.2700,83.3700,604566.156
1772694000000,83.3700,83.5800,83.1100,83.3300,372075.192
1772694900000,83.3400,83.4700,83.0900,83.3200,214104.478
1772695800000,83.3300,83.6500,83.2200,83.4700,169455.635
1772696700000,83.4800,83.8400,83.4700,83.6400,228576.264
1772697600000,83.6300,83.7900,82.8800,82.9400,318254.791
1772698500000,82.9500,83.2400,82.6800,82.9000,228863.045
1772699400000,82.9000,83.5500,82.8800,83.5000,156118.450
1772700300000,83.5000,83.9500,83.5000,83.8100,239279.141
1772701200000,83.8100,84.8300,83.5500,84.7600,444565.721
1772702100000,84.7600,84.9800,84.2400,84.3300,305804.038
1772703000000,84.3200,84.4600,83.9500,84.1200,290772.359
1772703900000,84.1200,84.3200,83.9800,84.1300,107419.508
1772704800000,84.1400,84.1400,83.7200,84.0100,147968.302
1772705700000,84.0000,84.1700,83.9300,84.0700,80854.146
1772706600000,84.0800,84.1400,83.6600,83.9400,129461.958
1772707500000,83.9500,84.5300,83.9500,84.2500,150523.517
1772708400000,84.2600,84.4500,84.1000,84.4400,100155.903
1772709300000,84.4400,84.5600,84.2400,84.2400,108444.035
1772710200000,84.2500,84.3600,84.1200,84.1700,105593.708
1772711100000,84.1700,84.4600,84.0400,84.1000,109833.691
1772712000000,84.1100,84.5600,83.9600,84.3700,176198.933
1772712900000,84.3700,84.7200,84.1800,84.2400,154416.201
1772713800000,84.2500,84.3500,84.1300,84.1500,74651.795
1772714700000,84.1500,84.2800,83.9100,83.9500,97408.191
1772715600000,83.9600,84.0700,82.8500,83.2900,559256.534
1772716500000,83.2900,83.3600,81.7200,82.5600,880444.328
1772717400000,82.5600,83.1000,82.4700,82.7800,385412.331
1772718300000,82.7800,82.9500,82.2700,82.5600,368928.058
1772719200000,82.5600,82.9800,82.3600,82.6900,320623.839
1772720100000,82.6700,82.7600,82.0400,82.7000,325275.277
1772721000000,82.6900,83.3100,81.8900,82.2000,574751.440
1772721900000,82.2000,82.8600,81.9900,82.7000,361291.678
1772722800000,82.7000,83.3800,81.6600,82.2300,603472.246
1772723700000,82.2300,82.4900,81.5000,82.0500,304944.516
1772724600000,82.0500,82.0700,81.4400,81.6300,348253.565
1772725500000,81.6400,82.4500,81.6000,82.4300,254270.941
1772726400000,82.4400,82.4600,81.6100,82.1300,199727.329
1772727300000,82.1200,82.1400,81.1800,81.5600,318366.651
1772728200000,81.5700,81.9200,81.2000,81.6300,260928.379
1772729100000,81.6400,82.0200,81.5800,81.8000,253584.547
1772730000000,81.8100,82.4200,81.7200,82.4100,222024.751
1772730900000,82.4200,82.4700,81.8700,81.8700,259602.205
1772731800000,81.8800,81.9400,81.4400,81.5500,254199.362
1772732700000,81.5600,81.7900,81.3600,81.5000,217472.300
1772733600000,81.5000,82.1900,81.3300,82.1100,239416.759
1772734500000,82.1300,82.4400,81.5400,81.8600,272948.278
1772735400000,81.8600,82.2000,81.6400,82.1300,168377.216
1772736300000,82.1400,82.1700,81.5700,81.7200,207409.530
1772737200000,81.7200,82.1000,81.6700,81.8000,103648.871
1772738100000,81.8100,81.8200,81.2300,81.3100,280380.941
1772739000000,81.3200,81.3200,80.6700,81.1200,280031.939
1772739900000,81.1100,81.2800,80.8800,81.0500,140794.426
1772740800000,81.0500,81.8400,80.8300,81.7500,253022.843
1772741700000,81.7500,82.4600,81.7500,82.0000,229252.066
1772742600000,82.0100,82.1900,81.8600,82.1300,92236.502
1772743500000,82.1300,82.2800,81.9500,82.1100,81971.987
1772744400000,82.1000,82.3700,82.0100,82.0900,60980.292
1772745300000,82.1000,82.2700,82.0600,82.2100,36670.368
1772746200000,82.2100,82.3200,82.0500,82.1700,34108.975
1772747100000,82.1600,82.4700,82.0600,82.3700,47840.969
1772748000000,82.3600,82.4600,82.2500,82.4200,24335.365
1772748900000,82.4200,82.4500,82.2800,82.3200,17474.206
1772749800000,82.3200,82.4500,82.3100,82.3400,18651.187
1772750700000,82.3400,82.5000,82.3300,82.4800,18605.693
1772751600000,82.4800,82.9400,82.2700,82.3400,291816.687
1772752500000,82.3400,82.6800,82.1700,82.6200,128764.994
1772753400000,82.6200,83.2800,82.5300,83.2400,98919.316
1772754300000,83.2400,83.2500,82.7600,82.7800,65384.984
1772755200000,82.7700,83.1300,82.4300,83.0200,97881.847
1772756100000,83.0200,83.3300,82.8700,83.0800,87695.543
1772757000000,83.0800,83.1000,82.7000,82.8500,74537.841
1772757900000,82.8400,82.9200,82.3100,82.3500,151742.264
1772758800000,82.3400,82.5200,81.8000,82.2500,258996.780
1772759700000,82.2400,82.9500,82.2100,82.6700,160928.434
1772760600000,82.6700,83.8300,82.6600,83.7600,269553.692
1772761500000,83.7500,84.4000,83.5900,84.0400,313603.576
1772762400000,84.0500,84.0800,83.5900,83.8200,168176.559
1772763300000,83.8300,83.9400,83.7000,83.7300,79765.517
1772764200000,83.7300,83.7800,83.3400,83.4300,136135.371
1772765100000,83.4300,83.8800,83.4100,83.7800,130161.036
1772766000000,83.7800,84.2000,83.7700,84.0100,150776.973
1772766900000,84.0000,84.6300,83.8700,84.5100,334849.009
1772767800000,84.5100,84.5800,84.1800,84.2800,107047.793
1772768700000,84.2800,84.4600,84.2500,84.3100,61315.953
1772769600000,84.3200,84.4800,84.1900,84.3600,101893.353
1772770500000,84.3500,84.3800,84.0500,84.0700,75685.694
1772771400000,84.0700,84.2700,84.0200,84.2500,88812.424
1772772300000,84.2500,84.4300,84.1200,84.1400,102518.384
1772773200000,84.1300,84.3100,84.0300,84.1400,110131.188
1772774100000,84.1400,84.2700,84.0500,84.2400,79485.824
1772775000000,84.2500,84.2800,83.8400,83.9700,225753.158
1772775900000,83.9800,83.9900,83.3800,83.7300,246427.647
1772776800000,83.7300,83.9800,83.5300,83.7800,147378.960
1772777700000,83.7800,84.2300,83.6500,83.9700,139206.896
1772778600000,83.9800,84.4300,83.5000,84.2300,240212.888
1772779500000,84.2300,84.4500,84.0800,84.3100,150513.436
1772780400000,84.3100,84.4300,83.8700,84.0800,151118.429
1772781300000,84.0900,84.3300,84.0400,84.2400,134662.079
1772782200000,84.2500,84.3800,84.0900,84.1600,180262.985
1772783100000,84.1700,84.6400,84.0600,84.6100,219812.961
1772784000000,84.6200,84.7600,84.2200,84.4200,246557.740
1772784900000,84.4300,84.5200,83.8200,83.9600,241715.456
1772785800000,83.9700,84.2800,83.8100,84.1600,191886.873
1772786700000,84.1500,84.4700,84.0600,84.2200,133547.910
1772787600000,84.2200,84.2500,83.8400,83.9400,141822.511
1772788500000,83.9300,84.0200,83.4300,83.6400,248828.884
1772789400000,83.6400,83.7600,82.4300,82.9300,603482.623
1772790300000,82.9200,83.0300,82.5600,82.7300,340308.197
1772791200000,82.7400,82.9200,82.3300,82.6800,294574.707
1772792100000,82.6800,83.1900,82.6600,83.0100,167002.837
1772793000000,83.0100,83.1300,82.5700,82.6100,113933.285
1772793900000,82.6100,82.9600,82.3800,82.9300,209001.631
1772794800000,82.9300,82.9900,82.5800,82.7900,196438.987
1772795700000,82.7900,83.4200,82.7600,83.1000,205644.375
1772796600000,83.1000,83.2200,82.1700,82.2500,174540.196
1772797500000,82.2500,82.5000,81.8300,82.2600,284212.892
1772798400000,82.2700,82.6100,82.0900,82.3600,231746.620
1772799300000,82.3600,82.5000,82.2100,82.3000,125120.550
1772800200000,82.3000,82.7700,82.2600,82.7200,182171.201
1772801100000,82.7200,82.7300,82.1600,82.3000,152494.018
1772802000000,82.3100,82.4100,81.6400,81.9500,411972.984
1772802900000,81.9400,82.6500,81.9100,82.5900,224108.287
1772803800000,82.5900,84.1200,82.4500,83.6500,818364.220
1772804700000,83.6500,83.7000,82.3100,82.5500,531745.132
1772805600000,82.5500,82.9400,82.3500,82.6200,398461.501
1772806500000,82.6100,82.9300,82.3400,82.8200,231412.441
1772807400000,82.8200,83.0600,82.3200,82.3800,549856.710
1772808300000,82.3900,83.7400,82.2800,83.6900,412700.018
1772809200000,83.6900,84.6900,83.6600,84.0200,898178.395
1772810100000,84.0300,85.0000,83.8600,84.2900,425647.895
1772811000000,84.2900,84.7400,84.0900,84.2800,369763.484
1772811900000,84.2900,84.3700,83.7900,84.0100,239219.595
1772812800000,84.0100,84.4200,83.9600,84.3600,236313.532
1772813700000,84.3600,84.7200,84.1100,84.3400,179030.106
1772814600000,84.3500,84.4700,83.5600,84.0000,294209.619
1772815500000,84.0000,84.1600,83.6800,83.9100,217318.854
1772816400000,83.9100,83.9500,83.5400,83.7300,199382.654
1772817300000,83.7200,83.9700,83.6400,83.7900,152685.102
1772818200000,83.7800,84.2100,83.7400,83.8600,190556.170
1772819100000,83.8600,84.0900,83.7800,83.9200,102277.902
1772820000000,83.9100,84.1900,83.8100,83.8900,109426.911
1772820900000,83.9000,84.3500,83.6500,84.3200,174999.234
1772821800000,84.3200,84.4300,84.0300,84.4300,105410.910
1772822700000,84.4300,84.4900,84.1400,84.2800,79767.842
1772823600000,84.2800,84.5500,84.2400,84.5500,95059.477
1772824500000,84.5400,84.6100,84.2800,84.3500,99970.563
1772825400000,84.3400,84.4500,84.1800,84.2500,148290.867
1772826300000,84.2600,84.5100,84.2200,84.3500,56640.316
1772827200000,84.3500,84.4400,84.0900,84.1700,89431.020
1772828100000,84.1700,84.3300,83.8900,83.9000,62567.401
1772829000000,83.9000,83.9900,83.5700,83.8700,147174.229
1772829900000,83.8800,83.9700,83.6500,83.8200,78936.005
1772830800000,83.8200,84.1800,83.7600,84.1000,64793.729
1772831700000,84.1000,84.2100,84.0400,84.1200,36818.016
1772832600000,84.1200,84.3900,84.1000,84.2300,45544.937
1772833500000,84.2200,84.2700,84.1000,84.2600,75630.286
1772834400000,84.2600,84.4300,84.2600,84.3200,35825.360
1772835300000,84.3200,84.4800,84.3200,84.3700,20039.123
1772836200000,84.3700,84.4100,84.3200,84.3600,18803.686
1772837100000,84.3500,84.4100,84.3300,84.3900,6954.546
1772838000000,84.3900,84.4900,84.3100,84.4300,31517.194
1772838900000,84.4200,84.4500,84.3600,84.4300,14046.980
1772839800000,84.4400,84.4700,84.3900,84.4000,16601.216
1772840700000,84.4000,84.4400,84.3900,84.4300,17479.929
1772841600000,84.4300,84.4300,84.3600,84.4000,19541.940
1772842500000,84.4000,84.4300,84.3200,84.4200,24239.766
1772843400000,84.4300,84.4400,84.3800,84.3900,13614.582
1772844300000,84.3900,84.4300,84.3800,84.3900,10963.080
1772845200000,84.3900,84.4800,84.3800,84.4300,19275.187
1772846100000,84.4300,84.4300,84.3800,84.4100,7287.156
1772847000000,84.4100,84.4500,84.3900,84.4000,14759.090
1772847900000,84.4000,84.4200,84.3900,84.3900,9126.777
1772848800000,84.4000,84.4400,84.3900,84.4400,9167.507
1772849700000,84.4400,84.4500,84.4200,84.4400,7642.507
1772850600000,84.4400,84.4700,84.4400,84.4600,10956.761
1772851500000,84.4500,84.4800,84.4500,84.4800,7567.388
1772852400000,84.4700,84.5900,84.4200,84.5800,44609.656
1772853300000,84.5900,84.5900,84.4400,84.5100,20063.181
1772854200000,84.5100,84.6500,84.4900,84.6100,43388.865
1772855100000,84.6100,84.6100,84.5200,84.5800,13773.525
1772856000000,84.5700,84.5900,84.5300,84.5400,15860.068
1772856900000,84.5400,84.5600,84.5100,84.5500,4883.472
1772857800000,84.5500,84.5600,84.4300,84.4400,15404.657
1772858700000,84.4500,84.5400,84.4500,84.5400,4738.693
1772859600000,84.5300,84.5400,84.5000,84.5100,2506.631
1772860500000,84.5000,84.5100,84.4700,84.4800,2660.636
1772861400000,84.4800,84.5100,84.4800,84.5000,4103.287
1772862300000,84.5100,84.5200,84.4600,84.5000,6656.526
1772863200000,84.5000,84.5500,84.4800,84.4800,9292.141
1772864100000,84.4900,84.4900,84.4600,84.4700,4755.327
1772865000000,84.4700,84.4900,84.4600,84.4700,6710.322
1772865900000,84.4800,84.4900,84.4400,84.4800,10468.128
1772866800000,84.4800,84.4900,84.4000,84.4200,17613.242
1772867700000,84.4200,84.4800,84.4200,84.4500,6804.831
1772868600000,84.4600,84.4600,84.4400,84.4400,4262.952
1772869500000,84.4500,84.4800,84.4300,84.4400,6054.716
1772870400000,84.4400,84.4400,84.4200,84.4300,1972.791
1772871300000,84.4400,84.4400,84.4200,84.4300,2763.256
1772872200000,84.4300,84.5600,84.4300,84.5300,33370.758
1772873100000,84.5400,84.6600,84.4900,84.5800,34956.241
1772874000000,84.5700,84.5900,84.5200,84.5500,8905.420
1772874900000,84.5600,84.5700,84.5400,84.5400,3159.197
1772875800000,84.5500,84.5600,84.5300,84.5500,7381.371
1772876700000,84.5600,84.5600,84.5300,84.5500,6000.120
1772877600000,84.5500,84.5500,84.5300,84.5400,5261.048
1772878500000,84.5500,84.5700,84.5200,84.5300,6821.379
1772879400000,84.5400,84.5500,84.5300,84.5400,1990.930
1772880300000,84.5400,84.5600,84.5400,84.5600,2424.164
1772881200000,84.5600,84.5800,84.5100,84.5100,18853.274
1772882100000,84.5100,84.5500,84.5100,84.5300,4471.170
1772883000000,84.5300,84.5400,84.5200,84.5300,2324.459
1772883900000,84.5300,84.5300,84.5200,84.5300,991.999
1772884800000,84.5300,84.5400,84.5200,84.5300,2390.132
1772885700000,84.5400,84.5800,84.5300,84.5700,4887.081
1772886600000,84.5700,84.5700,84.5500,84.5500,2550.954
1772887500000,84.5600,84.5600,84.5400,84.5500,1377.941
1772888400000,84.5500,84.5600,84.5300,84.5300,3428.473
1772889300000,84.5400,84.5400,84.5300,84.5300,775.085
1772890200000,84.5400,84.5400,84.5300,84.5300,854.993
1772891100000,84.5400,84.5400,84.5300,84.5400,697.477
1772892000000,84.5400,84.5400,84.5200,84.5300,6219.870
1772892900000,84.5300,84.5400,84.5200,84.5400,4434.562
1772893800000,84.5400,84.5700,84.5200,84.5700,7840.441
1772894700000,84.5700,84.5900,84.5600,84.5900,8770.058
1772895600000,84.5900,84.6000,84.5500,84.5600,10438.613
1772896500000,84.5600,84.5600,84.5500,84.5600,1869.267
1772897400000,84.5600,84.5700,84.5500,84.5500,3251.232
1772898300000,84.5600,84.5600,84.5500,84.5600,1606.985
1772899200000,84.5600,84.5600,84.5400,84.5500,1962.457
1772900100000,84.5500,84.5600,84.5400,84.5400,1605.974
1772901000000,84.5500,84.5500,84.5400,84.5400,1716.282
1772901900000,84.5500,84.5900,84.5400,84.5800,7948.854
1772902800000,84.5700,84.5900,84.5500,84.5600,4862.508
1772903700000,84.5600,84.5700,84.5400,84.5500,4770.200
1772904600000,84.5400,84.5600,84.5400,84.5500,2301.567
1772905500000,84.5600,84.5600,84.5500,84.5600,2329.924
1772906400000,84.5600,84.5600,84.4900,84.5300,13626.943
1772907300000,84.5300,84.5400,84.5200,84.5300,2403.179
1772908200000,84.5200,84.5400,84.5200,84.5300,2100.888
1772909100000,84.5400,84.5400,84.5300,84.5400,1749.015
1772910000000,84.5300,84.5400,84.5300,84.5300,1527.681
1772910900000,84.5300,84.5400,84.5000,84.5200,3131.700
1772911800000,84.5100,84.5300,84.4800,84.5200,9065.825
1772912700000,84.5200,84.5400,84.4800,84.5000,5126.178
1772913600000,84.5000,84.5100,84.4900,84.5100,1416.529
1772914500000,84.5100,84.5200,84.5000,84.5200,1055.745
1772915400000,84.5100,84.5400,84.5100,84.5200,2515.279
1772916300000,84.5300,84.5600,84.5100,84.5300,2490.744
1772917200000,84.5200,84.5300,84.5100,84.5100,717.341
1772918100000,84.5200,84.5200,84.5100,84.5200,607.442
1772919000000,84.5100,84.5300,84.4900,84.5100,4573.784
1772919900000,84.5100,84.5200,84.5100,84.5200,1274.189
1772920800000,84.5100,84.5200,84.4700,84.4700,5820.705
1772921700000,84.4700,84.4800,84.4500,84.4600,2045.534
1772922600000,84.4600,84.4700,84.4500,84.4500,7636.133
1772923500000,84.4500,84.4800,84.4500,84.4800,1767.090
1772924400000,84.4700,84.5000,84.4600,84.4800,3608.597
1772925300000,84.4700,84.5000,84.4600,84.4800,7079.419
1772926200000,84.4700,84.4800,84.4600,84.4600,1499.769
1772927100000,84.4600,84.4700,84.4500,84.4600,2271.443
1772928000000,84.4600,84.4900,84.4500,84.4900,5187.806
1772928900000,84.4900,84.5400,84.4800,84.5200,5128.531
1772929800000,84.5300,84.5300,84.5200,84.5200,2085.538
1772930700000,84.5200,84.5300,84.5200,84.5300,1389.726
1772931600000,84.5300,84.5300,84.4900,84.5100,13731.654
1772932500000,84.5100,84.5300,84.5100,84.5200,752.893
1772933400000,84.5100,84.5200,84.5100,84.5200,2470.743
1772934300000,84.5100,84.5200,84.4700,84.5100,12680.661
1772935200000,84.5100,84.5100,84.4700,84.4700,3024.120
1772936100000,84.4700,84.4800,84.4600,84.4600,2654.321
1772937000000,84.4600,84.4900,84.4600,84.4800,3909.483
1772937900000,84.4900,84.4900,84.4100,84.4300,14669.140
1772938800000,84.4300,84.4500,84.4100,84.4200,7866.152
1772939700000,84.4200,84.4400,84.4100,84.4200,4357.500
1772940600000,84.4300,84.4400,84.4200,84.4300,2913.506
1772941500000,84.4400,84.4700,84.4300,84.4700,3772.006
1772942400000,84.4600,84.4800,84.4500,84.4700,3316.364
1772943300000,84.4600,84.4700,84.4500,84.4600,3393.873
1772944200000,84.4600,84.5300,84.4600,84.5300,12384.919
1772945100000,84.5300,84.5400,84.4900,84.5000,6735.475
1772946000000,84.5000,84.5200,84.4900,84.5100,1971.014
1772946900000,84.5200,84.5200,84.5100,84.5100,528.927
1772947800000,84.5100,84.5400,84.5100,84.5300,2896.581
1772948700000,84.5300,84.5300,84.5200,84.5300,1481.672
1772949600000,84.5300,84.5300,84.5100,84.5100,2479.790
1772950500000,84.5200,84.5200,84.4300,84.4400,6868.563
1772951400000,84.4400,84.4400,84.3600,84.3700,17871.770
1772952300000,84.3600,84.4500,84.3500,84.4400,12036.849
1772953200000,84.4300,84.4400,84.3700,84.3800,12174.333
1772954100000,84.3800,84.4600,84.3800,84.4500,7998.095
1772955000000,84.4600,84.4600,84.4500,84.4600,1909.689
1772955900000,84.4500,84.4800,84.4500,84.4800,3924.745
1772956800000,84.4800,84.5400,84.4800,84.5300,8552.972
1772957700000,84.5400,84.5600,84.4800,84.5000,12098.578
1772958600000,84.5000,84.5000,84.4900,84.4900,2287.319
1772959500000,84.5000,84.5000,84.4900,84.5000,1358.099
1772960400000,84.5000,84.5000,84.4900,84.5000,1020.185
1772961300000,84.5000,84.5000,84.4900,84.4900,1184.493
1772962200000,84.4900,84.5300,84.4900,84.5300,1792.312
1772963100000,84.5300,84.5400,84.5200,84.5400,2983.299
1772964000000,84.5400,84.5400,84.5300,84.5300,2120.594
1772964900000,84.5400,84.5400,84.5200,84.5200,3476.160
1772965800000,84.5200,84.5400,84.5200,84.5300,3061.719
1772966700000,84.5400,84.5400,84.4000,84.4300,14193.108
1772967600000,84.4200,84.4300,84.4100,84.4200,4787.766
1772968500000,84.4200,84.4700,84.4100,84.4700,2913.967
1772969400000,84.4600,84.4700,84.4300,84.4600,3858.062
1772970300000,84.4700,84.5000,84.4500,84.4600,3687.429
1772971200000,84.4500,84.4800,84.4500,84.4600,4245.899
1772972100000,84.4600,84.4700,84.4200,84.4300,5209.048
1772973000000,84.4300,84.4300,84.4100,84.4200,2905.749
1772973900000,84.4200,84.4300,84.3600,84.4000,9213.077
1772974800000,84.3900,84.4600,84.3900,84.4500,6608.767
1772975700000,84.4400,84.4900,84.4000,84.4100,8606.737
1772976600000,84.4100,84.4300,84.4100,84.4200,3715.504
1772977500000,84.4200,84.4300,84.4100,84.4200,4019.989
1772978400000,84.4100,84.4400,84.4000,84.4000,8147.531
1772979300000,84.4100,84.4200,84.3900,84.3900,4208.747
1772980200000,84.3900,84.4000,84.3800,84.3900,2970.005
1772981100000,84.3900,84.4300,84.3800,84.4200,4526.339
1772982000000,84.4200,84.4300,84.4000,84.4200,5967.427
1772982900000,84.4200,84.4300,84.4100,84.4200,3392.631
1772983800000,84.4300,84.4300,84.4100,84.4100,4480.432
1772984700000,84.4100,84.4200,84.3800,84.4100,7509.575
1772985600000,84.4200,84.4300,84.3600,84.3800,6307.049
1772986500000,84.3700,84.4100,84.3700,84.3900,4404.433
1772987400000,84.4000,84.4400,84.3900,84.4300,15890.730
1772988300000,84.4300,84.4600,84.4300,84.4400,21063.257
1772989200000,84.4400,84.4700,84.4000,84.4000,6117.951
1772990100000,84.4100,84.4100,84.3800,84.3800,2738.336
1772991000000,84.3800,84.4100,84.3800,84.4000,2917.141
1772991900000,84.4100,84.4100,84.4000,84.4000,1815.372
1772992800000,84.4000,84.4100,84.3700,84.3900,6325.325
1772993700000,84.4000,84.4000,84.3700,84.3800,2528.398
1772994600000,84.3800,84.4000,84.3800,84.3900,2859.680
1772995500000,84.3900,84.4000,84.3800,84.3900,2573.839
1772996400000,84.3900,84.4000,84.3900,84.3900,2741.215
1772997300000,84.3900,84.4200,84.3800,84.4100,4552.588
1772998200000,84.4100,84.4600,84.4000,84.4100,8347.622
1772999100000,84.4100,84.4300,84.3800,84.4100,8265.618
1773000000000,84.4200,84.4600,84.4100,84.4500,4234.891
1773000900000,84.4500,84.4500,84.4200,84.4300,2375.965
1773001800000,84.4300,84.4300,84.4200,84.4200,916.212
1773002700000,84.4200,84.4300,84.3600,84.3900,8774.790
1773003600000,84.3900,84.4100,84.3600,84.3800,3324.903
1773004500000,84.3700,84.4000,84.3700,84.3800,2421.779
1773005400000,84.3800,84.4200,84.3500,84.3600,10646.919
1773006300000,84.3700,84.3700,84.2400,84.2500,14610.816
1773007200000,84.2400,84.9900,82.5100,83.4700,980403.525
1773008100000,83.4400,83.6800,82.5300,83.5500,469002.496
1773009000000,83.5500,83.9500,82.5700,82.9000,388304.464
1773009900000,82.9100,83.3200,82.4500,83.2600,281162.521
1773010800000,83.2700,83.5300,82.0400,82.3700,374266.989
1773011700000,82.3700,82.5800,82.1200,82.4900,185924.320
1773012600000,82.4900,82.4900,81.0100,81.4800,561784.504
1773013500000,81.4800,81.9800,81.0400,81.8800,507128.402
1773014400000,81.8800,82.2400,81.0600,81.2700,478883.510
1773015300000,81.2700,81.3900,80.8800,81.1800,330237.120
1773016200000,81.1800,81.8500,81.0600,81.1600,268486.421
1773017100000,81.1600,81.4500,80.7200,81.4200,342377.440
1773018000000,81.4200,81.4300,79.6600,80.7400,871663.997
1773018900000,80.7500,81.0300,80.3200,80.3800,363156.598
1773019800000,80.3800,80.9300,80.2700,80.9000,254852.547
1773020700000,80.8900,81.1800,80.3400,80.9800,257411.956
1773021600000,80.9900,82.8000,80.5900,82.6900,586427.877
1773022500000,82.7100,82.9700,81.9100,82.1100,347097.914
1773023400000,82.1100,82.8300,82.0600,82.6200,376627.386
1773024300000,82.6100,82.9500,82.3500,82.7100,305218.244
1773025200000,82.7000,82.9000,82.4400,82.5500,192987.060
1773026100000,82.5500,83.4400,82.5300,82.9200,273796.475
1773027000000,82.9200,83.3100,82.8600,82.9900,189139.598
1773027900000,82.9900,83.3100,82.9500,83.0600,121774.798
1773028800000,83.0700,83.5700,82.8900,83.1600,170087.666
1773029700000,83.1600,83.1800,82.8200,82.8600,111199.787
1773030600000,82.8800,83.1000,82.7700,82.8800,97651.305
1773031500000,82.8800,82.8800,82.4900,82.6000,146746.779
1773032400000,82.6000,83.3500,82.4200,83.1400,187720.151
1773033300000,83.1500,83.4100,82.7500,83.2900,142687.786
1773034200000,83.2900,84.5000,83.1700,84.4500,348418.720
1773035100000,84.4500,84.7100,84.0600,84.2500,263043.419
1773036000000,84.2400,84.9300,83.9800,84.6600,318345.017
1773036900000,84.6500,84.8100,84.2100,84.3500,251271.945
1773037800000,84.3500,84.4300,83.8300,83.9800,163782.075
1773038700000,83.9800,84.0600,83.6400,83.7000,146087.130
1773039600000,83.7100,83.7200,83.1500,83.2600,228856.996
1773040500000,83.2600,83.5300,83.1600,83.5100,152349.641
1773041400000,83.5100,83.8000,83.3000,83.5700,131456.298
1773042300000,83.5700,83.5700,83.1300,83.5200,152227.297
1773043200000,83.5300,83.8300,83.3100,83.5400,167404.797
1773044100000,83.5400,83.7500,83.2500,83.2700,133611.508
1773045000000,83.2700,83.7500,83.2200,83.5400,115949.791
1773045900000,83.5300,83.8100,83.3300,83.6400,100117.933
1773046800000,83.6500,83.9000,83.5200,83.8300,139721.739
1773047700000,83.8300,84.2800,83.8000,84.2300,177363.089
1773048600000,84.2400,84.4200,83.7100,83.7200,247933.602
1773049500000,83.7200,83.9600,83.6200,83.9000,172412.648
1773050400000,83.9000,84.1200,83.5700,84.0400,128907.980
1773051300000,84.0300,84.2000,83.8000,83.8400,90885.359
1773052200000,83.8400,83.9300,83.5100,83.8000,147150.100
1773053100000,83.7900,83.9100,83.0000,83.2100,209071.381
1773054000000,83.2300,83.5700,83.1400,83.2200,158799.964
1773054900000,83.2200,83.4200,82.8200,83.1200,187741.505
1773055800000,83.1300,83.4500,83.0800,83.1100,146753.626
1773056700000,83.1000,83.4400,82.9900,83.2100,83711.153
1773057600000,83.2200,83.6300,83.2200,83.5600,241251.583
1773058500000,83.5700,84.7000,83.4900,83.9500,291284.044
1773059400000,83.9500,84.1600,83.9000,84.0100,134154.331
1773060300000,84.0100,84.0100,83.5900,83.7600,140132.103
1773061200000,83.7700,84.3700,83.7600,84.1800,188131.663
1773062100000,84.1700,84.4700,84.0200,84.3900,134318.814
1773063000000,84.3900,85.6500,83.6100,83.9300,791556.673
1773063900000,83.9200,84.1000,83.3600,83.5600,475770.965
1773064800000,83.5500,84.1800,83.1600,83.5000,485263.070
1773065700000,83.5000,83.9200,83.3000,83.7200,210925.614
1773066600000,83.7100,84.3400,83.6600,84.3000,229026.541
1773067500000,84.3100,84.4900,84.0400,84.3100,178098.453
1773068400000,84.3000,84.5300,84.0800,84.5300,159100.347
1773069300000,84.5400,84.6000,84.1600,84.4500,134885.641
1773070200000,84.4400,84.5200,84.2600,84.3600,168928.579
1773071100000,84.3700,84.6100,84.3100,84.4400,94818.384
1773072000000,84.4400,84.7700,84.4000,84.6100,97924.597
1773072900000,84.6100,84.6300,84.2900,84.5100,86190.970
1773073800000,84.5100,84.8400,84.5100,84.7300,103017.980
1773074700000,84.7400,84.7900,84.5900,84.7200,94447.781
1773075600000,84.7200,84.7900,84.3600,84.4400,126334.124
1773076500000,84.4400,84.4800,84.0100,84.0400,179987.470
1773077400000,84.0300,84.3300,83.9100,84.2100,142456.028
1773078300000,84.2100,84.4900,84.2000,84.3400,69533.974
1773079200000,84.3400,84.3900,84.1200,84.3800,51924.479
1773080100000,84.3900,84.7500,84.3400,84.6200,76184.089
1773081000000,84.6200,85.5300,84.6200,85.3800,388063.480
1773081900000,85.3900,86.1900,85.2600,85.8500,267796.147
1773082800000,85.8600,86.2100,85.7400,86.1000,118201.950
1773083700000,86.1100,86.8200,86.0300,86.6900,181782.709
1773084600000,86.6900,86.7100,85.9600,86.4100,191408.479
1773085500000,86.4100,86.4600,86.0900,86.4000,99941.070
1773086400000,86.4000,86.9100,86.3800,86.7100,109864.588
1773087300000,86.7200,86.7700,86.4300,86.6100,46038.313
1773088200000,86.6000,86.6500,86.3700,86.6200,41502.765
1773089100000,86.6100,87.1400,86.5700,87.0100,140321.335
1773090000000,87.0000,87.0100,86.7800,86.8600,27760.309
1773090900000,86.8700,86.9500,86.8200,86.9100,19848.184
1773091800000,86.9100,87.0400,86.8500,86.8500,28421.263
1773092700000,86.8500,86.8900,86.8000,86.8200,14194.332
1773093600000,86.8300,87.4100,86.6200,86.9800,240525.750
1773094500000,86.9800,87.1300,86.7100,86.9600,148216.647
1773095400000,86.9700,87.2400,86.9500,87.0800,119669.361
1773096300000,87.0800,87.5800,87.0500,87.4800,217894.937
1773097200000,87.4900,88.1200,87.0300,87.9100,438223.584
1773098100000,87.9100,88.1000,87.6500,87.6700,236617.291
1773099000000,87.6600,87.9200,87.4900,87.5800,149856.593
1773099900000,87.5800,87.6300,87.3000,87.4200,158494.478
1773100800000,87.4100,87.5400,86.8800,87.4300,291888.030
1773101700000,87.4200,87.4400,86.8800,87.1200,200894.769
1773102600000,87.1200,87.6600,86.8700,87.6000,209000.551
1773103500000,87.5900,87.5900,86.9100,87.0000,154550.168
1773104400000,87.0000,87.9600,86.6300,87.7000,552430.577
1773105300000,87.7000,89.1000,87.6000,88.7600,580038.519
1773106200000,88.7600,89.1700,88.4800,89.0300,287790.311
1773107100000,89.0400,89.5500,88.7700,89.4500,265338.274
1773108000000,89.4400,89.6000,89.0500,89.3300,285834.110
1773108900000,89.3400,89.5200,89.3000,89.4000,83139.681
1773109800000,89.4100,90.0700,89.3900,89.9800,322427.000
1773110700000,89.9900,89.9900,88.8000,88.8600,311525.833
1773111600000,88.9000,89.2900,88.8600,88.9200,187248.648
1773112500000,88.9200,89.1000,88.4200,88.5700,230886.665
1773113400000,88.5600,88.6500,88.2400,88.3100,170798.835
1773114300000,88.3100,88.3300,87.8100,88.1900,186524.099
1773115200000,88.1900,88.4600,87.9900,88.4100,157977.384
1773116100000,88.4100,88.5200,88.2700,88.2900,120802.579
1773117000000,88.2900,88.5300,88.2300,88.4000,76247.472
1773117900000,88.4000,88.4900,88.2900,88.4200,48585.915
1773118800000,88.4300,88.7500,88.4100,88.7400,99249.776
1773119700000,88.7400,88.8000,88.5200,88.6200,96666.407
1773120600000,88.6300,89.0300,88.6200,88.9100,149820.383
1773121500000,88.9000,89.2200,88.7400,89.1300,92359.706
1773122400000,89.1300,89.1900,88.9200,89.0700,136951.064
1773123300000,89.0600,89.1200,88.7400,88.8200,121131.001
1773124200000,88.8300,88.9300,88.6300,88.8900,101668.172
1773125100000,88.8900,89.0900,88.8100,88.9200,99508.573
1773126000000,88.9300,89.1700,88.5500,88.7700,146621.212
1773126900000,88.7700,88.8800,88.4200,88.7500,122852.643
1773127800000,88.7500,88.9600,88.5900,88.9100,93643.347
1773128700000,88.9000,89.1400,88.9000,89.1400,165113.594
1773129600000,89.1400,89.2600,88.9800,89.1400,158752.986
1773130500000,89.1400,89.1400,88.8600,89.0900,97117.373
1773131400000,89.0900,89.3200,89.0000,89.2200,157521.374
1773132300000,89.2200,89.3500,89.0100,89.0200,97472.081
1773133200000,89.0300,89.2300,89.0300,89.1400,50418.313
1773134100000,89.1500,89.3400,89.0000,89.3200,72455.340
1773135000000,89.3200,89.4300,89.2100,89.3700,75697.915
1773135900000,89.3700,89.3800,89.1200,89.1300,60122.812
1773136800000,89.1200,89.1300,88.7700,88.8400,112312.012
1773137700000,88.8400,88.8600,88.5000,88.5600,150364.495
1773138600000,88.5600,88.6000,87.8200,88.4000,332652.339
1773139500000,88.4000,88.4800,88.2500,88.3900,127975.565
1773140400000,88.3800,88.9000,88.2400,88.5700,179280.849
1773141300000,88.5700,88.6600,88.1700,88.3600,122960.842
1773142200000,88.3700,88.5200,88.0000,88.0500,158121.105
1773143100000,88.0500,88.3800,88.0400,88.3800,83585.696
1773144000000,88.3800,88.5100,87.9400,88.3500,230537.506
1773144900000,88.3500,88.5900,88.1100,88.4500,176501.477
1773145800000,88.4600,88.7400,88.4400,88.6600,121143.477
1773146700000,88.6500,88.7600,88.3400,88.5200,182208.224
1773147600000,88.5200,89.2200,88.5000,89.2000,276073.690
1773148500000,89.1900,89.6300,89.0600,89.3300,305723.141
1773149400000,89.3400,89.3800,88.7400,88.8500,323833.418
1773150300000,88.8400,89.0100,88.4000,88.8000,389602.931
1773151200000,88.8000,89.0000,88.3600,88.5600,233671.902
1773152100000,88.5600,89.0300,88.5400,88.8800,165672.113
1773153000000,88.8800,88.9700,88.5600,88.9300,141569.444
1773153900000,88.9400,89.3300,88.8900,89.2000,171681.480
1773154800000,89.2000,89.5200,89.1000,89.4500,141263.659
1773155700000,89.4500,89.7300,89.4200,89.5700,240014.382
1773156600000,89.5700,89.8500,89.4700,89.7000,140062.358
1773157500000,89.7100,89.7400,89.3800,89.4800,118879.208
1773158400000,89.4900,89.5000,89.0400,89.2200,174678.369
1773159300000,89.2200,89.6100,89.0000,89.5200,123751.089
1773160200000,89.5300,89.7000,89.5100,89.5200,87460.733
1773161100000,89.5100,89.6600,89.3800,89.4800,119875.169
1773162000000,89.4800,89.6000,89.3300,89.5900,100867.513
1773162900000,89.5800,89.6100,89.1300,89.4000,182996.208
1773163800000,89.3900,89.5200,89.1400,89.1900,70827.696
1773164700000,89.2000,89.2700,88.9400,89.0400,72471.746
1773165600000,89.0500,89.1300,88.7100,88.7800,105403.241
1773166500000,88.7800,88.8200,87.0200,88.2600,737300.480
1773167400000,88.2600,88.3600,87.7100,88.1000,231861.092
1773168300000,88.0900,88.4300,87.9000,87.9200,161228.952
1773169200000,87.9200,88.4500,87.8100,88.4200,98442.052
1773170100000,88.4200,88.6400,88.2800,88.3400,107120.420
1773171000000,88.3400,88.4600,87.7800,88.1700,175893.368
1773171900000,88.1700,88.4200,88.1000,88.3900,91130.408
1773172800000,88.3800,88.5000,88.2600,88.4500,105852.833
1773173700000,88.4400,88.5400,88.2200,88.4200,43904.923
1773174600000,88.4200,88.5200,88.3100,88.4900,67786.860
1773175500000,88.4800,88.5000,88.2100,88.2500,71454.753
1773176400000,88.2600,88.3200,88.1500,88.2000,20097.136
1773177300000,88.2000,88.3300,88.2000,88.3200,11813.924
1773178200000,88.3300,88.3600,88.2700,88.3100,14379.042
1773179100000,88.3000,88.3700,88.1700,88.3200,13838.943
1773180000000,88.3100,88.6100,88.2000,88.5700,149065.451
1773180900000,88.5700,88.9000,88.5600,88.6200,82805.842
1773181800000,88.6200,88.7300,88.3600,88.3800,76911.540
1773182700000,88.3800,88.5100,88.2300,88.2800,68856.001
1773183600000,88.2900,88.5600,88.2500,88.4100,55757.075
1773184500000,88.4100,88.5200,88.2500,88.3900,62687.411
1773185400000,88.3800,88.4800,88.2700,88.4000,66881.683
1773186300000,88.3900,88.4200,88.0800,88.4100,90731.252
1773187200000,88.4100,88.5000,87.8000,88.1000,218084.541
1773188100000,88.1000,88.8300,88.0500,88.7600,172831.624
1773189000000,88.7600,88.8500,88.5400,88.6800,79709.964
1773189900000,88.6800,89.2400,88.6600,89.2000,200516.807
1773190800000,89.1900,89.4100,88.8100,88.9700,206372.118
1773191700000,88.9700,89.1600,88.5300,88.7000,130077.329
1773192600000,88.7000,88.8500,88.4100,88.6300,90962.594
1773193500000,88.6200,88.8600,88.5500,88.5500,100201.559
1773194400000,88.5500,88.6100,88.0600,88.1600,268844.737
1773195300000,88.1500,88.4000,88.1400,88.2100,182984.389
1773196200000,88.2100,88.4000,87.8300,88.3800,187621.867
1773197100000,88.3700,88.9700,88.3600,88.7800,137671.425
1773198000000,88.7800,88.8800,88.4900,88.5700,76965.104
1773198900000,88.5700,88.6500,88.3300,88.3600,62493.423
1773199800000,88.3600,88.5700,88.3000,88.3700,51415.721
1773200700000,88.3800,88.4200,88.0700,88.2200,69285.994
1773201600000,88.2200,88.3600,88.0400,88.3400,79839.540
1773202500000,88.3400,88.4300,88.2800,88.3500,29095.697
1773203400000,88.3500,88.3500,88.2100,88.3000,23960.490
1773204300000,88.2900,88.3000,88.1000,88.2400,50503.172
1773205200000,88.2400,88.3600,88.1300,88.1800,75116.131
1773206100000,88.1700,88.2900,87.9500,87.9700,77784.256
1773207000000,87.9600,88.0100,87.1400,87.7400,561652.028
1773207900000,87.7400,87.7400,87.0800,87.6400,284625.482
1773208800000,87.6400,88.0100,87.4000,87.9700,178297.195
1773209700000,87.9700,88.0500,87.8200,88.0000,88744.601
1773210600000,88.0000,88.0400,87.6100,87.6600,103022.555
1773211500000,87.6500,87.6800,87.2800,87.3800,188924.657
1773212400000,87.3800,87.5600,87.2700,87.4200,157416.198
1773213300000,87.4300,87.5400,87.3300,87.5400,89977.314
1773214200000,87.5300,87.5800,86.6100,86.9200,355930.114
1773215100000,86.9200,87.0700,86.4400,87.0100,303395.296
1773216000000,87.0000,87.1100,86.4800,87.1100,244897.491
1773216900000,87.1100,87.1400,86.6700,86.8200,143410.578
1773217800000,86.8100,87.0900,86.6100,86.9300,145049.653
1773218700000,86.9400,87.2800,86.8900,87.1200,133158.344
1773219600000,87.1100,87.1900,86.8100,87.0700,192066.376
1773220500000,87.0600,87.2100,87.0300,87.1700,139150.701
1773221400000,87.1600,87.3600,87.0800,87.0800,130923.907
1773222300000,87.0800,87.1500,86.4400,86.6600,177419.483
1773223200000,86.6500,87.1600,86.5800,87.1200,145512.745
1773224100000,87.1300,87.1500,86.9600,87.1000,78580.987
1773225000000,87.0900,87.0900,86.5700,86.6400,123851.745
1773225900000,86.6400,86.9000,86.5000,86.6300,126432.274
1773226800000,86.6400,87.0500,86.6300,86.8000,88356.566
1773227700000,86.8100,86.8900,86.5600,86.6700,81480.828
1773228600000,86.6700,86.8100,86.2800,86.3000,153976.824
1773229500000,86.3100,86.5000,86.0600,86.2400,520693.551
1773230400000,86.2300,86.5800,85.9300,86.4800,225464.313
1773231300000,86.4700,86.7300,86.3600,86.5500,166076.737
1773232200000,86.5500,86.7000,85.9300,86.0200,454446.865
1773233100000,86.0100,86.0200,85.2500,85.3000,467448.489
1773234000000,85.3000,85.9000,84.7100,85.7200,604274.760
1773234900000,85.7200,86.1500,85.6300,86.1300,277745.143
1773235800000,86.1300,86.1300,85.0800,85.1000,532362.812
1773236700000,85.0900,85.3100,84.4000,85.2400,680739.226
1773237600000,85.2300,85.6800,85.2200,85.6500,387380.769
1773238500000,85.6600,85.8600,85.2400,85.8400,186886.476
1773239400000,85.8300,85.9100,85.2900,85.6600,193926.934
1773240300000,85.6600,85.8500,85.4600,85.4900,169968.218
1773241200000,85.4900,85.6800,84.8800,85.1000,247405.783
1773242100000,85.0900,85.4300,84.9300,85.1900,136275.205
1773243000000,85.1900,85.2000,84.8100,84.9600,162864.851
1773243900000,84.9600,85.1500,84.7300,84.8600,224839.522
1773244800000,84.8600,85.0400,84.4900,84.9100,275707.700
1773245700000,84.9200,85.1100,84.7000,84.9600,137644.861
1773246600000,84.9600,85.4400,84.9000,85.3100,161156.302
1773247500000,85.3100,85.4200,85.1800,85.3100,98228.009
1773248400000,85.3100,85.5600,85.2100,85.2400,110306.735
1773249300000,85.2400,85.4600,85.0500,85.3700,145015.321
1773250200000,85.3800,85.4200,84.7500,85.1100,207956.622
1773251100000,85.1100,85.2500,85.0000,85.2300,69245.820
1773252000000,85.2400,85.4900,85.2400,85.3900,98114.103
1773252900000,85.3800,85.8600,85.3600,85.8300,138872.306
1773253800000,85.8400,85.8400,85.5100,85.6400,71814.530
1773254700000,85.6400,85.6900,85.2900,85.4600,76392.341
1773255600000,85.4700,85.6200,85.4100,85.5200,42311.025
1773256500000,85.5200,85.7100,85.4700,85.6900,27642.998
1773257400000,85.7000,85.9300,85.6500,85.9000,67244.271
1773258300000,85.9000,86.1400,85.7300,86.0000,105346.948
1773259200000,86.0000,86.0700,85.7800,85.8500,60701.806
1773260100000,85.8500,85.8500,85.7400,85.7500,36524.008
1773261000000,85.7500,85.7600,85.6200,85.6600,30247.712
1773261900000,85.6600,85.8000,85.6000,85.7300,33757.800
1773262800000,85.7300,85.8000,85.6700,85.7200,32161.747
1773263700000,85.7100,85.7800,85.6700,85.7400,11680.893
1773264600000,85.7500,85.7800,85.7000,85.7000,10438.219
1773265500000,85.7000,85.7200,85.6000,85.6600,7768.889
1773266400000,85.6600,85.7900,85.3100,85.5900,123981.425
1773267300000,85.5900,85.6000,85.1600,85.3100,82159.021
1773268200000,85.3100,85.3400,84.9800,85.1300,102462.940
1773269100000,85.1300,85.3400,84.6100,84.9300,207178.565
1773270000000,84.9300,85.1800,84.8700,85.1100,182456.492
1773270900000,85.1100,85.1800,84.9600,85.1100,66550.559
1773271800000,85.1000,85.1800,84.8500,84.8600,117633.980
1773272700000,84.8600,84.8800,84.5700,84.6400,134956.573
1773273600000,84.6400,84.9500,83.9100,84.9200,494388.494
1773274500000,84.9200,85.3300,84.8900,85.2000,126252.509
1773275400000,85.2000,85.6600,85.1800,85.5500,117720.958
1773276300000,85.5600,85.6500,85.4000,85.5900,62508.238
1773277200000,85.5900,85.8600,85.2700,85.5700,172004.619
1773278100000,85.5600,85.5600,85.0200,85.0500,140824.554
1773279000000,85.0600,85.6600,84.9500,85.6600,183772.136
1773279900000,85.6600,85.7200,85.3200,85.4100,108170.345
1773280800000,85.4100,85.6500,85.3700,85.5600,94348.953
1773281700000,85.5600,85.5600,85.2300,85.2600,83387.055
1773282600000,85.2700,85.4600,84.6000,84.7500,262003.963
1773283500000,84.7600,84.7900,84.3400,84.5300,255302.153
1773284400000,84.5200,84.9500,84.4300,84.6800,190291.515
1773285300000,84.6900,84.8700,84.5000,84.7500,144458.559
1773286200000,84.7500,84.8600,84.3800,84.8100,121936.498
1773287100000,84.8100,84.9600,84.7700,84.8400,75523.649
1773288000000,84.8500,84.9000,84.6700,84.8000,78384.155
1773288900000,84.8000,84.9000,84.6400,84.7600,69357.017
1773289800000,84.7600,84.7600,84.4300,84.4500,86289.187
1773290700000,84.4500,84.5300,84.3700,84.4100,106630.440
1773291600000,84.4200,84.8800,84.4100,84.7800,131566.217
1773292500000,84.7800,84.9600,84.6100,84.6800,93333.835
1773293400000,84.6900,85.3800,84.5900,85.2700,224971.583
1773294300000,85.2700,85.4100,85.1500,85.2900,140690.793
1773295200000,85.2900,85.4000,85.1400,85.3700,84335.262
1773296100000,85.3700,85.4100,85.1000,85.3600,104372.337
1773297000000,85.3600,86.5200,85.3400,86.4200,500209.291
1773297900000,86.4200,86.4800,86.1000,86.1500,259048.296
1773298800000,86.1500,86.1600,85.8400,86.0500,204804.225
1773299700000,86.0600,86.4400,85.9900,86.4200,166897.287
1773300600000,86.4200,86.9500,86.3400,86.8500,296037.323
1773301500000,86.8500,86.9900,86.7400,86.9400,189079.207
1773302400000,86.9500,87.1100,86.8100,86.9500,208250.393
1773303300000,86.9400,86.9400,86.5800,86.6600,292989.929
1773304200000,86.6600,87.0500,86.6000,86.6400,181397.064
1773305100000,86.6400,86.7800,86.5000,86.7300,103105.195
1773306000000,86.7300,86.9400,86.6900,86.7800,116287.910
1773306900000,86.7800,86.8900,86.7500,86.7800,84746.570
1773307800000,86.7800,87.1100,86.7800,86.9400,132646.023
1773308700000,86.9400,87.0800,86.8100,87.0100,101752.364
1773309600000,87.0100,87.1800,86.9300,86.9600,129074.627
1773310500000,86.9500,87.1500,86.8000,87.0700,129395.695
1773311400000,87.0800,87.1200,86.7300,86.9300,171567.088
1773312300000,86.9300,87.1700,86.9100,87.1700,151804.308
1773313200000,87.1700,87.2000,86.7300,86.7400,272332.886
1773314100000,86.7500,86.7900,86.6500,86.7400,75866.856
1773315000000,86.7500,87.0200,86.7500,87.0200,79636.905
1773315900000,87.0200,87.0400,86.7800,86.9000,134540.342
1773316800000,86.9100,87.0800,86.6600,86.8000,225335.350
1773317700000,86.8000,86.9200,86.5500,86.9000,162975.959
1773318600000,86.9100,87.2700,86.7600,86.9900,278402.005
1773319500000,87.0000,87.4200,86.9900,87.2800,193114.150
1773320400000,87.2800,87.4400,86.9700,87.1900,308687.007
1773321300000,87.1800,87.1900,86.5400,86.7300,314493.399
1773322200000,86.7300,86.7300,86.0000,86.4000,562706.202
1773323100000,86.4000,86.4700,85.7000,85.9100,333254.746
1773324000000,85.9000,86.4200,85.8700,86.3600,245623.123
1773324900000,86.3700,86.4400,85.7100,85.7700,270645.875
1773325800000,85.7600,85.8500,85.3300,85.7800,312725.387
1773326700000,85.7800,85.9500,85.1500,85.5500,303207.595
1773327600000,85.5400,85.6300,84.5100,84.9100,451785.528
1773328500000,84.9000,85.2200,84.6300,85.1600,202447.023
1773329400000,85.1700,85.3300,84.7100,85.2600,282409.835
1773330300000,85.2600,85.3500,85.0800,85.2500,121473.571
1773331200000,85.2500,85.5100,84.9100,85.1900,231689.301
1773332100000,85.2000,85.6000,85.1800,85.3500,114972.989
1773333000000,85.3500,85.6200,85.0600,85.4600,121625.674
1773333900000,85.4600,85.5200,85.1200,85.1200,120294.969
1773334800000,85.1200,85.4100,85.1000,85.1100,118797.339
1773335700000,85.1100,85.1900,84.8500,84.9400,209637.094
1773336600000,84.9400,85.0300,84.7500,84.9300,120087.794
1773337500000,84.9400,85.0300,84.7700,84.8300,81410.018
1773338400000,84.8300,85.2000,84.8200,85.0000,129583.133
1773339300000,85.0100,85.1200,84.6800,84.8500,97456.758
1773340200000,84.8500,84.9600,84.7600,84.9100,61560.667
1773341100000,84.9100,85.0300,84.7300,84.8300,86574.266
1773342000000,84.8200,84.9100,84.4600,84.8800,170760.145
1773342900000,84.8800,84.9700,84.7400,84.9400,77090.740
1773343800000,84.9400,85.0600,84.7000,84.7300,72175.581
1773344700000,84.7400,84.8200,84.3800,84.5300,97728.378
1773345600000,84.5400,84.6500,84.2000,84.2900,85148.403
1773346500000,84.3000,84.4200,83.1500,83.4600,454602.421
1773347400000,83.4500,83.7400,82.9700,83.7000,189982.402
1773348300000,83.7000,83.9400,83.6200,83.8100,70516.105
1773349200000,83.8100,83.9200,83.8100,83.8500,22935.043
1773350100000,83.8500,83.8900,83.8400,83.8800,6076.655
1773351000000,83.8700,83.8900,83.8300,83.8500,16850.369
1773351900000,83.8500,83.8600,83.7700,83.7900,12750.987
1773352800000,83.7900,83.8600,83.4600,83.5200,181406.479
1773353700000,83.5300,84.2500,83.5200,84.1200,138017.971
1773354600000,84.1100,84.1700,83.9100,84.0600,50600.576
1773355500000,84.0600,84.3300,83.9100,84.3200,94157.109
1773356400000,84.3300,84.3600,84.1200,84.1600,78167.266
1773357300000,84.1600,84.3600,84.1400,84.2200,50750.245
1773358200000,84.2200,84.2600,84.1000,84.1800,62564.349
1773359100000,84.1700,84.2600,84.0000,84.0300,68109.198
1773360000000,84.0300,84.7400,83.9400,84.7000,159225.029
1773360900000,84.7000,84.8400,84.5500,84.6400,101718.709
1773361800000,84.6400,84.9700,84.6400,84.7400,127464.048
1773362700000,84.7400,85.0400,84.7300,85.0100,101645.236
1773363600000,85.0100,85.4000,85.0100,85.2600,186818.662
1773364500000,85.2600,85.2800,84.9900,85.1600,109305.090
1773365400000,85.1700,85.2500,84.6400,84.6600,166296.912
1773366300000,84.6700,84.7800,84.0000,84.7700,351668.954
1773367200000,84.7800,85.2200,84.7800,85.0500,248271.180
1773368100000,85.0600,85.1100,84.8400,85.0600,100998.269
1773369000000,85.0600,85.1500,84.7900,84.8800,152570.671
1773369900000,84.8900,84.9000,84.3700,84.4600,235825.356
1773370800000,84.4600,84.5500,84.2700,84.2800,254828.725
1773371700000,84.2800,84.4800,84.1200,84.4000,156547.921
1773372600000,84.4000,84.5400,84.1200,84.4800,131540.322
1773373500000,84.4900,84.7400,84.4700,84.6800,83657.125
1773374400000,84.6800,84.7100,84.4800,84.4900,58128.862
1773375300000,84.4800,84.5400,84.2100,84.2400,104296.667
1773376200000,84.2500,84.4200,84.2000,84.3500,82124.522
1773377100000,84.3600,84.4400,84.2500,84.3500,57066.807
1773378000000,84.3500,84.4800,84.3400,84.4100,70436.968
1773378900000,84.4100,84.5300,84.1800,84.2200,86730.123
1773379800000,84.2300,84.2800,83.5300,83.6700,338593.934
1773380700000,83.6700,83.8700,83.2500,83.6900,412907.853
1773381600000,83.6900,83.9200,83.5000,83.6400,253515.147
1773382500000,83.6400,83.6600,82.6400,82.9800,582123.384
1773383400000,82.9800,83.1300,82.5200,82.5900,441965.215
1773384300000,82.5900,82.8000,82.2600,82.5100,509776.203
1773385200000,82.5100,82.8600,82.3900,82.5700,323688.440
1773386100000,82.5600,82.5700,81.5700,82.3200,586530.426
1773387000000,82.3200,82.7000,82.2500,82.5000,232839.783
1773387900000,82.4900,82.6600,82.1700,82.4300,172366.401
1773388800000,82.4400,82.4400,81.6700,82.3500,347618.330
1773389700000,82.3400,82.4300,81.7900,82.0300,263976.830
1773390600000,82.0200,82.7500,82.0100,82.5000,259991.155
1773391500000,82.5000,82.9200,82.3300,82.6900,250741.313
1773392400000,82.7000,82.9400,82.6400,82.7200,194834.538
1773393300000,82.7300,82.8100,82.3500,82.8100,235272.522
1773394200000,82.8000,82.8500,82.5800,82.6900,116630.473
1773395100000,82.6800,83.1100,82.6500,82.9800,171673.246
1773396000000,82.9800,83.1700,82.8000,83.1700,133092.955
1773396900000,83.1600,83.1800,82.8300,82.8700,112749.747
1773397800000,82.8700,83.0600,82.7100,83.0100,122691.471
1773398700000,83.0100,83.4900,82.9200,83.2200,188522.227
1773399600000,83.2300,83.3600,82.9500,83.1000,146481.298
1773400500000,83.0900,83.4200,83.0300,83.3500,102925.483
1773401400000,83.3500,83.3500,83.0900,83.2000,74783.108
1773402300000,83.2100,83.7900,83.1200,83.7100,179426.589
1773403200000,83.7000,84.2100,83.6400,83.9500,314067.514
1773404100000,83.9500,84.1600,83.8300,84.0400,162429.495
1773405000000,84.0400,84.2300,83.8300,83.9600,178521.914
1773405900000,83.9500,84.4000,83.9300,84.2000,265793.762
1773406800000,84.2000,84.4400,83.8400,84.1800,325410.971
1773407700000,84.1700,84.3200,83.9600,83.9900,179420.613
1773408600000,83.9900,84.0300,83.3500,84.0200,434760.488
1773409500000,84.0100,84.2200,83.5200,83.5800,267502.432
1773410400000,83.5800,83.6500,82.5400,82.5400,507268.591
1773411300000,82.5400,82.6700,82.1500,82.4600,475714.238
1773412200000,82.4600,82.6000,81.9700,82.0500,318479.771
1773413100000,82.0400,82.1800,80.6700,80.7000,760346.481
1773414000000,80.6900,81.6000,80.6000,81.4500,672542.884
1773414900000,81.4600,81.4600,80.8700,81.0400,291730.211
1773415800000,81.0300,81.2000,80.3400,80.5100,457230.177
1773416700000,80.5000,81.0700,80.2300,80.3100,630353.065
1773417600000,80.3100,80.4300,79.4700,80.2800,920829.856
1773418500000,80.2700,80.3500,79.8300,80.1700,355741.652
1773419400000,80.1600,80.4400,79.9700,80.0700,371028.133
1773420300000,80.0800,80.5800,79.8700,80.3400,324693.944
1773421200000,80.3300,81.0100,80.3300,81.0000,361266.494
1773422100000,81.0000,81.3300,80.9600,81.1100,357966.157
1773423000000,81.1200,81.3600,80.9400,81.0500,154261.369
1773423900000,81.0600,81.1800,80.7100,80.9800,170574.961
1773424800000,80.9700,81.1000,80.8700,80.9900,166842.075
1773425700000,81.0000,81.1400,80.7100,81.1400,203669.431
1773426600000,81.1300,81.2400,80.8000,80.8800,180954.708
1773427500000,80.8700,81.0600,80.8300,81.0500,108171.654
1773428400000,81.0500,81.1600,80.7100,80.9700,130093.947
1773429300000,80.9800,81.0300,80.4800,80.6000,146168.463
1773430200000,80.6000,80.6900,80.1800,80.3600,154919.393
1773431100000,80.3600,80.5300,79.9400,80.3200,303314.478
1773432000000,80.3300,80.4000,79.9500,80.3100,123542.445
1773432900000,80.3300,80.4400,80.2400,80.2800,87622.825
1773433800000,80.2700,80.5700,80.2000,80.4900,49992.727
1773434700000,80.5000,80.6400,80.4200,80.5500,61583.584
1773435600000,80.5500,80.6100,80.5200,80.6000,37293.021
1773436500000,80.5900,80.6100,80.5300,80.5300,32439.106
1773437400000,80.5300,80.6100,80.5300,80.6100,17651.374
1773438300000,80.6100,80.6500,80.6000,80.6400,8294.212
1773439200000,80.6500,80.7100,80.6400,80.7100,24455.938
1773440100000,80.7000,80.7200,80.6600,80.7000,16648.174
1773441000000,80.7000,80.7000,80.6900,80.7000,3462.478
1773441900000,80.7000,80.7400,80.6900,80.7300,18035.794
1773442800000,80.7300,80.7400,80.6700,80.7200,21853.451
1773443700000,80.7200,80.7200,80.6700,80.6800,11076.105
1773444600000,80.6800,80.6900,80.6600,80.6800,12019.201
1773445500000,80.6900,80.6900,80.6400,80.6500,18929.030
1773446400000,80.6600,80.6700,80.6300,80.6700,11776.631
1773447300000,80.6700,80.6700,80.6100,80.6300,22547.132
1773448200000,80.6400,80.6600,80.6100,80.6400,39670.902
1773449100000,80.6400,80.7400,80.6400,80.7300,26068.349
1773450000000,80.7300,80.7400,80.6500,80.6700,16958.775
1773450900000,80.6700,80.6800,80.6400,80.6400,10006.110
1773451800000,80.6400,80.6500,80.6200,80.6200,13107.470
1773452700000,80.6200,80.6400,80.6200,80.6300,9726.298
1773453600000,80.6400,80.6400,80.6100,80.6200,6654.538
1773454500000,80.6200,80.6200,80.5500,80.5600,12930.006
1773455400000,80.5600,80.5900,80.5500,80.5800,15202.948
1773456300000,80.5800,80.6400,80.5800,80.6300,23057.383
1773457200000,80.6400,80.6600,80.6300,80.6400,6553.979
1773458100000,80.6500,80.7000,80.6300,80.6400,21862.973
1773459000000,80.6500,80.6500,80.6400,80.6400,3084.525
1773459900000,80.6500,80.6500,80.6300,80.6400,2912.370
1773460800000,80.6400,80.6400,80.6200,80.6300,5765.155
1773461700000,80.6300,80.6400,80.6300,80.6400,4847.005
1773462600000,80.6400,80.6500,80.6300,80.6400,6642.949
1773463500000,80.6500,80.6500,80.6200,80.6200,8558.129
1773464400000,80.6300,80.6500,80.6200,80.6500,4214.326
1773465300000,80.6400,80.6800,80.6400,80.6600,14931.192
1773466200000,80.6600,80.6600,80.6500,80.6600,1964.096
1773467100000,80.6600,80.6600,80.6400,80.6500,2859.483
1773468000000,80.6400,80.6500,80.6300,80.6300,4649.920
1773468900000,80.6300,80.6400,80.6000,80.6100,11025.907
1773469800000,80.6100,80.6200,80.5900,80.6100,9873.924
1773470700000,80.6200,80.6400,80.6100,80.6200,5962.918
1773471600000,80.6300,80.6300,80.6100,80.6200,2368.044
1773472500000,80.6200,80.6200,80.5900,80.6000,7090.117
1773473400000,80.6000,80.6000,80.5900,80.6000,5789.449
1773474300000,80.6000,80.6100,80.5800,80.5900,8105.338
1773475200000,80.5900,80.6300,80.5800,80.6200,8863.580
1773476100000,80.6300,80.6300,80.6200,80.6200,5647.124
1773477000000,80.6300,80.6300,80.6000,80.6100,4490.564
1773477900000,80.6100,80.6300,80.6000,80.6200,4704.337
1773478800000,80.6300,80.6500,80.6200,80.6400,7031.718
1773479700000,80.6500,80.6500,80.6400,80.6500,2372.841
1773480600000,80.6500,80.6500,80.6400,80.6500,1105.844
1773481500000,80.6500,80.6500,80.6300,80.6300,4779.240
1773482400000,80.6400,80.6400,80.6300,80.6400,2696.524
1773483300000,80.6400,80.6400,80.6300,80.6300,3130.888
1773484200000,80.6300,80.6500,80.6300,80.6500,4077.249
1773485100000,80.6500,80.6500,80.6400,80.6500,5319.226
1773486000000,80.6500,80.6500,80.6400,80.6500,3128.141
1773486900000,80.6500,80.6500,80.6400,80.6500,1943.971
1773487800000,80.6400,80.6500,80.6400,80.6500,1781.930
1773488700000,80.6400,80.6500,80.6300,80.6300,4112.854
1773489600000,80.6400,80.6400,80.6200,80.6300,7751.948
1773490500000,80.6400,80.6800,80.6300,80.6500,16018.480
1773491400000,80.6500,80.6800,80.6300,80.6400,11067.980
1773492300000,80.6400,80.6800,80.6300,80.6300,21188.425
1773493200000,80.6300,80.6600,80.6100,80.6600,13276.681
1773494100000,80.6700,80.6700,80.5800,80.6200,33255.662
1773495000000,80.6100,80.6600,80.5800,80.6200,31736.060
1773495900000,80.6200,80.6400,80.6100,80.6200,5452.024
1773496800000,80.6300,80.6300,80.6000,80.6100,6608.633
1773497700000,80.6000,80.6100,80.6000,80.6100,1943.331
1773498600000,80.6100,80.6100,80.6000,80.6000,4111.570
1773499500000,80.6100,80.6300,80.6000,80.6200,4654.992
1773500400000,80.6200,80.6300,80.6000,80.6100,6159.353
1773501300000,80.6200,80.6600,80.6100,80.6500,15986.838
1773502200000,80.6600,80.6600,80.6200,80.6200,11643.739
1773503100000,80.6300,80.6300,80.5800,80.6000,19751.696
1773504000000,80.6100,80.6300,80.5900,80.6300,5809.589
1773504900000,80.6300,80.6300,80.6200,80.6200,2289.108
1773505800000,80.6300,80.6300,80.6200,80.6300,696.886
1773506700000,80.6300,80.6300,80.6100,80.6200,3764.496
1773507600000,80.6200,80.6200,80.6000,80.6100,4484.955
1773508500000,80.6100,80.6600,80.6100,80.6300,16497.833
1773509400000,80.6400,80.6600,80.6000,80.6500,18659.916
1773510300000,80.6500,80.6600,80.6000,80.6300,34889.089
1773511200000,80.6300,80.6700,80.6100,80.6500,22350.772
1773512100000,80.6500,80.6500,80.6100,80.6400,16793.240
1773513000000,80.6400,80.6500,80.6200,80.6300,3802.873
1773513900000,80.6300,80.6300,80.6200,80.6300,999.276
1773514800000,80.6200,80.6300,80.6200,80.6300,1556.457
1773515700000,80.6300,80.6300,80.6000,80.6000,8161.356
1773516600000,80.6000,80.6200,80.6000,80.6200,3450.375
1773517500000,80.6200,80.6200,80.6000,80.6200,2520.151
1773518400000,80.6200,80.6200,80.5900,80.6100,3406.584
1773519300000,80.6100,80.6100,80.6000,80.6000,212.930
1773520200000,80.6100,80.6400,80.6000,80.6300,6106.609
1773521100000,80.6400,80.6400,80.6300,80.6400,397.359
1773522000000,80.6400,80.6500,80.5800,80.5900,20671.709
1773522900000,80.5800,80.6600,80.5800,80.6000,28730.371
1773523800000,80.6000,80.6600,80.5900,80.6000,28646.341
1773524700000,80.6100,80.6700,80.6000,80.6700,10300.694
1773525600000,80.6700,80.6800,80.6100,80.6200,17178.412
1773526500000,80.6200,80.6800,80.6100,80.6700,17724.390
1773527400000,80.6800,80.6800,80.6400,80.6400,11050.540
1773528300000,80.6400,80.6800,80.6100,80.6200,33339.874
1773529200000,80.6300,80.6700,80.6100,80.6700,13906.879
1773530100000,80.6700,80.6800,80.6600,80.6700,4843.199
1773531000000,80.6700,80.6700,80.6500,80.6600,3193.864
1773531900000,80.6600,80.6600,80.6400,80.6500,2433.743
1773532800000,80.6500,80.6500,80.6400,80.6500,2393.520
1773533700000,80.6500,80.6500,80.6400,80.6500,2175.345
1773534600000,80.6500,80.6500,80.6400,80.6400,1137.529
1773535500000,80.6400,80.6500,80.6400,80.6400,1856.431
1773536400000,80.6400,80.6600,80.6400,80.6600,1600.173
1773537300000,80.6600,80.6600,80.6200,80.6200,4476.605
1773538200000,80.6300,80.6300,80.6100,80.6200,5970.054
1773539100000,80.6200,80.6200,80.6100,80.6200,1589.770
1773540000000,80.6200,80.6300,80.6100,80.6200,6048.893
1773540900000,80.6200,80.6300,80.6200,80.6300,1541.000
1773541800000,80.6300,80.6400,80.6200,80.6400,2086.441
1773542700000,80.6400,80.6400,80.6300,80.6400,4117.868
1773543600000,80.6400,80.6400,80.6300,80.6400,3108.819
1773544500000,80.6400,80.6400,80.6300,80.6400,3170.226
1773545400000,80.6300,80.6400,80.6300,80.6400,3912.303
1773546300000,80.6400,80.6400,80.6300,80.6300,1220.222
1773547200000,80.6400,80.6400,80.6300,80.6300,3334.348
1773548100000,80.6400,80.6400,80.6300,80.6300,3413.127
1773549000000,80.6400,80.6400,80.6300,80.6300,1110.185
1773549900000,80.6400,80.6400,80.6300,80.6400,1467.269
1773550800000,80.6300,80.6400,80.6300,80.6300,942.845
1773551700000,80.6400,80.6700,80.6300,80.6500,20526.500
1773552600000,80.6600,80.6700,80.6400,80.6400,6283.208
1773553500000,80.6500,80.6600,80.6400,80.6600,3737.881
1773554400000,80.6500,80.6600,80.6500,80.6500,1509.064
1773555300000,80.6600,80.6600,80.6500,80.6600,2184.178
1773556200000,80.6500,80.6600,80.6500,80.6500,1231.908
1773557100000,80.6500,80.6600,80.6500,80.6600,1034.138
1773558000000,80.6500,80.6600,80.6500,80.6500,1840.934
1773558900000,80.6600,80.6600,80.6500,80.6600,2111.870
1773559800000,80.6600,80.6600,80.6400,80.6400,715.901
1773560700000,80.6400,80.6600,80.6300,80.6500,9598.548
1773561600000,80.6500,80.6600,80.6400,80.6500,3280.857
1773562500000,80.6400,80.6600,80.6400,80.6500,3606.774
1773563400000,80.6500,80.6600,80.6400,80.6500,5153.335
1773564300000,80.6500,80.6500,80.6300,80.6500,4359.946
1773565200000,80.6500,80.6600,80.6300,80.6400,5181.835
1773566100000,80.6400,80.6400,80.6300,80.6300,5879.329
1773567000000,80.6400,80.6500,80.6400,80.6400,3365.863
1773567900000,80.6400,80.6500,80.6400,80.6400,9936.098
1773568800000,80.6400,80.6400,80.6300,80.6400,7970.240
1773569700000,80.6400,80.6400,80.6300,80.6300,3459.379
1773570600000,80.6300,80.6400,80.6200,80.6300,3374.735
1773571500000,80.6300,80.6300,80.6100,80.6300,8024.569
1773572400000,80.6300,80.6400,80.6100,80.6400,6655.101
1773573300000,80.6400,80.6400,80.6200,80.6300,2807.851
1773574200000,80.6300,80.6300,80.6100,80.6200,6587.103
1773575100000,80.6200,80.6300,80.6100,80.6300,4442.140
1773576000000,80.6300,80.6300,80.5800,80.5900,7888.304
1773576900000,80.6000,80.6000,80.5700,80.5800,9348.587
1773577800000,80.5800,80.5900,80.5600,80.5700,3199.761
1773578700000,80.5600,80.5700,80.5300,80.5500,9402.000
1773579600000,80.5500,80.5600,80.5200,80.5200,18797.977
1773580500000,80.5300,80.5700,80.5200,80.5600,14916.743
1773581400000,80.5600,80.5800,80.5400,80.5500,5989.898
1773582300000,80.5400,80.5500,80.5200,80.5400,3869.020
1773583200000,80.5300,80.5700,80.5300,80.5600,5842.079
1773584100000,80.5600,80.5700,80.5400,80.5400,3382.094
1773585000000,80.5500,80.5500,80.4400,80.4800,23195.475
1773585900000,80.4700,80.5000,80.4300,80.4700,16511.956
1773586800000,80.4700,80.5100,80.4600,80.4800,9450.590
1773587700000,80.4800,80.4900,80.4600,80.4900,6519.951
1773588600000,80.4900,80.5000,80.4800,80.4800,5407.897
1773589500000,80.4900,80.5300,80.4700,80.5000,16356.238
1773590400000,80.5000,80.5100,80.2600,80.3000,46080.343
1773591300000,80.2900,80.4000,80.2300,80.2600,30667.918
1773592200000,80.2600,80.3800,80.2300,80.3700,18993.479
1773593100000,80.3700,80.3700,80.2300,80.3100,14540.988
1773594000000,80.3100,80.3700,80.2700,80.2700,10887.048
1773594900000,80.2800,80.3100,80.2000,80.2900,25401.295
1773595800000,80.3000,80.3000,80.2500,80.2700,8054.616
1773596700000,80.2800,80.3700,80.2700,80.3400,14458.542
1773597600000,80.3400,80.3800,80.3100,80.3600,11705.229
1773598500000,80.3600,80.3900,80.3400,80.3800,5088.872
1773599400000,80.3800,80.3800,80.3500,80.3700,3834.374
1773600300000,80.3800,80.3800,80.2400,80.2500,11070.183
1773601200000,80.2400,80.3200,80.2300,80.3200,5619.213
1773602100000,80.3200,80.3500,80.3000,80.3300,7954.119
1773603000000,80.3400,80.3700,80.3300,80.3700,3647.554
1773603900000,80.3700,80.4400,80.2900,80.2900,23949.868
1773604800000,80.2900,80.3400,80.1600,80.2500,39500.378
1773605700000,80.2500,80.2900,80.2400,80.2700,6249.977
1773606600000,80.2700,80.3400,80.2600,80.2800,11271.306
1773607500000,80.2800,80.3100,80.2600,80.3000,5426.853
1773608400000,80.3100,80.3700,80.3000,80.3700,7566.729
1773609300000,80.3600,80.4000,80.3600,80.3700,6466.630
1773610200000,80.3800,80.4500,80.1700,80.3800,47598.085
1773611100000,80.3800,80.5500,80.3700,80.5100,14026.440
1773612000000,80.5100,80.5100,80.0400,80.2600,385621.113
1773612900000,80.2600,80.2600,79.4400,79.9600,259593.709
1773613800000,79.9600,80.1600,79.8300,80.0800,81620.906
1773614700000,80.0700,80.6500,80.0400,80.5200,137205.509
1773615600000,80.5200,80.6300,80.0400,80.0500,185700.117
1773616500000,80.0600,80.2100,79.2400,79.9800,469717.576
1773617400000,79.9900,79.9900,79.5400,79.7900,148928.549
1773618300000,79.7900,80.1500,79.5800,80.1200,181692.790
1773619200000,80.1300,81.4100,80.1200,81.2700,545643.477
1773620100000,81.2600,81.4900,81.0800,81.1600,205751.896
1773621000000,81.1600,81.4800,81.1100,81.3900,127578.784
1773621900000,81.3900,81.5900,81.1400,81.5500,178709.174
1773622800000,81.5500,81.5900,78.6100,78.7400,1121168.046
1773623700000,78.7400,79.7000,78.5700,79.2100,792956.735
1773624600000,79.2000,79.7500,78.7100,79.7300,502209.648
1773625500000,79.7300,80.4000,79.6500,80.3800,316796.442
1773626400000,80.3700,80.4700,79.8700,80.1200,265615.136
1773627300000,80.1300,80.2800,79.7100,79.9500,230609.552
1773628200000,79.9600,80.0300,79.4500,79.7700,332901.395
1773629100000,79.7600,79.8600,79.2100,79.3600,256086.328
1773630000000,79.3700,79.6300,78.9100,79.0100,235514.601
1773630900000,79.0000,79.9500,78.9400,79.8500,279772.101
1773631800000,79.8400,80.2000,79.8400,80.1900,248074.473
1773632700000,80.1900,80.3000,80.0100,80.2500,111724.297
1773633600000,80.2500,80.6500,80.1700,80.5900,194260.650
1773634500000,80.5900,80.6600,80.3500,80.3600,111304.267
1773635400000,80.3600,80.5700,80.2400,80.2800,105039.633
1773636300000,80.2900,80.3200,80.1100,80.1300,96957.196
1773637200000,80.1300,80.3100,80.0600,80.1200,132960.346
1773638100000,80.1200,80.1500,79.8200,79.9200,148112.911
1773639000000,79.9300,80.4300,79.4900,80.3500,352760.191
1773639900000,80.3500,80.5300,80.1600,80.2900,138656.040
1773640800000,80.2900,80.5100,80.0100,80.4800,178639.158
1773641700000,80.4800,80.7800,80.3500,80.4000,149781.644
1773642600000,80.4100,80.4800,79.9200,80.1500,175710.234
1773643500000,80.1400,80.2100,79.6600,80.1400,246740.701
1773644400000,80.1400,80.4100,79.8600,79.9900,196783.621
1773645300000,79.9800,79.9900,79.2000,79.4000,371453.648
1773646200000,79.4100,79.5800,79.0300,79.1100,291009.125
1773647100000,79.0900,79.4900,79.0900,79.1300,173966.299
1773648000000,79.1400,79.5800,78.8100,78.8300,276196.759
1773648900000,78.8400,79.5000,78.7300,79.3900,263476.746
1773649800000,79.3800,79.4500,78.7500,78.7800,163726.952
1773650700000,78.7700,79.3700,78.7400,79.1900,176319.495
1773651600000,79.1800,79.2100,78.6400,78.9600,190165.720
1773652500000,78.9500,79.0600,78.7900,78.8400,95265.872
1773653400000,78.8300,78.8900,78.2700,78.2800,213130.618
1773654300000,78.2900,78.7500,77.5200,77.9100,372878.320
1773655200000,77.9000,77.9000,77.1300,77.2500,713516.250
1773656100000,77.2400,77.8500,77.2200,77.7600,501837.775
1773657000000,77.7700,78.1500,77.7200,78.1000,406625.208
1773657900000,78.1000,79.0300,77.9800,78.9200,446228.164
1773658800000,78.9200,79.0900,78.6900,78.9900,319762.378
1773659700000,78.9900,79.4800,78.9300,79.2100,257336.762
1773660600000,79.2100,79.4400,79.0600,79.2800,138693.203
1773661500000,79.2800,79.3600,78.7700,78.9700,173697.345
1773662400000,78.9800,79.3200,78.8600,79.2600,223775.723
1773663300000,79.2500,79.8800,79.1200,79.7000,290993.960
1773664200000,79.7000,80.0800,79.7000,80.0400,291360.226
1773665100000,80.0400,80.2800,79.9900,80.2500,235093.782
1773666000000,80.2500,80.4100,79.8000,80.2600,341074.376
1773666900000,80.2600,80.9800,80.2600,80.8800,412755.143
1773667800000,80.8800,81.6400,80.6800,81.2100,572494.477
1773668700000,81.2000,81.3600,80.9400,81.2700,371770.533
1773669600000,81.2600,81.5500,81.1300,81.2700,364103.634
1773670500000,81.2800,81.4500,80.8100,80.8400,375443.461
1773671400000,80.8300,80.8600,80.3900,80.4200,413907.429
1773672300000,80.4300,80.7800,80.0500,80.7200,509073.095
1773673200000,80.7200,80.9400,80.4300,80.7700,276327.842
1773674100000,80.7800,81.1200,80.6500,80.8500,230495.680
1773675000000,80.8500,81.0200,80.6900,80.6900,139301.283
1773675900000,80.7000,80.7500,80.2500,80.3600,208665.425
1773676800000,80.3500,80.7800,80.2000,80.5500,204842.865
1773677700000,80.5500,80.6800,79.8700,79.9000,240355.865
1773678600000,79.9000,80.1600,79.5900,79.9900,500834.253
1773679500000,79.9900,80.4500,79.9000,80.2400,133667.290
1773680400000,80.2500,80.7500,80.2500,80.7000,149939.533
1773681300000,80.6900,80.7500,80.4200,80.5800,119434.871
1773682200000,80.5900,80.6400,80.1600,80.2700,130471.659
1773683100000,80.2800,80.4400,80.1400,80.2600,89122.320
1773684000000,80.2600,80.5900,80.1400,80.5600,109746.692
1773684900000,80.5700,81.0600,80.5700,80.9700,165848.927
1773685800000,80.9600,81.4200,80.9400,81.2900,190794.196
1773686700000,81.3000,81.3600,81.0400,81.0600,110052.710
1773687600000,81.0600,81.4200,80.9500,81.0900,112112.188
1773688500000,81.0800,81.2300,80.8200,80.8800,103538.561
1773689400000,80.8800,81.1100,80.7900,80.9300,74376.450
1773690300000,80.9300,81.1100,80.7800,80.9300,75389.915
1773691200000,80.9300,81.1200,80.7400,80.9900,55345.207
1773692100000,81.0000,81.0200,80.8900,80.9500,24973.637
1773693000000,80.9400,80.9500,80.7800,80.8500,32530.180
1773693900000,80.8500,80.9400,80.7400,80.8100,33285.108
1773694800000,80.8100,81.1300,80.7500,80.9800,76959.876
1773695700000,80.9700,81.0000,80.8800,80.9100,12399.728
1773696600000,80.9100,80.9200,80.7700,80.8400,21291.950
1773697500000,80.8400,81.0000,80.8300,80.9600,10303.403
1773698400000,80.9500,81.1800,80.6600,80.7700,124062.848
1773699300000,80.7700,80.9200,80.6200,80.7800,59643.559
1773700200000,80.7800,80.9700,80.6700,80.8500,39209.635
1773701100000,80.8600,80.9300,80.7600,80.8100,36389.475
1773702000000,80.8000,80.9700,80.7900,80.9400,26504.581
1773702900000,80.9500,81.1300,80.9200,81.1100,27179.850
1773703800000,81.1200,81.2100,81.0500,81.0500,35481.225
1773704700000,81.0500,81.2400,80.9600,81.1900,58538.051
1773705600000,81.1900,81.2000,80.4000,80.6400,245585.761
1773706500000,80.6300,80.7600,80.2700,80.4300,126547.283
1773707400000,80.4200,80.6200,80.2600,80.3600,103511.197
1773708300000,80.3600,80.5500,80.2500,80.4200,97372.591
1773709200000,80.4100,80.8400,79.9500,80.6400,333729.174
1773710100000,80.6400,80.8700,80.3300,80.6200,154195.780
1773711000000,80.6200,81.0800,80.5900,80.8700,139642.557
1773711900000,80.8800,81.5800,80.8200,81.4900,318541.181
1773712800000,81.5000,81.5300,81.2000,81.2800,163725.296
1773713700000,81.2900,81.3900,81.1700,81.3800,70878.921
1773714600000,81.3800,81.6200,81.2500,81.5600,109951.182
1773715500000,81.5700,81.5900,81.2200,81.2500,65330.685
1773716400000,81.2400,81.2400,81.0000,81.1200,139736.739
1773717300000,81.1100,81.6000,81.0900,81.5300,168644.796
1773718200000,81.5300,81.5600,81.2100,81.2700,72861.480
1773719100000,81.2800,81.4100,81.2400,81.4100,53475.859
1773720000000,81.4100,81.5100,81.3300,81.4800,32179.988
1773720900000,81.4900,82.1200,81.4200,82.0700,261147.939
1773721800000,82.0600,82.3800,82.0000,82.3300,271068.455
1773722700000,82.3400,82.5300,82.2200,82.4300,161682.638
1773723600000,82.4200,82.4600,82.1500,82.3900,120197.431
1773724500000,82.3900,82.5100,82.0800,82.0900,93048.574
1773725400000,82.0800,82.1300,81.7000,81.7100,210492.323
1773726300000,81.7100,81.7700,81.1200,81.1800,286968.063
1773727200000,81.1900,81.2900,80.5700,80.8700,490260.149
1773728100000,80.8700,81.1400,80.6200,81.0500,299560.855
1773729000000,81.0500,81.2300,80.8600,81.0400,160449.611
1773729900000,81.0400,81.0600,80.6700,80.6800,177989.021
1773730800000,80.6800,81.1600,80.6700,81.0400,111427.854
1773731700000,81.0400,81.2800,80.8500,81.2300,110479.955
1773732600000,81.2300,81.4100,81.2200,81.2800,134886.585
1773733500000,81.2800,81.2800,81.0500,81.0900,120124.293
1773734400000,81.0800,81.2000,80.6400,80.8200,228654.771
1773735300000,80.8100,81.2300,80.7600,81.0800,129244.332
1773736200000,81.0800,81.2500,80.9700,81.1900,144582.510
1773737100000,81.1800,81.1800,80.8300,81.0000,174325.896
1773738000000,81.0000,81.0000,80.5800,80.6400,229981.865
1773738900000,80.6400,80.9300,80.5800,80.8900,149907.642
1773739800000,80.8900,81.0300,80.6800,81.0200,149202.156
1773740700000,81.0200,81.0700,80.8400,80.9000,111926.269
1773741600000,80.9100,81.0300,80.3400,80.4700,264735.804
1773742500000,80.4600,80.6500,80.4400,80.5000,153027.934
1773743400000,80.5000,80.6300,80.1200,80.2200,228177.962
1773744300000,80.2100,80.3500,79.8500,80.2400,307873.841
1773745200000,80.2300,80.5500,80.1100,80.5300,156961.632
1773746100000,80.5200,80.7400,80.5200,80.6000,111446.389
1773747000000,80.6100,80.7300,80.4700,80.6400,119930.670
1773747900000,80.6300,80.7700,80.2900,80.3500,146042.372
1773748800000,80.3400,80.3800,80.1100,80.3000,331192.580
1773749700000,80.3100,80.8700,80.3000,80.8600,225309.348
1773750600000,80.8700,81.0600,80.7000,80.7600,250756.414
1773751500000,80.7600,80.7600,80.4800,80.7200,145237.847
1773752400000,80.7200,81.0100,80.5800,80.8300,196220.274
1773753300000,80.8300,81.1700,80.7800,80.8200,191563.034
1773754200000,80.8300,81.3700,80.7900,81.1800,371658.472
1773755100000,81.1700,81.4000,80.8800,81.2500,314003.772
1773756000000,81.2600,81.3400,80.9200,81.1200,221937.008
1773756900000,81.1200,81.1200,80.5600,80.6800,246508.165
1773757800000,80.6700,80.7700,80.3800,80.7200,322610.321
1773758700000,80.7100,80.8400,80.1700,80.2000,197086.649
1773759600000,80.2000,80.5100,80.0100,80.0700,273057.960
1773760500000,80.0700,80.3800,79.7400,79.7700,309564.624
1773761400000,79.7700,79.9500,78.3400,79.0800,900203.979
1773762300000,79.0700,79.4700,78.9900,79.2300,393123.977
1773763200000,79.2300,79.3400,78.8200,79.0400,365820.004
1773764100000,79.0400,79.5100,79.0300,79.4700,223546.891
1773765000000,79.4800,79.6200,79.3500,79.5000,212237.422
1773765900000,79.5100,79.5300,79.2600,79.4500,125166.524
1773766800000,79.4500,79.7700,79.4300,79.4900,169503.841
1773767700000,79.5000,79.9700,79.4900,79.6900,204285.384
1773768600000,79.6800,79.7200,79.4900,79.5200,95092.910
1773769500000,79.5100,79.6900,79.4400,79.6300,97332.390
1773770400000,79.6400,79.8000,79.4900,79.7600,74063.677
1773771300000,79.7600,79.9100,79.5400,79.6100,94287.642
1773772200000,79.6100,79.6700,79.4700,79.6300,51500.386
1773773100000,79.6300,79.7700,79.5000,79.5100,45002.166
1773774000000,79.5100,79.5100,79.2800,79.3800,68893.090
1773774900000,79.3800,79.4000,79.1200,79.1600,70789.496
1773775800000,79.1700,79.3200,79.0600,79.2700,57543.707
1773776700000,79.2800,79.3600,79.1400,79.2500,74988.345
1773777600000,79.2600,79.3400,79.2300,79.2500,35602.254
1773778500000,79.2400,79.2600,79.1600,79.2500,27870.162
1773779400000,79.2600,79.3500,79.2200,79.3400,17304.194
1773780300000,79.3400,79.3900,79.2100,79.3600,21731.375
1773781200000,79.3500,79.3900,79.3000,79.3100,17825.276
1773782100000,79.3000,79.3600,79.3000,79.3500,8171.079
1773783000000,79.3400,79.5600,79.3300,79.5000,24655.189
1773783900000,79.5000,79.5600,79.3900,79.5400,11855.224
1773784800000,79.5400,79.5600,79.0800,79.2800,96589.660
1773785700000,79.2700,79.3900,79.0400,79.1800,67406.367
1773786600000,79.1700,79.1900,78.8500,78.9100,65337.099
1773787500000,78.9000,79.1400,78.7600,79.0600,60126.214
1773788400000,79.0700,79.2100,79.0500,79.1300,66244.072
1773789300000,79.1300,79.1900,79.0500,79.1100,49501.353
1773790200000,79.1000,79.2500,79.0800,79.2100,48267.432
1773791100000,79.2100,79.2700,79.1500,79.2500,35559.629
1773792000000,79.2500,79.9400,79.2500,79.7600,310944.854
1773792900000,79.7600,79.8000,79.4800,79.5000,76274.648
1773793800000,79.4900,79.5100,79.2700,79.4900,106811.535
1773794700000,79.5000,79.7500,79.3900,79.5400,139085.835
1773795600000,79.5400,80.1800,79.1700,79.9500,331062.198
1773796500000,79.9500,80.1100,79.8300,79.8500,132073.407
1773797400000,79.8600,79.9300,79.2500,79.3600,232623.878
1773798300000,79.3600,79.3800,78.8500,79.2000,349995.956
1773799200000,79.2000,79.3500,79.0100,79.1700,147361.413
1773800100000,79.1600,79.4500,79.1500,79.2700,105573.494
1773801000000,79.2800,79.3000,78.9100,79.0700,246383.881
1773801900000,79.0700,79.2300,78.2200,78.4400,432931.206
1773802800000,78.4300,78.8500,78.2000,78.7900,262712.063
1773803700000,78.7900,78.9700,78.6500,78.8400,114173.523
1773804600000,78.8500,78.9600,78.7800,78.9100,85100.087
1773805500000,78.9100,78.9300,78.5300,78.7400,157943.672
1773806400000,78.7500,78.9000,78.6900,78.7600,158023.838
1773807300000,78.7600,78.8100,78.6900,78.7500,80524.920
1773808200000,78.7500,78.7600,78.3500,78.5400,178137.331
1773809100000,78.5300,78.6500,78.4800,78.6400,79778.181
1773810000000,78.6400,79.2200,78.5900,79.1000,169449.723
1773810900000,79.1000,79.3900,78.9900,79.2600,150157.635
1773811800000,79.2500,79.6800,78.9700,79.3600,290865.626
1773812700000,79.3600,79.4800,78.9800,79.0900,205237.370
1773813600000,79.0800,79.8600,79.0800,79.7600,201259.166
1773814500000,79.7600,80.1000,79.6400,79.9000,219254.383
1773815400000,79.8900,80.1500,79.7000,79.8300,228916.962
1773816300000,79.8400,79.9700,79.6200,79.8700,115261.492
1773817200000,79.8700,80.1900,79.8600,79.9300,196272.629
1773818100000,79.9200,79.9700,79.7000,79.9100,93632.873
1773819000000,79.9100,79.9600,79.6600,79.7100,93112.616
1773819900000,79.7100,79.7900,79.3900,79.7700,206376.521
1773820800000,79.7700,79.8500,79.4900,79.5500,140659.499
1773821700000,79.5500,79.5700,79.0500,79.3500,250874.970
1773822600000,79.3500,79.4200,79.1500,79.3200,135906.129
1773823500000,79.3100,79.5000,79.1600,79.4200,160063.441
1773824400000,79.4100,79.6500,79.3900,79.4900,114224.914
1773825300000,79.4900,79.8600,79.4300,79.7200,131020.515
1773826200000,79.7200,79.9500,79.7000,79.9300,87704.908
1773827100000,79.9400,80.0300,79.8500,79.9300,118025.526
1773828000000,79.9400,79.9900,79.7500,79.8600,113195.275
1773828900000,79.8600,80.0800,79.7300,79.7900,155770.012
1773829800000,79.7800,79.9200,79.3700,79.6900,213828.022
1773830700000,79.7000,79.7500,79.0200,79.1100,203430.525
1773831600000,79.1200,79.5800,78.8200,79.5200,344705.706
1773832500000,79.5200,79.6800,78.8000,78.9100,262578.454
1773833400000,78.9000,79.2400,78.5200,78.6700,367451.987
1773834300000,78.6800,78.8600,78.4300,78.6600,455987.188
1773835200000,78.6600,79.0300,78.2300,78.3400,517623.900
1773836100000,78.3400,78.5800,77.9300,78.3000,600783.897
1773837000000,78.3000,78.3100,77.7200,77.8300,599835.970
1773837900000,77.8300,78.2700,77.4600,77.6200,654833.770
1773838800000,77.6200,77.6200,76.0000,76.3300,1669592.637
1773839700000,76.3200,76.9000,75.6400,76.8600,901190.335
1773840600000,76.8500,77.4600,76.4300,77.1400,836596.630
1773841500000,77.1500,77.5200,76.6200,77.5000,671770.266
1773842400000,77.5000,78.0900,77.3200,77.3400,655441.685
1773843300000,77.3400,77.4500,76.5800,76.6000,399264.739
1773844200000,76.5900,76.8800,76.3200,76.4600,424858.591
1773845100000,76.4600,76.8800,76.3600,76.8500,371644.206
1773846000000,76.8500,77.2000,76.8000,76.9400,388318.549
1773846900000,76.9500,77.0900,76.7200,76.9000,252554.343
1773847800000,76.9000,77.1600,76.7600,76.7600,217940.667
1773848700000,76.7600,76.9700,76.6200,76.7000,196521.634
1773849600000,76.7100,77.0500,76.5900,77.0300,197192.092
1773850500000,77.0200,77.4200,76.9200,77.4100,192182.540
1773851400000,77.4100,77.4200,76.9600,77.3500,187800.825
1773852300000,77.3500,77.4100,77.1600,77.1900,137056.732
1773853200000,77.1900,77.2900,77.0000,77.0400,115807.761
1773854100000,77.0500,77.5700,77.0400,77.3800,199821.419
1773855000000,77.3700,77.5500,77.2500,77.3000,157070.833
1773855900000,77.2900,77.4100,77.1000,77.1400,102873.673
1773856800000,77.1400,77.6200,76.7600,77.2200,453906.119
1773857700000,77.2100,77.2200,76.7600,76.9400,182072.539
1773858600000,76.9400,77.0300,76.3700,76.5000,415332.973
1773859500000,76.4900,76.4900,76.0700,76.1000,340446.990
1773860400000,76.1000,76.5900,75.9100,76.4000,327064.158
1773861300000,76.4100,76.5900,75.9600,76.1800,237762.241
1773862200000,76.1800,76.4800,76.1200,76.2100,154526.604
1773863100000,76.2200,76.2600,75.9800,76.0400,180095.184
1773864000000,76.0300,76.1200,75.5600,75.6300,178818.417
1773864900000,75.6300,75.6900,75.2300,75.2800,376798.378
1773865800000,75.2800,75.6100,75.1200,75.5300,220427.955
1773866700000,75.5300,75.5900,75.3700,75.4900,62194.363
1773867600000,75.5000,75.8600,75.4900,75.6300,83216.091
1773868500000,75.6300,75.7700,75.6000,75.7500,65667.689
1773869400000,75.7600,75.8700,75.6900,75.7900,32435.093
1773870300000,75.8000,75.8300,75.5800,75.7600,27031.163
1773871200000,75.7600,75.8600,75.1500,75.1800,276657.984
1773872100000,75.1900,75.4600,75.0800,75.2600,158758.347
1773873000000,75.2500,75.7000,75.1900,75.5700,120683.109
1773873900000,75.5700,75.8500,75.5700,75.7800,119919.046
1773874800000,75.7800,76.0800,75.7200,75.9900,182997.785
1773875700000,76.0000,76.0800,75.6900,76.0500,159111.019
1773876600000,76.0500,76.2600,75.9900,76.0500,149809.832
1773877500000,76.0500,76.2900,75.9000,75.9400,138934.473
1773878400000,75.9400,76.3400,75.9000,76.2200,141460.022
1773879300000,76.2200,76.5000,76.1100,76.4800,140052.801
1773880200000,76.4700,76.7000,76.2900,76.4000,215415.434
1773881100000,76.4000,76.5500,76.2400,76.4800,161432.549
1773882000000,76.4800,76.7200,75.6300,75.7700,624646.336
1773882900000,75.7800,76.1000,75.5500,76.0900,278818.231
1773883800000,76.0900,76.7100,76.0200,76.6100,295289.731
1773884700000,76.6000,76.6300,76.1400,76.2000,185957.650
1773885600000,76.2200,76.2500,75.9100,76.0900,263395.886
1773886500000,76.0900,76.6100,76.0800,76.5700,140485.876
1773887400000,76.5700,76.7200,76.4200,76.6200,186385.192
1773888300000,76.6300,76.6500,76.2800,76.4600,181667.523
1773889200000,76.4600,76.6000,76.3200,76.5700,116261.132
1773890100000,76.5700,76.5700,76.1600,76.2200,123639.487
1773891000000,76.2100,76.2300,75.9500,76.0600,127742.809
1773891900000,76.0600,76.1400,75.8900,75.9000,73449.760
1773892800000,75.8900,75.8900,75.6000,75.7200,220228.084
1773893700000,75.7200,75.7900,75.6400,75.6800,58849.012
1773894600000,75.6800,75.8100,75.6000,75.6900,75999.529
1773895500000,75.6800,75.8000,75.5700,75.7800,112025.164
1773896400000,75.7700,76.0600,75.7300,75.9900,114097.781
1773897300000,75.9900,76.0900,75.7200,75.7200,75150.271
1773898200000,75.7200,75.7300,74.8300,74.9900,554066.287
1773899100000,74.9900,75.0700,74.5100,74.5100,684464.200
1773900000000,74.5100,75.0200,74.5100,74.8200,457566.867
1773900900000,74.8000,74.8300,73.5700,73.6500,1146534.769
1773901800000,73.6600,73.7400,72.6700,72.9500,1265007.926
1773902700000,72.9600,73.0400,71.8500,72.5000,1476253.526
1773903600000,72.5000,72.8700,72.3900,72.7100,499678.704
1773904500000,72.7100,72.9600,72.2900,72.4900,379836.194
1773905400000,72.4900,72.5700,71.9100,71.9500,417725.017
1773906300000,71.9500,72.2000,71.2200,71.2800,764171.057
1773907200000,71.2900,71.9100,71.1300,71.4200,606018.381
1773908100000,71.4300,71.9400,71.2000,71.2900,521580.975
1773909000000,71.2900,71.4800,70.2700,70.3200,1048419.127
1773909900000,70.3300,71.7700,70.2000,71.5100,774133.489
1773910800000,71.5200,71.7800,71.3000,71.5200,448497.445
1773911700000,71.5200,72.0200,71.4500,71.5900,455847.976
1773912600000,71.6200,71.9500,71.3900,71.5000,335458.352
1773913500000,71.4900,72.0000,71.4100,71.7500,370436.852
1773914400000,71.7300,72.1000,71.6200,71.7600,301552.192
1773915300000,71.7600,71.7600,71.1200,71.6300,402147.578
1773916200000,71.6300,71.9800,71.4900,71.6300,381432.114
1773917100000,71.6300,71.6400,70.6100,70.9700,480053.411
1773918000000,70.9600,71.4700,70.6600,70.7500,460127.073
1773918900000,70.7500,71.1200,70.5500,71.0500,347991.014
1773919800000,71.0500,71.4000,70.6300,70.7700,348581.750
1773920700000,70.7800,70.8300,70.3900,70.4000,447137.033
1773921600000,70.3900,70.4200,68.9800,69.4200,1396315.930
1773922500000,69.4000,69.5200,68.5400,68.7500,1035444.167
1773923400000,68.7400,68.8800,67.7100,67.8300,1267174.890
1773924300000,67.8200,67.8400,66.6600,67.4800,2356123.145
1773925200000,67.4800,67.5800,65.7000,67.2300,2951349.910
1773926100000,67.2200,68.5300,67.0100,68.4700,1692120.288
1773927000000,68.4600,68.7000,67.5800,67.9700,1499091.008
1773927900000,67.9500,69.7300,67.3600,69.6800,1761400.248
1773928800000,69.6900,70.5700,69.6400,70.0600,1282320.254
1773929700000,70.0600,70.3100,69.1300,69.2200,1112303.932
1773930600000,69.2200,70.4100,69.2000,70.1500,781606.015
1773931500000,70.1600,70.9900,69.8400,70.1600,859631.427
1773932400000,70.1500,71.1400,69.9200,70.7900,671782.580
1773933300000,70.7800,70.8200,69.9800,70.2300,643304.129
1773934200000,70.2200,70.2200,69.2300,69.4100,832290.085
1773935100000,69.4000,70.4400,69.3000,70.1500,644120.485
1773936000000,70.1400,71.1800,70.0700,70.7600,838504.480
1773936900000,70.7600,70.9500,70.4200,70.5000,540413.211
1773937800000,70.5100,70.7400,70.2900,70.4400,521033.807
1773938700000,70.4500,70.5500,69.8800,70.2200,367874.771
1773939600000,70.2100,70.7500,70.1500,70.4400,378219.766
1773940500000,70.4400,71.6500,70.2600,71.3000,855397.016
1773941400000,71.3100,71.6600,71.2700,71.3300,426628.844
1773942300000,71.3400,72.0400,71.3300,71.4300,561432.120
1773943200000,71.4400,71.6700,71.1900,71.5600,362096.739
1773944100000,71.5600,71.6000,71.2200,71.5000,161234.245
1773945000000,71.5000,71.5000,71.0200,71.2700,236979.698
1773945900000,71.2600,71.7300,71.1100,71.6800,243655.915
1773946800000,71.6800,72.6700,71.6800,72.4900,666080.169
1773947700000,72.4800,72.5800,71.9200,72.1000,565325.218
1773948600000,72.1000,72.4900,71.9100,72.1900,358709.160
1773949500000,72.1900,72.6900,72.1400,72.6000,335618.168
1773950400000,72.6000,72.8100,72.5800,72.6700,206777.163
1773951300000,72.6700,72.9000,72.6300,72.8100,141677.317
1773952200000,72.8000,72.8200,72.5600,72.6900,100201.906
1773953100000,72.7000,72.9000,72.6500,72.8400,87141.758
1773954000000,72.8300,72.8700,72.7200,72.7300,32978.812
1773954900000,72.7300,72.7400,72.6200,72.6600,26386.458
1773955800000,72.6600,72.7900,72.6600,72.7700,20404.949
1773956700000,72.7700,72.8500,72.7000,72.7200,26685.548
1773957600000,72.7200,73.4300,72.7100,73.4000,310063.578
1773958500000,73.3900,73.4900,73.0500,73.0800,159501.630
1773959400000,73.0800,73.0800,72.4000,72.5000,212922.528
1773960300000,72.4900,72.6100,72.2100,72.2400,247289.206
1773961200000,72.2400,72.6000,72.2400,72.3800,126443.220
1773962100000,72.3800,72.5800,72.2900,72.4200,119723.441
1773963000000,72.4200,72.5500,72.0700,72.3300,186719.804
1773963900000,72.3200,72.7200,72.2900,72.5900,134792.995
1773964800000,72.5900,73.2900,72.5900,73.2300,279316.651
1773965700000,73.2300,73.2400,72.5800,72.8500,301176.526
1773966600000,72.8400,72.9900,72.6900,72.9000,204314.300
1773967500000,72.9100,72.9800,72.4900,72.5300,212393.728
1773968400000,72.5200,73.7300,72.3200,73.1900,1032059.912
1773969300000,73.1900,73.8000,73.1900,73.7700,304627.995
1773970200000,73.7800,74.5600,73.7000,74.4100,610164.275
1773971100000,74.4000,74.5300,73.6000,73.8400,386966.099
1773972000000,73.8500,74.1700,73.5300,73.8900,329295.673
1773972900000,73.8900,74.1100,73.8500,73.9900,188804.375
1773973800000,73.9900,74.2000,73.6100,73.6800,310025.226
1773974700000,73.6800,74.1700,73.6200,73.9300,247943.145
1773975600000,73.9300,74.2200,73.8600,74.1000,232797.385
1773976500000,74.1000,74.5000,74.0900,74.4000,303958.217
1773977400000,74.4000,74.4300,74.1200,74.1600,122792.987
1773978300000,74.1500,74.2700,74.1000,74.2500,90726.860
1773979200000,74.2400,74.2800,73.9200,73.9600,159249.623
1773980100000,73.9700,74.0300,73.8500,73.9700,133300.221
1773981000000,73.9800,74.0200,73.6700,73.8300,179922.740
1773981900000,73.8200,73.9500,73.7100,73.8600,113470.144
1773982800000,73.8600,73.8600,73.5800,73.7900,222543.293
1773983700000,73.7900,73.8600,73.6700,73.6900,172173.025
1773984600000,73.7000,73.8000,72.8100,73.2800,613420.370
1773985500000,73.2800,73.3200,72.3900,72.5600,591313.056
1773986400000,72.5700,73.1700,72.5700,72.8900,433056.924
1773987300000,72.8800,72.9400,72.2200,72.5300,564933.311
1773988200000,72.5300,72.6200,71.2700,71.5500,857435.927
1773989100000,71.5500,71.8400,71.3500,71.6700,555219.412
1773990000000,71.6600,71.9700,71.5100,71.8000,355109.370
1773990900000,71.8000,72.1200,71.7300,72.1000,244560.783
1773991800000,72.0900,72.7900,72.0200,72.7400,355785.634
1773992700000,72.7400,73.0800,72.6800,73.0500,422875.877
1773993600000,73.0500,73.3800,72.7400,73.2200,423873.119
1773994500000,73.2200,73.7100,73.1600,73.3300,443968.938
1773995400000,73.3200,73.4600,73.0200,73.3100,358550.270
1773996300000,73.3000,73.3200,72.9300,73.1800,311122.270
1773997200000,73.1800,73.3300,72.9000,73.1000,202014.015
1773998100000,73.0900,73.1300,72.9200,73.0100,222925.280
1773999000000,73.0100,73.0400,72.2900,72.3600,412909.424
1773999900000,72.3700,72.4200,71.7400,71.8200,438336.215
1774000800000,71.8200,71.9300,71.3500,71.7500,492325.544
1774001700000,71.7500,71.9000,71.3200,71.6800,287083.404
1774002600000,71.6700,72.1200,71.5000,72.1200,336859.704
1774003500000,72.1100,72.1200,71.5700,71.7500,315212.666
1774004400000,71.7400,72.3700,71.5400,72.2800,351331.003
1774005300000,72.2800,72.4400,72.0600,72.2400,213834.696
1774006200000,72.2400,72.4800,72.0300,72.3500,173668.918
1774007100000,72.3500,72.4600,71.9300,72.2700,200614.889
1774008000000,72.2700,72.5700,72.2100,72.2900,405128.016
1774008900000,72.2900,72.4900,72.0400,72.3400,310028.872
1774009800000,72.3400,72.4400,71.5100,71.8000,418504.780
1774010700000,71.7900,72.0600,71.4700,71.9800,308064.761
1774011600000,71.9800,72.3500,70.8700,71.3500,1000357.788
1774012500000,71.3500,71.7700,70.9900,71.4900,618823.493
1774013400000,71.4900,71.8000,70.9100,71.7200,895450.440
1774014300000,71.7100,71.8300,70.0700,70.3600,1043836.078
1774015200000,70.3500,70.5500,69.3500,69.4000,1132109.494
1774016100000,69.4100,69.4200,68.6100,68.8000,1178358.692
1774017000000,68.7900,69.8700,68.7500,69.5500,896484.216
1774017900000,69.5400,69.8900,69.0900,69.6100,700330.243
1774018800000,69.6100,70.3300,69.5200,70.3300,843039.130
1774019700000,70.3300,70.4300,69.3900,69.8000,875252.117
1774020600000,69.8000,70.1800,69.5300,69.6600,526096.996
1774021500000,69.6500,69.6700,68.9600,69.3900,559295.913
1774022400000,69.3800,70.2200,69.3200,70.1800,621968.966
1774023300000,70.1900,70.5500,69.9500,69.9700,411187.736
1774024200000,69.9700,70.1700,69.7200,70.0100,452669.619
1774025100000,70.0100,70.0100,69.5800,69.8400,349908.464
1774026000000,69.8500,70.3200,69.6600,69.9400,431556.628
1774026900000,69.9400,69.9700,69.2800,69.4700,415328.226
1774027800000,69.4700,69.6100,69.1100,69.5800,444368.688
1774028700000,69.5800,69.8000,69.4900,69.7200,245723.970
1774029600000,69.7300,69.8300,69.3500,69.5300,165226.367
1774030500000,69.5300,69.6300,68.8400,69.2800,323447.435
1774031400000,69.2800,69.3700,68.6700,68.7000,348826.414
1774032300000,68.7000,68.8000,67.9400,68.2700,856002.832
1774033200000,68.2800,68.6700,67.9800,68.2900,575595.707
1774034100000,68.3000,68.4300,67.8100,68.1700,470234.161
1774035000000,68.1800,68.3900,67.8800,68.3000,595872.251
1774035900000,68.3000,68.3000,67.8500,68.0200,323905.648
1774036800000,68.0200,68.1700,67.7200,68.1000,285644.259
1774037700000,68.0900,68.3100,67.9600,67.9700,181532.631
1774038600000,67.9700,68.1600,67.8900,68.1200,113372.175
1774039500000,68.1200,68.2400,67.9000,67.9400,161380.805
1774040400000,67.9200,68.0300,67.8700,68.0300,50070.393
1774041300000,68.0200,68.1000,67.9500,68.0500,85719.068
1774042200000,68.0500,68.0600,67.9800,68.0300,40475.835
1774043100000,68.0300,68.0500,68.0100,68.0500,19861.941
1774044000000,68.0500,68.0900,67.9900,68.0300,82313.924
1774044900000,68.0200,68.0600,68.0100,68.0500,32470.552
1774045800000,68.0400,68.0500,68.0200,68.0300,18975.748
1774046700000,68.0300,68.0400,68.0000,68.0200,24209.254
1774047600000,68.0200,68.0200,67.9700,67.9900,25140.058
1774048500000,67.9800,68.0100,67.9600,67.9800,23473.080
1774049400000,67.9800,67.9800,67.9500,67.9600,18471.562
1774050300000,67.9500,67.9700,67.8900,67.9300,53208.133
1774051200000,67.9300,68.0000,67.9300,67.9900,19760.302
1774052100000,67.9900,68.0100,67.9300,67.9300,40499.706
1774053000000,67.9300,68.0100,67.9100,67.9700,47858.632
1774053900000,67.9600,67.9700,67.9200,67.9400,24079.299
1774054800000,67.9400,67.9700,67.9200,67.9400,26230.334
1774055700000,67.9300,67.9700,67.9300,67.9300,23509.480
1774056600000,67.9400,68.0400,67.9400,67.9900,78502.570
1774057500000,67.9900,68.0400,67.9600,68.0300,40420.303
1774058400000,68.0200,68.0300,67.9800,68.0000,10753.269
1774059300000,68.0000,68.0000,67.9800,67.9900,8737.559
1774060200000,67.9800,68.0000,67.9800,68.0000,7705.794
1774061100000,68.0000,68.0000,67.9800,67.9900,7649.260
1774062000000,67.9900,67.9900,67.9800,67.9800,6164.838
1774062900000,67.9900,67.9900,67.9800,67.9900,6773.683
1774063800000,67.9800,68.0000,67.9800,68.0000,13121.613
1774064700000,68.0000,68.0100,67.9900,67.9900,12430.309
1774065600000,67.9900,68.0100,67.9800,68.0100,7325.382
1774066500000,68.0000,68.0100,68.0000,68.0100,4480.403
1774067400000,68.0000,68.0100,67.9900,68.0000,7034.387
1774068300000,67.9900,68.0000,67.9700,67.9800,14117.365
1774069200000,67.9900,67.9900,67.9700,67.9700,4704.463
1774070100000,67.9700,67.9800,67.9700,67.9800,5325.608
1774071000000,67.9800,68.0000,67.9700,67.9900,14859.004
1774071900000,67.9800,67.9900,67.9800,67.9900,8224.086
1774072800000,67.9900,68.0000,67.9800,68.0000,6966.553
1774073700000,68.0000,68.0000,67.9800,67.9900,17349.790
1774074600000,67.9800,67.9900,67.9800,67.9900,5120.719
1774075500000,67.9800,67.9900,67.9800,67.9900,2670.035
1774076400000,67.9900,67.9900,67.9800,67.9900,4575.820
1774077300000,67.9800,67.9900,67.9800,67.9900,5099.872
1774078200000,67.9900,67.9900,67.9800,67.9900,5306.084
1774079100000,67.9900,67.9900,67.9700,67.9700,5212.916
1774080000000,67.9700,68.0000,67.9400,67.9700,50734.431
1774080900000,67.9700,67.9800,67.9600,67.9700,6122.778
1774081800000,67.9600,68.0000,67.9600,67.9800,19838.459
1774082700000,67.9800,68.0000,67.9800,67.9800,13866.724
1774083600000,67.9900,68.0100,67.9800,68.0000,21977.553
1774084500000,67.9900,68.0000,67.9700,67.9900,11820.015
1774085400000,67.9900,68.0000,67.9800,67.9800,23194.357
1774086300000,67.9800,68.0100,67.9700,67.9800,31010.789
1774087200000,67.9700,67.9800,67.9700,67.9800,20152.640
1774088100000,67.9700,67.9800,67.9700,67.9800,8096.760
1774089000000,67.9700,67.9800,67.9700,67.9800,6940.313
1774089900000,67.9800,67.9800,67.9600,67.9600,4723.396
1774090800000,67.9600,67.9700,67.9600,67.9700,1887.658
1774091700000,67.9600,67.9700,67.9600,67.9600,3499.333
1774092600000,67.9600,67.9700,67.9600,67.9600,2303.585
1774093500000,67.9600,67.9700,67.9600,67.9600,2852.706
1774094400000,67.9600,67.9700,67.9600,67.9700,5535.124
1774095300000,67.9700,67.9700,67.9600,67.9700,4166.661
1774096200000,67.9600,67.9700,67.9600,67.9700,5473.403
1774097100000,67.9600,67.9900,67.9400,67.9400,35304.795
1774098000000,67.9400,67.9900,67.9400,67.9500,17818.929
1774098900000,67.9500,67.9700,67.9500,67.9500,3931.407
1774099800000,67.9500,67.9600,67.9500,67.9600,3010.464
1774100700000,67.9500,67.9700,67.9500,67.9600,7446.463
1774101600000,67.9600,67.9700,67.9500,67.9500,12537.663
1774102500000,67.9500,68.0000,67.9500,68.0000,36200.811
1774103400000,68.0000,68.0100,67.9800,68.0000,24848.503
1774104300000,67.9900,68.0000,67.9700,67.9900,11185.110
1774105200000,67.9800,68.0000,67.9800,67.9800,6840.542
1774106100000,67.9800,67.9900,67.9500,67.9600,19033.572
1774107000000,67.9500,68.0000,67.9500,67.9800,48429.871
1774107900000,67.9900,68.0000,67.9600,67.9900,30300.948
1774108800000,67.9800,68.0000,67.9800,67.9900,6331.497
1774109700000,67.9800,67.9900,67.9700,67.9700,5446.248
1774110600000,67.9700,67.9900,67.9700,67.9900,5045.800
1774111500000,67.9800,67.9900,67.9800,67.9800,3578.187
1774112400000,67.9900,67.9900,67.9600,67.9900,11895.519
1774113300000,67.9900,68.0000,67.9700,67.9700,10266.514
1774114200000,67.9700,67.9800,67.9600,67.9700,13070.124
1774115100000,67.9600,67.9800,67.9600,67.9700,5468.145
1774116000000,67.9700,67.9800,67.9700,67.9800,3203.649
1774116900000,67.9700,67.9900,67.9700,67.9900,4592.750
1774117800000,67.9800,67.9900,67.9600,67.9800,8104.082
1774118700000,67.9700,67.9900,67.9600,67.9700,5557.839
1774119600000,67.9700,67.9900,67.9700,67.9800,6400.376
1774120500000,67.9800,68.0000,67.9700,67.9800,12710.836
1774121400000,67.9800,67.9800,67.9700,67.9800,3091.313
1774122300000,67.9700,67.9900,67.9600,67.9700,4379.568
1774123200000,67.9600,67.9800,67.9600,67.9700,2785.863
1774124100000,67.9700,67.9800,67.9700,67.9700,970.204
1774125000000,67.9800,67.9900,67.9700,67.9800,3960.738
1774125900000,67.9800,67.9900,67.9700,67.9800,1580.391
1774126800000,67.9700,67.9900,67.9700,67.9800,2083.287
1774127700000,67.9700,67.9800,67.9700,67.9800,2639.167
1774128600000,67.9800,67.9900,67.9700,67.9800,11744.433
1774129500000,67.9800,68.0000,67.9700,67.9800,2681.308
1774130400000,67.9800,67.9900,67.9700,67.9800,7386.913
1774131300000,67.9700,68.0100,67.9500,67.9500,40957.331
1774132200000,67.9600,68.0100,67.9500,67.9800,22105.159
1774133100000,67.9800,68.0000,67.9500,67.9900,44706.118
1774134000000,67.9800,68.0000,67.9700,67.9800,17539.189
1774134900000,67.9800,68.0000,67.9500,67.9800,34583.438
1774135800000,67.9700,67.9900,67.9500,67.9900,20294.835
1774136700000,67.9900,68.0000,67.9100,67.9200,84886.263
1774137600000,67.9300,67.9900,67.9100,67.9500,45024.952
1774138500000,67.9500,67.9900,67.9400,67.9500,19030.637
1774139400000,67.9600,67.9600,67.9100,67.9300,34590.591
1774140300000,67.9200,67.9400,67.9100,67.9200,9729.841
1774141200000,67.9300,67.9400,67.9200,67.9200,4666.061
1774142100000,67.9300,67.9300,67.9200,67.9200,4958.613
1774143000000,67.9300,67.9300,67.9200,67.9300,6517.104
1774143900000,67.9300,67.9300,67.8900,67.9100,16441.744
1774144800000,67.9000,67.9100,67.8200,67.8900,37757.611
1774145700000,67.8800,67.8900,67.8700,67.8700,4361.056
1774146600000,67.8700,67.8800,67.8600,67.8700,5287.446
1774147500000,67.8700,67.9000,67.8700,67.8900,6542.552
1774148400000,67.8900,67.9100,67.8700,67.8900,6225.556
1774149300000,67.8900,67.9300,67.8900,67.9100,8561.002
1774150200000,67.9200,67.9500,67.9100,67.9500,7683.970
1774151100000,67.9500,67.9500,67.9300,67.9400,4340.673
1774152000000,67.9500,67.9500,67.9100,67.9200,8884.832
1774152900000,67.9300,67.9400,67.9200,67.9300,4993.452
1774153800000,67.9300,67.9400,67.9200,67.9300,4349.437
1774154700000,67.9300,67.9400,67.9100,67.9100,2234.443
1774155600000,67.9200,67.9200,67.9000,67.9100,6203.539
1774156500000,67.9100,67.9100,67.8900,67.8900,8814.379
1774157400000,67.9000,67.9100,67.8800,67.8800,12383.157
1774158300000,67.8900,67.9000,67.8600,67.8900,13265.803
1774159200000,67.9000,67.9200,67.8700,67.9100,11449.950
1774160100000,67.9100,67.9100,67.8800,67.9100,8489.757
1774161000000,67.9000,67.9300,67.8900,67.9000,15566.989
1774161900000,67.9100,67.9100,67.8800,67.9000,9127.457
1774162800000,67.8900,67.9100,67.8900,67.9100,4470.318
1774163700000,67.9100,67.9600,67.9000,67.9600,24755.715
1774164600000,67.9600,67.9600,67.9400,67.9500,5387.974
1774165500000,67.9500,67.9500,67.9300,67.9300,7380.235
1774166400000,67.9400,67.9600,67.9300,67.9300,7381.872
1774167300000,67.9400,67.9400,67.9100,67.9100,7307.931
1774168200000,67.9200,67.9200,67.9100,67.9200,3289.598
1774169100000,67.9200,67.9300,67.9100,67.9300,6960.816
1774170000000,67.9300,67.9300,67.9200,67.9200,6353.711
1774170900000,67.9300,67.9300,67.9200,67.9300,2458.661
1774171800000,67.9300,67.9600,67.9200,67.9600,22233.164
1774172700000,67.9600,67.9700,67.9500,67.9700,12268.542
1774173600000,67.9700,67.9900,67.9600,67.9800,12108.163
1774174500000,67.9800,68.0100,67.9700,68.0100,15334.283
1774175400000,68.0100,68.0100,67.9900,68.0100,17425.056
1774176300000,68.0100,68.0200,67.9900,68.0100,16887.523
1774177200000,68.0100,68.0300,67.9900,68.0000,19219.920
1774178100000,67.9900,68.0300,67.9900,68.0000,14519.746
1774179000000,68.0000,68.0100,67.8600,67.8800,46457.383
1774179900000,67.8700,67.8800,67.8400,67.8600,20843.386
1774180800000,67.8700,67.8700,67.8200,67.8400,15642.328
1774181700000,67.8400,67.8600,67.8100,67.8300,31085.796
1774182600000,67.8300,67.8500,67.8200,67.8300,13437.743
1774183500000,67.8400,67.8700,67.8100,67.8600,36833.071
1774184400000,67.8700,67.9200,67.8600,67.9200,12955.706
1774185300000,67.9200,67.9500,67.9100,67.9400,7634.007
1774186200000,67.9400,67.9600,67.8800,67.8900,22080.099
1774187100000,67.9000,67.9100,67.8800,67.8900,9591.688
1774188000000,67.8900,67.9000,67.8400,67.8800,15410.991
1774188900000,67.8800,67.9200,67.8700,67.9200,11518.693
1774189800000,67.9200,67.9300,67.8900,67.9200,9777.021
1774190700000,67.9200,67.9200,67.9100,67.9100,3307.042
1774191600000,67.9100,67.9300,67.9000,67.9200,11889.121
1774192500000,67.9200,67.9300,67.8600,67.8800,18066.367
1774193400000,67.8700,67.8800,67.8600,67.8800,5456.934
1774194300000,67.8800,67.8900,67.8600,67.8800,4748.730
1774195200000,67.8800,67.9000,67.8700,67.9000,11560.507
1774196100000,67.9000,67.9400,67.8900,67.9100,7373.186
1774197000000,67.9200,67.9400,67.8900,67.9000,7601.200
1774197900000,67.9000,67.9000,67.8200,67.8600,22193.951
1774198800000,67.8600,67.8900,67.8500,67.8900,15882.342
1774199700000,67.8900,67.9000,67.8100,67.8200,71067.598
1774200600000,67.8200,67.8500,67.7700,67.7800,27807.444
1774201500000,67.7800,67.7900,67.7100,67.7200,17130.092
1774202400000,67.7300,67.7900,67.7000,67.7700,25867.326
1774203300000,67.7800,67.8200,67.7700,67.8100,11089.189
1774204200000,67.8200,67.8200,67.7200,67.7900,8079.172
1774205100000,67.7900,67.8200,67.7800,67.8200,7442.228
1774206000000,67.8200,67.8200,67.7800,67.7900,4646.991
1774206900000,67.8000,67.8500,67.7800,67.8100,12111.802
1774207800000,67.8100,67.8200,67.7800,67.8000,10326.926
1774208700000,67.8000,67.8300,67.7700,67.8200,11033.720
1774209600000,67.8200,67.8200,67.7500,67.7600,16906.855
1774210500000,67.7700,67.8000,67.7600,67.7800,7773.501
1774211400000,67.7700,67.7900,67.7700,67.7900,3951.619
1774212300000,67.7900,67.7900,67.7600,67.7700,6964.062
1774213200000,67.7700,67.7800,67.7200,67.7400,15815.730
1774214100000,67.7400,67.7700,67.7200,67.7400,33619.983
1774215000000,67.7500,67.7500,67.7000,67.7000,16751.109
1774215900000,67.7000,67.7500,67.7000,67.7300,35984.193
1774216800000,67.7300,68.4000,66.9100,68.0500,1178990.272
1774217700000,68.0500,69.6500,67.9800,69.4300,503457.541
1774218600000,69.4200,69.6500,68.8700,68.9800,453553.639
1774219500000,68.9800,69.3400,68.6800,68.9400,269748.899
1774220400000,68.9500,69.2100,68.6000,68.8400,338777.320
1774221300000,68.8400,69.0600,68.3600,68.4600,385117.093
1774222200000,68.4600,68.8200,68.1500,68.6900,419804.443
1774223100000,68.6900,68.8800,67.7000,68.1800,489309.270
1774224000000,68.1900,68.4300,67.1900,67.5000,553595.612
1774224900000,67.5100,67.9500,67.0600,67.4000,408825.845
1774225800000,67.4000,67.6800,65.0200,65.8900,2138781.816
1774226700000,65.9000,66.7000,65.2500,66.4200,953147.483
1774227600000,66.4200,67.5300,65.5900,67.2300,1255312.285
1774228500000,67.2300,67.9900,67.1800,67.4000,680335.851
1774229400000,67.4000,68.0600,67.1300,67.5400,588207.789
1774230300000,67.5400,67.5800,66.1300,66.2300,827216.331
1774231200000,66.2300,67.2900,66.1900,66.5600,827409.363
1774232100000,66.5600,67.0500,66.5300,66.6300,441820.699
1774233000000,66.6200,66.6200,65.4100,65.8900,782963.439
1774233900000,65.8900,65.8900,64.8600,65.4200,663230.529
1774234800000,65.4200,65.8700,64.7500,64.9700,590674.993
1774235700000,64.9600,65.5300,64.7900,65.2000,477071.795
1774236600000,65.2100,65.5000,65.0200,65.2600,298828.177
1774237500000,65.2000,65.5800,65.1400,65.3700,181811.204
1774238400000,65.3800,65.8200,65.3800,65.7300,219121.763
1774239300000,65.7200,65.9000,65.6300,65.7800,115055.488
1774240200000,65.7800,65.8000,65.3600,65.7300,177882.707
1774241100000,65.7400,66.2800,65.7200,66.2300,397334.363
1774242000000,66.2200,66.7100,66.1800,66.5300,296511.518
1774242900000,66.5300,66.5700,65.9200,65.9200,214366.018
1774243800000,65.9200,65.9200,64.8400,65.0100,874878.050
1774244700000,65.0100,65.0100,63.5300,64.0600,1295870.558
1774245600000,64.0500,64.1000,62.9100,63.9900,1172811.935
1774246500000,63.9800,64.2800,62.1500,62.2500,1206132.978
1774247400000,62.2600,62.7300,61.2300,61.8800,1914650.065
1774248300000,61.8700,63.3000,61.6500,63.0300,1300950.031
1774249200000,63.0300,63.0700,61.5100,61.8100,1194893.280
1774250100000,61.7400,62.5600,61.2500,62.4000,1385667.606
1774251000000,62.4100,63.7000,62.2900,63.6800,976328.418
1774251900000,63.6700,63.8800,63.2600,63.8800,867518.104
1774252800000,63.8800,65.1200,63.8300,64.9900,1243806.159
1774253700000,64.9800,65.1700,64.5800,64.7200,669879.782
1774254600000,64.7200,65.1200,64.4200,64.7500,574597.083
1774255500000,64.7500,64.9800,64.2500,64.4700,468535.160
1774256400000,64.4700,64.5100,63.8200,64.0600,486495.029
1774257300000,64.0500,64.8700,64.0300,64.7300,360868.749
1774258200000,64.7300,64.8300,63.3200,63.4800,617732.001
1774259100000,63.4700,63.6800,63.3300,63.5900,380783.463
1774260000000,63.6000,64.3200,63.3600,64.0600,385070.082
1774260900000,64.0500,64.2100,63.7500,63.9300,237653.336
1774261800000,63.9400,64.1100,63.4000,63.7400,276596.262
1774262700000,63.7300,64.3600,63.5600,64.1200,369088.167
1774263600000,64.1300,69.4000,64.1300,69.2300,4193086.025
1774264500000,69.2200,69.3100,67.0100,68.1200,2224036.050
1774265400000,68.1300,68.7600,67.5700,68.1700,1189132.816
1774266300000,68.1700,68.3000,66.8400,67.3000,1178343.366
1774267200000,67.3100,67.6600,66.8000,67.2500,1069253.256
1774268100000,67.2500,68.3700,67.2500,68.2700,504660.177
1774269000000,68.2800,69.1100,67.9500,69.0900,748671.433
1774269900000,69.0900,69.8400,68.8600,69.5300,820446.443
1774270800000,69.5200,69.6500,68.1300,68.8200,1236650.181
1774271700000,68.8100,68.9600,67.5400,67.7700,867752.567
1774272600000,67.7700,68.8400,67.4600,68.2000,945984.300
1774273500000,68.1900,69.2500,68.1300,69.0100,547388.749
1774274400000,69.0100,69.6300,68.9900,69.4800,564436.756
1774275300000,69.4900,70.8300,69.3900,70.1900,1100225.255
1774276200000,70.1900,70.4900,69.8100,70.1500,590936.094
1774277100000,70.1400,70.3100,69.5600,70.1000,716068.170
1774278000000,70.1000,70.6200,69.9700,70.2500,637805.356
1774278900000,70.2400,70.3400,69.4200,69.8000,643945.914
1774279800000,69.7900,69.9600,68.5800,68.6200,752412.588
1774280700000,68.6200,68.8900,67.5200,67.9400,1019888.856
1774281600000,67.9400,68.7800,67.8900,68.6600,500097.369
1774282500000,68.6500,68.7400,68.0100,68.0100,284300.721
1774283400000,68.0100,69.1100,68.0100,69.0600,346740.304
1774284300000,69.0600,69.2900,68.7800,68.9000,324991.495
1774285200000,68.9100,69.3600,68.8200,69.1400,363946.589
1774286100000,69.1500,69.5200,69.0000,69.3700,251126.770
1774287000000,69.3800,69.8700,69.3800,69.5400,277424.762
1774287900000,69.5400,69.7500,69.3100,69.6200,150198.407
1774288800000,69.6300,69.7900,69.1500,69.6300,160865.601
1774289700000,69.6200,69.9900,69.4200,69.8900,120841.576
1774290600000,69.9000,70.1900,69.8800,70.1100,177668.796
1774291500000,70.1000,70.2600,69.8100,69.8600,105287.247
1774292400000,69.8500,69.8900,69.1200,69.1800,179971.181
1774293300000,69.1900,69.4100,69.0400,69.3400,166312.587
1774294200000,69.3200,69.4900,69.1800,69.4800,106319.475
1774295100000,69.4800,69.7000,68.9800,69.0400,104623.020
1774296000000,69.0400,69.1500,68.7000,69.0600,108736.329
1774296900000,69.0700,69.2200,68.9900,69.0200,52693.310
1774297800000,69.0700,69.3600,68.9300,69.3500,66691.799
1774298700000,69.3400,69.3700,69.1100,69.2200,45592.258
1774299600000,69.2100,69.3000,69.1800,69.2100,28767.425
1774300500000,69.2100,69.2800,69.1900,69.1900,18357.295
1774301400000,69.2000,69.3400,69.1700,69.3300,24035.748
1774302300000,69.3400,69.4200,69.1000,69.2500,20787.543
1774303200000,69.2500,69.6900,68.4500,69.2500,611010.613
1774304100000,69.2400,69.6000,69.0200,69.5400,169204.837
1774305000000,69.5400,69.6000,69.1800,69.4100,110503.298
1774305900000,69.4100,69.7700,69.3200,69.7400,100831.530
1774306800000,69.7300,69.8900,69.5900,69.8000,119475.812
1774307700000,69.8100,70.2400,69.7900,70.0400,333392.872
1774308600000,70.0400,70.1500,69.5600,69.8300,218725.116
1774309500000,69.8400,69.9800,69.5400,69.8700,144995.903
1774310400000,69.8600,70.0400,69.0500,69.0900,240576.922
1774311300000,69.0900,69.1200,68.2400,68.4900,559790.980
1774312200000,68.5000,68.6200,67.6600,67.8000,775125.587
1774313100000,67.8000,68.5300,67.8000,68.2300,330242.636
1774314000000,68.2300,68.7100,66.9700,67.0400,1046789.958
1774314900000,67.0400,67.8600,66.8800,67.4800,538978.671
1774315800000,67.4900,67.9800,66.6800,66.6800,487504.930
1774316700000,66.6900,67.2800,66.5600,66.9600,692762.554
1774317600000,66.9500,67.3200,66.5200,66.6600,473603.758
1774318500000,66.6500,67.6400,66.6200,67.6100,422771.795
1774319400000,67.6100,67.8900,67.3100,67.8000,391626.782
1774320300000,67.8100,68.2200,67.4500,67.5700,272533.364
1774321200000,67.5600,67.6300,67.1100,67.2600,259931.265
1774322100000,67.2600,67.6800,67.2300,67.6300,153442.618
1774323000000,67.6300,67.6300,66.9400,67.0200,220561.623
1774323900000,67.0100,67.0400,66.6600,67.0100,212368.456
1774324800000,67.0100,67.3600,67.0100,67.1600,152833.786
1774325700000,67.1700,67.1700,66.5400,66.8500,218500.994
1774326600000,66.8500,67.0700,66.6600,66.9700,124689.368
1774327500000,66.9800,67.1900,66.7600,66.8100,204318.902
1774328400000,66.8100,66.8700,66.0200,66.2800,717667.201
1774329300000,66.2800,66.8400,66.2600,66.3900,371402.865
1774330200000,66.3900,67.7700,66.2400,67.4500,1073562.161
1774331100000,67.4500,67.7800,67.2800,67.5700,395415.645
1774332000000,67.5600,68.5400,67.4600,68.2600,563670.164
1774332900000,68.2600,69.4100,68.1100,68.9600,614021.901
1774333800000,68.9600,69.2700,68.7600,68.9800,437373.068
1774334700000,68.9800,69.2300,68.6900,69.2300,341338.241
1774335600000,69.2200,69.8800,69.1500,69.8400,664900.247
1774336500000,69.8400,69.8600,69.3900,69.5300,381441.764
1774337400000,69.5100,69.6000,69.1300,69.5100,262172.573
1774338300000,69.5200,70.5600,69.2800,70.1200,737832.952
1774339200000,70.1100,70.1200,69.6000,69.7700,448863.282
1774340100000,69.7700,69.8600,69.2000,69.3100,277315.517
1774341000000,69.3100,69.5700,69.1300,69.4300,172754.623
1774341900000,69.4200,69.8700,69.3900,69.7500,277759.658
1774342800000,69.7600,69.8100,69.1900,69.2400,288572.750
1774343700000,69.2500,69.8900,69.1800,69.7100,229810.963
1774344600000,69.7100,70.0800,69.5800,69.9200,211257.614
1774345500000,69.9200,70.2500,69.8100,70.1700,165053.007
1774346400000,70.1700,70.2800,69.8800,70.0800,212755.256
1774347300000,70.0700,70.2700,69.9300,70.0000,158143.197
1774348200000,70.0000,70.0700,69.7200,70.0000,213038.085
1774349100000,70.0000,70.3500,69.7200,70.3300,169820.015
1774350000000,70.3300,70.3500,68.6000,70.2700,853454.425
1774350900000,70.2700,70.3000,69.8200,69.9800,246815.513
1774351800000,69.9700,70.4300,69.8800,70.0700,281594.999
1774352700000,70.0600,70.2400,69.2600,70.1100,460689.749
1774353600000,70.1000,70.2300,69.5900,69.8600,293294.801
1774354500000,69.8600,69.9500,69.1400,69.3500,432002.839
1774355400000,69.3500,69.4200,68.3400,68.3600,616737.334
1774356300000,68.3700,68.9300,68.3500,68.4900,451222.263
1774357200000,68.4900,68.9800,68.0500,68.7400,697491.160
1774358100000,68.7300,68.8600,68.0800,68.0800,432599.451
1774359000000,68.0800,68.5200,67.8000,68.0300,668153.026
1774359900000,68.0300,68.6700,67.7200,68.5100,660786.893
1774360800000,68.5000,69.0500,68.4100,68.8900,416124.559
1774361700000,68.8900,69.2600,68.5700,68.9800,294705.593
1774362600000,68.9700,69.7100,68.8400,69.5800,384807.456
1774363500000,69.5800,70.2500,69.4300,69.7900,647531.975
1774364400000,69.7800,70.0100,69.6100,69.9400,342568.014
1774365300000,69.9300,70.3500,69.8200,70.1200,430742.426
1774366200000,70.1200,70.4000,70.0000,70.2400,334941.937
1774367100000,70.2400,70.3200,69.6300,69.6300,242602.218
1774368000000,69.6400,69.8900,69.3700,69.8800,225970.649
1774368900000,69.8800,70.1300,69.8100,70.0000,149429.343
1774369800000,70.0100,70.0800,69.5900,69.9100,153241.068
1774370700000,69.9100,69.9900,69.7200,69.8300,135990.542
1774371600000,69.8200,69.9900,69.0800,69.4300,469424.879
1774372500000,69.4400,69.6200,69.0900,69.3500,291513.265
1774373400000,69.3400,69.4200,68.8400,69.0100,292887.139
1774374300000,69.0100,69.6200,68.7900,69.4100,268597.639
1774375200000,69.4100,69.5900,69.3000,69.4900,136738.529
1774376100000,69.4900,69.8000,69.3700,69.6500,145096.074
1774377000000,69.6500,70.0900,69.4500,69.5700,182861.336
1774377900000,69.5600,69.6800,69.3000,69.4200,168736.481
1774378800000,69.4100,69.9700,69.4000,69.9600,130785.233
1774379700000,69.9600,70.0800,69.7700,69.7800,96206.362
1774380600000,69.7800,69.8100,69.4900,69.6000,93717.660
1774381500000,69.6100,69.6600,69.4200,69.6100,63052.996
1774382400000,69.6000,69.7000,69.4200,69.5100,48573.297
1774383300000,69.5100,71.3100,69.4700,70.5300,694807.665
1774384200000,70.5300,71.1700,70.2500,70.7200,308018.785
1774385100000,70.7200,71.3100,70.6400,71.2900,228481.952
1774386000000,71.2800,71.3300,71.0300,71.1900,108613.179
1774386900000,71.2000,71.3100,71.1500,71.2900,61480.866
1774387800000,71.2800,71.3700,71.1800,71.3500,87751.975
1774388700000,71.3500,71.3900,71.1300,71.2300,26599.368
1774389600000,71.2200,71.6700,71.2200,71.5300,319469.459
1774390500000,71.5200,71.6100,71.2800,71.4100,161602.460
1774391400000,71.4100,71.4600,71.1300,71.4100,251830.868
1774392300000,71.4000,71.7900,71.3700,71.7700,179180.266
1774393200000,71.7600,71.7700,71.4300,71.6700,149216.239
1774394100000,71.6700,72.1600,71.6600,72.1500,304824.270
1774395000000,72.1500,72.9400,72.1200,72.6700,370890.050
1774395900000,72.6700,73.1000,72.5400,72.9600,320042.333
1774396800000,72.9500,73.2100,72.6300,73.1000,447464.173
1774397700000,73.0900,73.5700,72.8600,73.4300,475199.669
1774398600000,73.4200,74.1100,73.2600,74.0600,727265.603
1774399500000,74.0600,74.2800,73.6600,73.7100,553056.196
1774400400000,73.7100,74.5800,73.5400,74.0100,958753.460
1774401300000,74.0100,74.2200,73.8400,73.9200,520099.983
1774402200000,73.9200,74.4900,73.8900,74.0600,448353.713
1774403100000,74.0600,74.3200,73.8900,73.9200,272978.235
1774404000000,73.9200,74.0300,73.4800,73.7700,561057.012
1774404900000,73.7700,73.9100,73.6700,73.6900,182060.644
1774405800000,73.6900,74.1500,73.4400,74.0100,404647.516
1774406700000,74.0100,74.1800,73.4800,73.5500,265519.622
1774407600000,73.5500,73.6800,73.2500,73.3800,278973.213
1774408500000,73.3900,73.5600,73.2300,73.5200,196447.711
1774409400000,73.5200,73.5200,73.2800,73.3400,146380.267
1774410300000,73.3500,73.5700,73.1700,73.4400,239133.424
1774411200000,73.4300,73.7300,73.3400,73.6500,244892.879
1774412100000,73.6500,73.6800,73.5200,73.6400,101387.151
1774413000000,73.6400,73.6800,73.4700,73.4800,94346.940
1774413900000,73.4900,73.6100,73.3800,73.4900,163354.780
1774414800000,73.5000,73.5300,73.2800,73.4200,196142.000
1774415700000,73.4200,73.4400,73.0600,73.0700,234147.523
1774416600000,73.0800,73.5500,72.8100,73.5300,441581.038
1774417500000,73.5400,73.5700,73.0200,73.1600,285700.579
1774418400000,73.1600,73.2500,72.6500,72.8500,363295.560
1774419300000,72.8600,73.4300,72.8300,73.2400,327814.233
1774420200000,73.2500,73.4400,72.9300,73.1000,240550.930
1774421100000,73.1000,73.3900,72.9500,73.1400,211849.453
1774422000000,73.1300,73.3200,73.0300,73.2900,116373.726
1774422900000,73.2900,73.4500,73.0900,73.2000,211711.327
1774423800000,73.2100,73.2100,72.9300,73.0700,241158.112
1774424700000,73.0800,73.1800,72.9200,72.9600,93175.983
1774425600000,72.9700,73.3700,72.9300,73.3200,298929.883
1774426500000,73.3200,73.7300,73.2900,73.3600,451314.823
1774427400000,73.3600,73.4200,72.9400,73.3300,309793.720
1774428300000,73.3300,73.4100,73.0700,73.1100,192418.051
1774429200000,73.1100,73.3900,73.0400,73.1900,196030.189
1774430100000,73.1800,73.2600,72.5300,72.8800,413195.267
1774431000000,72.8800,72.9900,72.5200,72.5800,247549.296
1774431900000,72.5800,72.9200,72.0500,72.7200,601862.200
1774432800000,72.7300,73.0100,72.6300,72.6700,229116.731
1774433700000,72.6800,72.7200,72.5600,72.6200,190355.141
1774434600000,72.6200,72.8200,72.4700,72.5900,244946.538
1774435500000,72.5900,73.1600,72.5800,73.0300,179090.286
1774436400000,73.0300,73.2700,72.9900,73.1500,202994.738
1774437300000,73.1400,73.3700,72.9400,73.2200,310368.538
1774438200000,73.2300,73.4600,73.2000,73.3000,207514.384
1774439100000,73.3000,73.3700,73.0300,73.2400,362690.925
1774440000000,73.2400,73.4000,73.0500,73.2500,193591.600
1774440900000,73.2400,73.2700,72.4500,72.6400,491928.392
1774441800000,72.6300,73.0300,72.2800,72.6900,377820.378
1774442700000,72.7000,73.0200,72.5900,72.7600,221804.219
1774443600000,72.7700,73.3400,72.7300,73.0300,331480.122
1774444500000,73.0300,73.1600,72.8200,73.0000,156125.824
1774445400000,73.0000,73.1700,72.6000,72.6800,435129.295
1774446300000,72.6900,72.7500,72.1600,72.3400,698858.498
1774447200000,72.3400,72.5400,72.0200,72.5100,608063.380
1774448100000,72.5200,73.0400,72.5100,73.0000,490589.767
1774449000000,73.0100,73.1800,72.9300,72.9700,292971.605
1774449900000,72.9700,73.4300,72.9700,73.0900,302516.204
1774450800000,73.0900,73.2600,72.5200,72.5200,353848.879
1774451700000,72.5200,72.7900,71.7800,72.7400,861197.885
1774452600000,72.7300,72.8700,72.4500,72.6000,219117.311
1774453500000,72.6100,72.7800,72.4500,72.6000,211692.749
1774454400000,72.6000,72.8400,72.5400,72.6600,215328.691
1774455300000,72.6500,72.9400,72.4600,72.7200,268150.560
1774456200000,72.7200,72.9300,72.6500,72.8900,126408.618
1774457100000,72.8900,72.9100,72.6800,72.7300,117209.690
1774458000000,72.7200,72.7700,72.3700,72.5300,202295.351
1774458900000,72.5300,72.7100,72.3200,72.5300,184892.660
1774459800000,72.5300,72.7300,72.4100,72.6600,151181.541
1774460700000,72.6600,72.7300,72.3900,72.4400,105476.964
1774461600000,72.4400,72.7800,72.3700,72.4700,214919.198
1774462500000,72.4700,72.4900,72.1700,72.2500,202464.786
1774463400000,72.2600,72.3700,72.0600,72.1900,109599.408
1774464300000,72.1900,72.2300,71.7600,72.0500,212820.371
1774465200000,72.0400,72.0500,71.3100,71.6900,431535.400
1774466100000,71.6800,71.7800,71.5700,71.5800,175083.639
1774467000000,71.5800,72.0800,71.5800,71.8900,135944.233
1774467900000,71.8800,72.0800,71.7200,72.0700,124168.163
1774468800000,72.0700,72.2300,71.6900,71.8200,174847.245
1774469700000,71.8200,71.9200,71.5600,71.6300,81068.119
1774470600000,71.6400,71.6500,71.0200,71.2900,280167.309
1774471500000,71.3000,71.3500,71.1100,71.3400,112004.706
1774472400000,71.3400,71.3700,71.2400,71.3100,46284.673
1774473300000,71.3100,71.3900,71.2600,71.3400,34849.154
1774474200000,71.3300,71.4800,71.3000,71.4800,32747.777
1774475100000,71.4700,71.4800,71.3800,71.4500,25313.377
1774476000000,71.4500,71.8000,71.0500,71.0700,288365.208
1774476900000,71.0800,71.4600,71.0600,71.2500,96684.119
1774477800000,71.2600,71.6300,71.2500,71.5700,103890.665
1774478700000,71.5700,71.5700,71.0500,71.1700,216311.902
1774479600000,71.1800,71.2300,70.5000,70.7600,368998.634
1774480500000,70.7500,70.9100,70.5900,70.7100,177539.805
1774481400000,70.7200,70.8800,70.4300,70.5300,245851.734
1774482300000,70.5300,70.7600,70.4900,70.7000,154159.428
1774483200000,70.6900,71.5500,70.6600,71.4800,378982.005
1774484100000,71.4900,71.9900,71.4400,71.6700,383308.055
1774485000000,71.6700,71.8100,71.5600,71.6200,199305.724
1774485900000,71.6200,72.0300,71.5900,71.9600,259311.981
1774486800000,71.9600,72.1400,71.6200,71.7500,528337.441
1774487700000,71.7500,71.7900,71.2000,71.5300,629094.039
1774488600000,71.5300,71.9300,71.4200,71.6800,361387.494
1774489500000,71.6800,71.9100,71.3900,71.8800,287511.713
1774490400000,71.8800,72.2100,71.7000,72.0800,419221.697
1774491300000,72.1100,72.1100,71.7200,71.7700,220737.141
1774492200000,71.7700,72.0100,71.4200,71.6500,334572.580
1774493100000,71.6500,71.7600,71.1800,71.3400,296222.291
1774494000000,71.3400,71.6100,71.2200,71.5400,233344.431
1774494900000,71.5400,71.6200,71.2900,71.4800,189886.323
1774495800000,71.4700,71.8800,71.4600,71.7700,163832.566
1774496700000,71.7800,71.7900,71.6100,71.7400,90224.206
1774497600000,71.7500,71.9100,71.5900,71.8800,109518.924
1774498500000,71.8800,72.0000,71.8500,71.9600,96969.153
1774499400000,71.9700,71.9900,71.7200,71.7500,83805.035
1774500300000,71.7500,71.8900,71.7100,71.7600,84797.511
1774501200000,71.7600,71.8200,71.2300,71.3000,258474.311
1774502100000,71.3000,71.4100,70.6000,70.7300,440358.906
1774503000000,70.7400,71.0100,70.5000,70.6400,508496.547
1774503900000,70.6400,70.6800,69.3900,69.4100,941035.451
1774504800000,69.4100,69.9200,69.3100,69.3700,968776.521
1774505700000,69.3700,69.9400,69.0400,69.8800,629281.980
1774506600000,69.8900,69.9700,69.4400,69.9300,494800.054
1774507500000,69.9400,70.0800,69.8100,69.9700,341957.892
1774508400000,69.9800,70.0500,69.1500,69.3300,546691.622
1774509300000,69.3400,69.6900,69.1200,69.5200,398901.493
1774510200000,69.5200,69.8200,69.3900,69.6200,265109.686
1774511100000,69.6200,69.8000,69.3700,69.4000,291027.571
1774512000000,69.4000,69.6300,69.1000,69.2100,477877.424
1774512900000,69.2100,69.2900,68.2900,68.3800,892748.726
1774513800000,68.3800,68.7000,67.8000,68.0200,899198.295
1774514700000,68.0200,68.5700,67.9600,68.2600,602297.745
1774515600000,68.2600,68.3200,67.8600,68.2200,649290.028
1774516500000,68.2100,68.2900,67.9600,68.0300,373416.253
1774517400000,68.0200,68.1000,67.6600,67.9900,592969.053
1774518300000,67.9900,68.1000,67.7800,68.0700,332233.544
1774519200000,68.0800,68.3500,67.9600,68.0600,287207.209
1774520100000,68.0600,68.4900,68.0400,68.3500,334122.947
1774521000000,68.3600,68.5400,67.7600,67.9200,442343.558
1774521900000,67.9200,68.1900,67.7900,68.1500,387235.911
1774522800000,68.1500,68.4300,68.1100,68.2000,292187.723
1774523700000,68.2000,68.2100,67.8000,68.0200,302316.238
1774524600000,68.0200,68.3200,67.9300,68.0800,315765.470
1774525500000,68.0800,68.1200,66.9800,67.3500,1088258.686
1774526400000,67.3600,68.0100,67.1600,67.9200,556087.795
1774527300000,67.9300,68.1400,67.7900,67.8200,401776.471
1774528200000,67.8200,67.8500,67.5300,67.5900,450874.185
1774529100000,67.6000,67.9000,67.4600,67.5300,383733.228
1774530000000,67.5200,68.5400,67.4000,68.3300,994198.474
1774530900000,68.3200,68.7900,68.2100,68.6500,429475.998
1774531800000,68.6400,69.0300,68.2700,69.0200,805822.703
1774532700000,69.0300,69.3600,68.7700,69.2700,854358.778
1774533600000,69.2800,69.3700,68.7600,69.0500,504966.626
1774534500000,69.0600,69.5900,68.9900,69.3200,520912.141
1774535400000,69.3200,69.7600,69.0600,69.1400,665756.928
1774536300000,69.1300,69.3100,68.6300,69.1700,660725.946
1774537200000,69.1800,69.3600,68.8900,68.9600,491827.758
1774538100000,68.9600,69.2700,68.8600,68.9700,430430.571
1774539000000,68.9600,68.9600,68.4000,68.6700,445885.988
1774539900000,68.6800,68.9900,68.4200,68.5600,430408.608
1774540800000,68.5500,68.6600,68.3000,68.4800,336249.313
1774541700000,68.4700,68.4700,67.2800,67.6600,959940.180
1774542600000,67.6600,67.7200,67.1800,67.6300,675451.409
1774543500000,67.6300,68.0200,67.5900,67.8100,466170.379
1774544400000,67.8200,68.1900,67.7800,67.9400,537028.596
1774545300000,67.9500,68.0700,67.6600,67.7700,456681.776
1774546200000,67.7800,67.9000,67.5400,67.6000,303549.936
1774547100000,67.6000,67.6300,67.2500,67.3800,490170.904
1774548000000,67.3800,67.6100,67.3700,67.5000,401741.014
1774548900000,67.5000,67.5000,66.8000,67.0400,840361.867
1774549800000,67.0500,67.6600,67.0100,67.6400,340976.356
1774550700000,67.6300,67.7800,67.5700,67.6900,291273.687
1774551600000,67.6900,67.8500,67.3100,67.5100,312129.389
1774552500000,67.5100,67.7400,67.4400,67.5000,222794.770
1774553400000,67.5100,67.8400,67.3400,67.4800,231804.173
1774554300000,67.4900,67.5200,67.0500,67.2500,363777.320
1774555200000,67.2500,69.0800,67.1000,68.9400,1528958.097
1774556100000,68.9600,69.0400,68.1800,68.5300,1094297.850
1774557000000,68.5300,68.8200,68.3500,68.6000,232769.980
1774557900000,68.6100,68.7000,67.9700,68.1000,223183.709
1774558800000,68.1100,68.2600,68.1000,68.1500,83680.465
1774559700000,68.1600,68.3700,68.1500,68.3300,66407.618
1774560600000,68.3200,68.3400,68.1600,68.3300,56166.235
1774561500000,68.3400,68.3700,68.2100,68.2300,19129.774
1774562400000,68.2300,68.6300,68.1500,68.5600,396914.503
1774563300000,68.5600,68.7300,68.5200,68.6000,161035.070
1774564200000,68.6000,69.0400,68.5300,68.9200,186718.787
1774565100000,68.9200,69.0800,68.8300,68.9500,128659.403
1774566000000,68.9400,69.0600,68.5500,68.5900,267295.048
1774566900000,68.5900,68.6800,68.4100,68.6100,159666.731
1774567800000,68.6100,69.0200,68.5500,68.7800,332049.994
1774568700000,68.7800,68.8300,68.6200,68.7000,152855.601
1774569600000,68.7100,69.1400,68.6900,68.7800,286088.090
1774570500000,68.7800,68.8000,68.1200,68.3000,479920.188
1774571400000,68.3100,68.4800,67.8800,68.0500,392883.414
1774572300000,68.0500,68.0700,67.4300,67.5900,413825.235
1774573200000,67.5900,68.3400,67.4800,68.1300,564633.985
1774574100000,68.1300,68.4300,67.9700,68.4100,260178.382
1774575000000,68.4200,68.7600,68.3400,68.6700,269340.312
1774575900000,68.6800,68.7200,68.3900,68.6800,146374.482
1774576800000,68.6800,69.1200,68.6800,68.9100,324712.099
1774577700000,68.9100,68.9900,68.6600,68.9300,185600.974
1774578600000,68.9300,68.9500,68.5600,68.6800,183909.392
1774579500000,68.6800,69.0100,68.6100,68.6600,178317.721
1774580400000,68.6500,68.7800,68.4100,68.6400,211347.284
1774581300000,68.6500,69.4300,68.6000,69.2400,257703.129
1774582200000,69.2300,69.6300,69.1600,69.3900,582321.510
1774583100000,69.3900,69.5000,69.2000,69.4000,209681.056
1774584000000,69.4000,69.4500,69.1900,69.2200,149947.695
1774584900000,69.2200,69.3800,69.2000,69.2900,121999.546
1774585800000,69.3000,69.5600,69.2900,69.5200,149731.581
1774586700000,69.5200,69.7900,69.5100,69.6800,210954.972
1774587600000,69.6800,69.8600,69.6100,69.7500,211455.238
1774588500000,69.7500,69.8300,69.5300,69.6400,205286.296
1774589400000,69.6400,70.4200,69.6100,70.1800,617479.302
1774590300000,70.1800,70.3200,69.5600,69.5700,387108.751
1774591200000,69.5700,69.8600,69.4100,69.8500,349195.396
1774592100000,69.8500,70.0200,69.6700,69.9100,268871.514
1774593000000,69.9200,70.1700,69.7700,69.9900,264827.642
1774593900000,69.9900,70.0000,69.6200,69.8500,223333.010
1774594800000,69.8400,69.8900,69.4900,69.8000,302192.490
1774595700000,69.8000,69.9000,69.6800,69.7600,109219.297
1774596600000,69.7500,69.7800,69.5300,69.6200,254422.773
1774597500000,69.6100,69.8200,69.5500,69.5800,173124.834
1774598400000,69.5700,69.6300,69.2000,69.4300,467670.473
1774599300000,69.4300,69.4500,68.9500,68.9900,462971.326
1774600200000,68.9900,69.1600,68.8100,69.0600,495534.676
1774601100000,69.0600,69.1500,68.7500,68.7500,290139.837
1774602000000,68.7500,68.9200,68.5800,68.7400,488188.280
1774602900000,68.7500,69.0400,68.7000,68.9800,290197.074
1774603800000,68.9900,69.1300,68.7900,68.9100,171048.949
1774604700000,68.9000,68.9000,68.5700,68.6200,164113.457
1774605600000,68.6200,68.8900,68.5800,68.6600,214260.320
1774606500000,68.6600,68.8700,68.6600,68.7600,154503.258
1774607400000,68.7500,68.7800,68.2700,68.3600,353999.865
1774608300000,68.3600,68.3900,68.0900,68.1400,318366.752
1774609200000,68.1500,68.2200,67.8800,68.0800,572661.886
1774610100000,68.0700,68.3100,67.9600,68.3000,244083.431
1774611000000,68.3100,68.3600,67.9900,68.1700,286935.926
1774611900000,68.1700,68.2500,67.7000,67.8400,443905.091
1774612800000,67.8300,67.9500,67.5200,67.8700,536563.021
1774613700000,67.8700,68.0900,67.6900,68.0000,371130.674
1774614600000,68.0100,68.1400,67.8300,67.9100,278562.847
1774615500000,67.9200,68.1800,67.8900,68.0300,295430.876
1774616400000,68.0300,68.3800,67.5600,67.7600,732828.587
1774617300000,67.7600,68.3200,67.7400,67.9200,614239.973
1774618200000,67.9200,68.2500,67.6600,68.1800,671741.978
1774619100000,68.1800,68.5700,67.7400,67.9900,655286.094
1774620000000,67.9800,68.8000,67.9500,68.6800,685686.316
1774620900000,68.6900,69.0100,68.6500,68.6900,506222.413
1774621800000,68.6900,69.1300,68.5800,69.0100,495945.764
1774622700000,69.0200,70.6300,69.0100,70.4000,1180017.934
1774623600000,70.4100,71.4000,70.2500,71.2000,1348805.493
1774624500000,71.2100,71.6500,71.0000,71.2700,1011879.578
1774625400000,71.2700,71.4500,70.8000,70.9500,686567.225
1774626300000,70.9500,71.1100,70.8100,70.8300,427886.669
1774627200000,70.8400,70.9200,70.5100,70.8200,523900.845
1774628100000,70.8300,70.9900,70.6700,70.7100,310740.186
1774629000000,70.7200,70.7400,70.1800,70.4400,509937.744
1774629900000,70.4300,70.6700,70.2800,70.4000,314885.786
1774630800000,70.4000,70.5300,70.1100,70.2000,358794.941
1774631700000,70.2100,70.2200,69.5100,69.7000,453059.684
1774632600000,69.7000,69.8300,69.4700,69.5300,270139.318
1774633500000,69.5400,69.7500,69.4700,69.5900,216801.485
1774634400000,69.5900,69.8900,69.5900,69.8600,250797.691
1774635300000,69.8600,70.2700,69.8500,70.2100,490074.065
1774636200000,70.2100,70.6300,70.2000,70.4900,211764.782
1774637100000,70.5000,70.5000,70.2500,70.2800,147551.214
1774638000000,70.2700,70.3400,69.8500,70.1000,257534.513
1774638900000,70.1000,70.4800,70.0800,70.4000,210627.912
1774639800000,70.4100,70.5200,69.7900,69.9500,249341.406
1774640700000,69.9400,70.1500,69.6900,70.0700,270632.627
1774641600000,70.0800,70.1800,69.9600,70.0800,191670.839
1774642500000,70.0800,70.0800,69.8600,69.9500,82523.783
1774643400000,69.9400,70.1300,69.8400,69.9800,95794.540
1774644300000,69.9700,69.9700,69.7100,69.7600,68743.974
1774645200000,69.7700,69.8700,69.7500,69.8400,36108.714
1774646100000,69.8300,69.8600,69.8200,69.8500,9374.424
1774647000000,69.8400,69.8800,69.8400,69.8800,21667.075
1774647900000,69.8800,69.8800,69.8200,69.8400,9994.394
1774648800000,69.8300,69.8800,69.7900,69.8400,73428.043
1774649700000,69.8300,69.8500,69.8100,69.8100,7626.229
1774650600000,69.8100,69.8400,69.8000,69.8300,11989.861
1774651500000,69.8300,69.8500,69.8300,69.8500,9458.408
1774652400000,69.8500,69.8500,69.8300,69.8300,5531.013
1774653300000,69.8300,69.8700,69.8300,69.8500,10468.552
1774654200000,69.8600,69.8800,69.8100,69.8200,31520.646
1774655100000,69.8100,69.8700,69.8100,69.8300,24987.154
1774656000000,69.8300,69.8700,69.8200,69.8400,13742.161
1774656900000,69.8400,69.8700,69.8000,69.8100,35949.505
1774657800000,69.8000,69.8600,69.8000,69.8100,23978.129
1774658700000,69.8100,69.8500,69.8100,69.8500,34921.490
1774659600000,69.8500,69.8500,69.8000,69.8200,51798.478
1774660500000,69.8100,69.8300,69.7700,69.7900,30692.345
1774661400000,69.7900,69.8300,69.7800,69.7900,28256.704
1774662300000,69.7800,69.8000,69.7700,69.8000,8825.445
1774663200000,69.7900,69.8300,69.7900,69.8200,17057.571
1774664100000,69.8200,69.8200,69.8100,69.8200,3389.013
1774665000000,69.8200,69.8300,69.8100,69.8300,4985.688
1774665900000,69.8300,69.8300,69.8200,69.8300,1452.096
1774666800000,69.8300,69.8500,69.8200,69.8500,6632.645
1774667700000,69.8400,69.8500,69.8400,69.8500,5193.507
1774668600000,69.8400,69.8700,69.8100,69.8700,39320.467
1774669500000,69.8600,69.8700,69.8200,69.8600,37653.798
1774670400000,69.8600,69.8600,69.8200,69.8500,30020.416
1774671300000,69.8400,69.8500,69.8300,69.8500,5836.846
1774672200000,69.8400,69.8500,69.8400,69.8500,909.051
1774673100000,69.8400,69.8500,69.8400,69.8500,2831.737
1774674000000,69.8400,69.8500,69.8400,69.8500,918.802
1774674900000,69.8400,69.8500,69.8300,69.8500,5794.631
1774675800000,69.8500,69.8700,69.8400,69.8600,14858.946
1774676700000,69.8600,69.8600,69.8500,69.8600,3641.624
1774677600000,69.8500,69.8600,69.8500,69.8600,3234.180
1774678500000,69.8600,69.8800,69.8500,69.8800,23461.803
1774679400000,69.8700,69.8800,69.8600,69.8800,2325.756
1774680300000,69.8800,69.8800,69.8700,69.8800,1582.717
1774681200000,69.8800,69.8800,69.8700,69.8800,2951.814
1774682100000,69.8800,69.8800,69.8600,69.8700,3052.443
1774683000000,69.8700,69.8700,69.8500,69.8500,5152.578
1774683900000,69.8600,69.8600,69.8500,69.8600,3773.215
1774684800000,69.8600,69.8600,69.8500,69.8500,2953.055
1774685700000,69.8600,69.8700,69.8500,69.8700,5812.953
1774686600000,69.8600,69.8700,69.8600,69.8700,4485.514
1774687500000,69.8700,69.8700,69.8600,69.8700,2311.272
1774688400000,69.8700,69.8700,69.8600,69.8600,2219.759
1774689300000,69.8700,69.8800,69.8600,69.8700,10848.566
1774690200000,69.8800,69.8800,69.8700,69.8800,4931.089
1774691100000,69.8700,69.8800,69.8500,69.8600,9476.481
1774692000000,69.8600,69.8600,69.8500,69.8600,3104.324
1774692900000,69.8600,69.8600,69.8500,69.8500,1812.791
1774693800000,69.8500,69.8600,69.8500,69.8600,1332.049
1774694700000,69.8500,69.8600,69.8500,69.8600,1253.839
1774695600000,69.8600,69.8600,69.8500,69.8600,1102.068
1774696500000,69.8500,69.8600,69.8500,69.8600,1142.241
1774697400000,69.8600,69.8600,69.8500,69.8600,1177.912
1774698300000,69.8500,69.8600,69.8500,69.8600,1325.352
1774699200000,69.8600,69.8600,69.8500,69.8600,3480.818
1774700100000,69.8600,69.8600,69.8500,69.8600,2992.387
1774701000000,69.8600,69.8600,69.8500,69.8600,1894.192
1774701900000,69.8500,69.8600,69.8500,69.8600,2300.809
1774702800000,69.8600,69.8600,69.8500,69.8600,1491.983
1774703700000,69.8600,69.8600,69.8500,69.8500,3177.793
1774704600000,69.8600,69.8700,69.8500,69.8500,28494.013
1774705500000,69.8600,69.8700,69.8500,69.8700,17386.078
1774706400000,69.8600,69.8700,69.8600,69.8700,4932.033
1774707300000,69.8600,69.8700,69.8500,69.8700,6592.779
1774708200000,69.8600,69.8700,69.8500,69.8700,5106.060
1774709100000,69.8600,69.8700,69.8500,69.8500,4609.145
1774710000000,69.8600,69.8600,69.8500,69.8600,2295.964
1774710900000,69.8600,69.8700,69.8500,69.8700,16017.120
1774711800000,69.8600,69.8700,69.8400,69.8500,16622.774
1774712700000,69.8500,69.8500,69.8400,69.8400,1679.652
1774713600000,69.8400,69.8600,69.8400,69.8400,8705.015
1774714500000,69.8500,69.8500,69.8400,69.8500,3078.418
1774715400000,69.8500,69.8600,69.8400,69.8600,5479.237
1774716300000,69.8500,69.8600,69.8500,69.8500,3768.507
1774717200000,69.8500,69.8600,69.8400,69.8600,4127.552
1774718100000,69.8500,69.8600,69.8500,69.8600,178.673
1774719000000,69.8600,69.8600,69.8500,69.8600,4408.101
1774719900000,69.8600,69.8600,69.8500,69.8600,1212.528
1774720800000,69.8600,69.8600,69.8500,69.8600,1802.040
1774721700000,69.8600,69.8700,69.8500,69.8700,2684.043
1774722600000,69.8700,69.8700,69.8600,69.8700,1143.179
1774723500000,69.8700,69.8700,69.8600,69.8700,2331.212
1774724400000,69.8600,69.8700,69.8600,69.8700,1298.122
1774725300000,69.8600,69.8700,69.8600,69.8700,703.149
1774726200000,69.8700,69.8700,69.8600,69.8700,561.176
1774727100000,69.8700,69.8700,69.8500,69.8600,4946.622
1774728000000,69.8600,69.8700,69.8500,69.8600,5611.782
1774728900000,69.8500,69.8600,69.8500,69.8500,734.321
1774729800000,69.8500,69.8600,69.8500,69.8500,1348.339
1774730700000,69.8500,69.8600,69.8500,69.8600,202.789
1774731600000,69.8500,69.8600,69.8500,69.8600,1475.295
1774732500000,69.8500,69.8600,69.8500,69.8600,1033.884
1774733400000,69.8600,69.8700,69.8500,69.8700,10537.436
1774734300000,69.8600,69.8700,69.8500,69.8500,4600.556
1774735200000,69.8700,69.8700,69.8400,69.8500,14900.394
1774736100000,69.8500,69.8600,69.8400,69.8600,9154.841
1774737000000,69.8500,69.8600,69.8500,69.8600,4476.288
1774737900000,69.8500,69.8600,69.8500,69.8600,2328.385
1774738800000,69.8600,69.8600,69.8400,69.8500,6664.439
1774739700000,69.8500,69.8500,69.8400,69.8500,2043.622
1774740600000,69.8400,69.8500,69.8400,69.8500,4519.518
1774741500000,69.8400,69.8500,69.8400,69.8500,2789.657
1774742400000,69.8400,69.8500,69.8400,69.8400,4330.868
1774743300000,69.8500,69.8600,69.8400,69.8600,4399.177
1774744200000,69.8600,69.8600,69.8500,69.8500,3287.547
1774745100000,69.8500,69.8600,69.8500,69.8600,2317.885
1774746000000,69.8500,69.8600,69.8400,69.8400,2107.836
1774746900000,69.8400,69.8500,69.8400,69.8400,5314.335
1774747800000,69.8500,69.8600,69.8400,69.8600,4218.152
1774748700000,69.8500,69.8600,69.8500,69.8600,2775.933
1774749600000,69.8500,69.8600,69.8500,69.8600,3314.161
1774750500000,69.8600,69.8600,69.8500,69.8500,794.385
1774751400000,69.8600,69.8600,69.8500,69.8600,2862.940
1774752300000,69.8600,69.8600,69.8500,69.8600,1921.761
1774753200000,69.8600,69.8600,69.8500,69.8600,1251.109
1774754100000,69.8600,69.8700,69.8500,69.8600,8885.319
1774755000000,69.8600,69.8600,69.8400,69.8500,11597.641
1774755900000,69.8500,69.8600,69.8000,69.8200,28213.395
1774756800000,69.8200,69.8200,69.8100,69.8200,7696.820
1774757700000,69.8200,69.8400,69.8100,69.8300,4302.238
1774758600000,69.8300,69.8300,69.8200,69.8300,4583.567
1774759500000,69.8300,69.8300,69.8200,69.8300,1012.935
1774760400000,69.8300,69.8300,69.8200,69.8300,1009.776
1774761300000,69.8300,69.8300,69.8200,69.8300,1352.012
1774762200000,69.8300,69.8300,69.8200,69.8300,1556.262
1774763100000,69.8300,69.8300,69.8200,69.8300,1977.998
1774764000000,69.8300,69.8300,69.8200,69.8300,908.575
1774764900000,69.8300,69.8300,69.8200,69.8300,1387.722
1774765800000,69.8300,69.8300,69.8200,69.8300,841.751
1774766700000,69.8200,69.8400,69.8200,69.8400,5132.708
1774767600000,69.8400,69.8400,69.8100,69.8100,12683.187
1774768500000,69.8200,69.8200,69.8100,69.8200,1233.736
1774769400000,69.8200,69.8200,69.8100,69.8200,2101.134
1774770300000,69.8200,69.8200,69.8100,69.8100,4327.671
1774771200000,69.8200,69.8300,69.8100,69.8100,5655.926
1774772100000,69.8200,69.8200,69.8100,69.8100,5276.464
1774773000000,69.8100,69.8200,69.8100,69.8200,1979.645
1774773900000,69.8200,69.8200,69.8100,69.8200,737.258
1774774800000,69.8100,69.8200,69.8100,69.8200,2465.773
1774775700000,69.8200,69.8200,69.8100,69.8100,1704.179
1774776600000,69.8200,69.8400,69.8100,69.8400,5739.399
1774777500000,69.8300,69.8500,69.8300,69.8400,5723.839
1774778400000,69.8500,69.8500,69.8400,69.8500,3470.045
1774779300000,69.8500,69.8500,69.8400,69.8500,1600.282
1774780200000,69.8500,69.8500,69.8400,69.8500,2279.034
1774781100000,69.8500,69.8500,69.8200,69.8200,8643.631
1774782000000,69.8300,69.8300,69.8200,69.8300,2105.105
1774782900000,69.8300,69.8300,69.8200,69.8200,1552.493
1774783800000,69.8200,69.8300,69.8200,69.8300,1374.516
1774784700000,69.8300,69.8300,69.8200,69.8200,486.085
1774785600000,69.8300,69.8300,69.8200,69.8300,1037.733
1774786500000,69.8300,69.8300,69.8200,69.8200,1872.789
1774787400000,69.8300,69.8700,69.8300,69.8600,5938.586
1774788300000,69.8700,69.8700,69.8600,69.8700,7411.959
1774789200000,69.8600,69.8800,69.8400,69.8500,14074.488
1774790100000,69.8500,69.8800,69.8400,69.8800,4389.851
1774791000000,69.8700,69.8800,69.8600,69.8700,13259.916
1774791900000,69.8700,69.8700,69.8500,69.8600,2857.398
1774792800000,69.8600,69.8800,69.8500,69.8700,9512.326
1774793700000,69.8700,69.8700,69.8600,69.8700,1966.949
1774794600000,69.8700,69.8700,69.8600,69.8700,1937.657
1774795500000,69.8700,69.8700,69.8500,69.8600,4002.543
1774796400000,69.8600,69.8700,69.8500,69.8600,4282.848
1774797300000,69.8600,69.8700,69.8500,69.8700,7363.875
1774798200000,69.8600,69.8700,69.8600,69.8700,7772.644
1774799100000,69.8600,69.8700,69.8500,69.8600,5307.412
1774800000000,69.8500,69.8700,69.8500,69.8600,8886.281
1774800900000,69.8700,69.8700,69.8600,69.8600,827.983
1774801800000,69.8700,69.8800,69.8600,69.8800,4616.828
1774802700000,69.8800,70.0500,69.8800,69.9300,48458.751
1774803600000,69.9400,69.9600,69.9000,69.9000,10996.612
1774804500000,69.9000,69.9100,69.8700,69.8800,8974.014
1774805400000,69.8700,69.8800,69.8600,69.8700,10908.111
1774806300000,69.8600,69.8700,69.8600,69.8700,8881.596
1774807200000,69.8600,69.8700,69.8600,69.8700,2822.404
1774808100000,69.8700,69.8700,69.8600,69.8700,2125.003
1774809000000,69.8600,69.8700,69.8600,69.8700,8558.592
1774809900000,69.8700,69.8700,69.8600,69.8600,4032.101
1774810800000,69.8600,69.8700,69.8500,69.8600,9933.089
1774811700000,69.8500,69.8600,69.8300,69.8300,9558.950
1774812600000,69.8300,69.8400,69.8000,69.8200,8437.927
1774813500000,69.8100,69.8400,69.8100,69.8400,4537.930
1774814400000,69.8300,69.9100,69.8300,69.8900,25621.169
1774815300000,69.9000,69.9100,69.8900,69.9000,12990.494
1774816200000,69.8900,69.9000,69.8600,69.8600,5539.607
1774817100000,69.8700,69.8900,69.8600,69.8800,5360.275
1774818000000,69.8800,69.8900,69.8700,69.8900,4571.144
1774818900000,69.8900,69.9000,69.8600,69.8900,10247.488
1774819800000,69.9000,69.9100,69.8800,69.9100,13577.520
1774820700000,69.9100,70.0000,69.8800,69.9700,58454.931
1774821600000,69.9700,69.9700,67.9400,68.6900,1311517.649
1774822500000,68.6900,69.2700,68.5600,68.8800,414881.554
1774823400000,68.8900,69.1100,68.5800,68.6500,453493.378
1774824300000,68.6400,68.7700,68.5300,68.6800,328546.903
1774825200000,68.6700,68.8800,68.3200,68.5700,480924.810
1774826100000,68.5800,68.7500,68.5800,68.6300,231170.812
1774827000000,68.6200,68.6600,67.7200,67.9900,805181.956
1774827900000,68.0000,68.2000,67.8700,68.1300,495374.549
1774828800000,68.1400,68.3600,67.8100,68.0300,820829.176
1774829700000,68.0300,69.0000,67.9500,68.6500,962828.135
1774830600000,68.6500,68.9200,68.3400,68.4800,533600.755
1774831500000,68.4900,68.5700,68.3700,68.4200,439733.289
1774832400000,68.4200,69.3700,68.2900,68.9300,1011041.556
1774833300000,68.9400,69.0800,68.5400,68.6800,551861.752
1774834200000,68.6800,68.9600,68.4600,68.7900,425591.126
1774835100000,68.8000,68.9300,68.5200,68.8100,247221.713
1774836000000,68.8100,69.0400,68.7100,68.9000,269708.216
1774836900000,68.9000,68.9100,68.6100,68.7700,231481.522
1774837800000,68.7700,69.3800,68.5500,69.2500,514873.115
1774838700000,69.2500,69.4300,69.0900,69.1600,319186.276
1774839600000,69.1700,70.4400,69.1200,70.1900,747951.950
1774840500000,70.1900,70.5100,70.0800,70.1900,366270.457
1774841400000,70.1900,70.2200,70.0300,70.1100,166867.801
1774842300000,70.1100,70.1700,69.8100,69.8200,215283.760
1774843200000,69.8300,69.9500,69.7300,69.8600,193468.586
1774844100000,69.8500,70.1500,69.8400,70.0500,161932.097
1774845000000,70.0500,70.0600,69.8500,69.9100,162084.796
1774845900000,69.9100,70.1900,69.8600,70.1400,145165.656
1774846800000,70.1500,70.5000,70.1300,70.3500,274228.419
1774847700000,70.3600,70.5500,70.2600,70.2700,260412.985
1774848600000,70.2700,70.5700,70.0800,70.2200,356736.407
1774849500000,70.2300,70.7700,70.2000,70.5600,304527.824
1774850400000,70.5700,70.8600,70.5100,70.6200,230691.377
1774851300000,70.6200,70.7800,70.4700,70.6200,223082.197
1774852200000,70.6200,70.8800,70.5700,70.8200,199660.423
1774853100000,70.8200,70.8300,70.3800,70.4300,285713.252
1774854000000,70.4200,70.5600,70.2300,70.4600,272584.736
1774854900000,70.4700,70.4700,70.0200,70.0700,253827.539
1774855800000,70.0700,70.3500,70.0500,70.3300,195807.661
1774856700000,70.3300,70.5900,70.2400,70.5900,157506.423
1774857600000,70.5800,70.8000,70.4400,70.7200,283816.333
1774858500000,70.7200,70.7300,70.2700,70.4500,355389.933
1774859400000,70.4500,70.9800,70.4300,70.8500,263574.061
1774860300000,70.8400,71.0500,70.8200,70.9100,231555.374
1774861200000,70.9100,71.0400,70.6800,70.7500,255647.921
1774862100000,70.7600,71.0600,70.5600,70.8500,204469.654
1774863000000,70.8500,71.2200,70.7100,71.1900,288807.453
1774863900000,71.1900,71.2800,71.0000,71.0900,273086.427
1774864800000,71.1000,71.1200,70.8700,70.9500,161166.049
1774865700000,70.9400,71.0400,70.7700,70.8200,144365.762
1774866600000,70.8100,70.9200,70.7500,70.8800,94918.544
1774867500000,70.8800,70.9100,70.6600,70.7500,103243.443
1774868400000,70.7600,71.0700,70.6000,71.0500,196096.547
1774869300000,71.0400,71.4100,71.0100,71.2200,510372.941
1774870200000,71.2200,71.4000,70.8600,71.3900,376777.973
1774871100000,71.3900,71.7100,71.1700,71.3100,567654.820
1774872000000,71.3200,71.3300,70.9500,71.2600,289188.969
1774872900000,71.2500,71.4700,71.1600,71.2600,251299.410
1774873800000,71.2500,71.6300,71.2300,71.4800,223460.710
1774874700000,71.4800,71.5000,71.3500,71.3600,138547.569
1774875600000,71.3700,71.8800,71.1800,71.2400,462979.407
1774876500000,71.2400,71.3100,71.0700,71.2300,274858.640
1774877400000,71.2300,71.3900,70.4400,70.6100,663946.769
1774878300000,70.6100,70.6100,70.0600,70.2800,540967.242
1774879200000,70.2700,70.8200,70.2600,70.7400,336712.311
1774880100000,70.7300,70.7500,70.3500,70.4200,253234.756
1774881000000,70.4200,70.7700,70.4000,70.5400,220098.429
1774881900000,70.5500,71.0400,70.4800,70.9800,303105.672
1774882800000,70.9800,71.1300,70.8200,70.8900,237999.169
1774883700000,70.8900,71.0000,70.6800,71.0000,187511.980
1774884600000,70.9900,71.2800,70.8900,71.2300,207994.877
1774885500000,71.2400,71.3100,71.0500,71.0800,173448.983
1774886400000,71.0700,71.0900,70.7600,70.9900,227208.841
1774887300000,70.9800,71.0600,70.7100,70.7300,151991.399
1774888200000,70.7200,70.9700,70.6300,70.9600,119553.360
1774889100000,70.9600,70.9800,70.5600,70.6100,143141.033
1774890000000,70.6100,70.6800,70.3300,70.3900,163000.332
1774890900000,70.3900,70.6000,70.3200,70.5500,159841.030
1774891800000,70.5500,70.6200,70.3200,70.6200,184495.264
1774892700000,70.6100,70.7200,70.3800,70.4500,173944.309
1774893600000,70.4500,70.6200,70.2400,70.4600,133037.121
1774894500000,70.4700,70.4700,70.1500,70.2500,103323.860
1774895400000,70.2400,70.4600,70.2400,70.3700,73025.360
1774896300000,70.3800,70.4600,69.9100,69.9700,192188.047
1774897200000,69.9600,70.0200,69.6700,69.7700,249803.774
1774898100000,69.7800,69.9300,69.6600,69.8700,176755.172
1774899000000,69.8800,70.1600,69.7800,69.9900,157416.046
1774899900000,69.9900,70.3000,69.9700,70.2200,162291.293
1774900800000,70.2200,70.2400,69.9500,70.2000,139451.791
1774901700000,70.2000,70.2200,69.9700,70.0300,52647.816
1774902600000,70.0400,70.0500,69.9000,69.9800,38204.849
1774903500000,69.9900,70.1600,69.9600,70.1200,37504.881
1774904400000,70.1200,70.2600,70.0900,70.2200,22619.964
1774905300000,70.2200,70.2400,70.0900,70.0900,46627.395
1774906200000,70.1000,70.1700,70.0700,70.1700,18446.667
1774907100000,70.1700,70.1700,70.1100,70.1300,5871.733
1774908000000,70.1400,70.5200,70.0400,70.1000,193842.312
1774908900000,70.1000,70.2000,69.9400,70.1200,133233.511
1774909800000,70.1200,70.1900,69.9400,69.9500,86529.024
1774910700000,69.9400,70.1300,69.9300,69.9900,72796.051
1774911600000,69.9800,69.9800,69.5600,69.6800,339133.482
1774912500000,69.6700,69.8900,69.6300,69.8100,122612.498
1774913400000,69.8200,70.0000,69.7100,69.9800,125956.814
1774914300000,69.9800,70.0700,69.8800,69.9800,78892.051
1774915200000,69.9800,70.2600,69.8600,69.8900,339891.387
1774916100000,69.9000,69.9500,69.0600,69.6100,625603.728
1774917000000,69.6200,70.5000,69.4300,70.4700,679013.673
1774917900000,70.4700,70.7700,70.2200,70.7200,791680.775
1774918800000,70.7300,71.0100,70.5200,70.8700,586549.483
1774919700000,70.8800,71.9600,70.8700,71.9600,799505.715
1774920600000,71.9600,73.5700,71.9500,73.5500,1297242.758
1774921500000,73.5500,73.5600,72.8400,72.9700,919361.234
1774922400000,72.9700,72.9900,72.5700,72.7200,527602.711
1774923300000,72.7300,72.9000,72.4500,72.5100,353641.091
1774924200000,72.5100,72.5800,72.2700,72.4700,356482.337
1774925100000,72.4700,72.5200,71.9400,72.0100,457461.884
1774926000000,72.0000,72.4500,71.9700,72.2500,361545.741
1774926900000,72.2500,72.2800,71.9200,72.0900,319037.766
1774927800000,72.0900,72.2000,71.9100,71.9400,203709.911
1774928700000,71.9400,72.1300,71.9300,72.0400,123857.281
1774929600000,72.0400,72.2200,72.0300,72.0700,90997.313
1774930500000,72.0700,72.2700,72.0700,72.1000,87785.009
1774931400000,72.1000,72.3200,72.1000,72.2700,118777.975
1774932300000,72.2700,72.3300,72.1400,72.2300,126949.369
1774933200000,72.2300,72.3300,71.6600,71.6700,230910.589
1774934100000,71.6700,72.1500,71.6000,72.0300,285837.144
1774935000000,72.0400,72.5400,71.7600,72.4300,397903.614
1774935900000,72.4200,72.5800,72.1700,72.2100,315706.381
1774936800000,72.2100,72.2100,71.9100,71.9900,226823.462
1774937700000,71.9900,72.1600,71.8100,71.9800,242990.983
1774938600000,71.9800,72.2300,71.9500,72.0700,208943.562
1774939500000,72.0700,72.2600,72.0200,72.1200,226793.466
1774940400000,72.1200,72.4400,72.0600,72.0800,268393.138
1774941300000,72.0800,72.2200,71.6800,72.1800,278865.752
1774942200000,72.1800,72.7700,72.1700,72.7300,463302.052
1774943100000,72.7300,73.1600,72.6400,73.1200,410927.282
1774944000000,73.1100,73.3300,72.8700,72.9300,656287.227
1774944900000,72.9300,73.1200,72.9200,73.0900,275327.150
1774945800000,73.0900,73.3100,72.9800,73.0500,264195.773
1774946700000,73.0500,73.2800,73.0500,73.1300,221123.920
1774947600000,73.1300,73.3500,73.0600,73.1800,192645.156
1774948500000,73.1700,73.3700,73.0800,73.1400,238933.168
1774949400000,73.1300,73.1600,72.8700,72.9500,277463.771
1774950300000,72.9600,73.0700,72.7200,72.8300,228845.243
1774951200000,72.8200,73.1800,72.8200,73.0800,182831.446
1774952100000,73.0800,73.0800,72.8100,72.8800,148876.367
1774953000000,72.8700,72.9000,72.3200,72.5700,326159.139
1774953900000,72.5800,72.7600,72.4200,72.6600,192182.331
1774954800000,72.6600,73.1700,72.5600,72.7200,670257.349
1774955700000,72.7200,73.3400,72.6400,73.1100,616584.835
1774956600000,73.1200,73.3600,72.8800,73.2900,294186.307
1774957500000,73.3000,73.3800,73.0400,73.1800,318441.343
1774958400000,73.1800,73.5900,72.9300,72.9400,460040.536
1774959300000,72.9400,73.1500,72.7300,73.1200,400217.637
1774960200000,73.1300,73.2800,72.9300,72.9900,199193.877
1774961100000,72.9900,73.0000,72.6800,72.8900,158960.720
1774962000000,72.8900,73.1600,72.5500,73.0900,343020.839
1774962900000,73.0800,73.1600,72.7000,72.7300,160962.017
1774963800000,72.7400,73.1800,72.6200,72.9600,350814.116
1774964700000,72.9600,73.5800,72.9600,73.4000,553634.317
1774965600000,73.4000,74.0400,73.3700,74.0000,820516.776
1774966500000,74.0000,74.1600,73.6600,74.0600,592222.688
1774967400000,74.0700,74.1900,73.5000,73.6700,384788.170
1774968300000,73.6700,73.7800,72.9900,73.1700,527461.991
1774969200000,73.1700,73.8700,73.1700,73.8300,498880.398
1774970100000,73.8300,73.9700,73.5900,73.6100,356182.087
1774971000000,73.6100,73.7900,73.4700,73.7500,192581.485
1774971900000,73.7400,73.9800,73.6300,73.7100,260065.633
1774972800000,73.7100,74.0000,73.6400,73.8500,249430.595
1774973700000,73.8500,74.0000,73.7500,73.9400,170115.124
1774974600000,73.9400,75.1500,73.9000,74.8500,1234860.533
1774975500000,74.8500,74.9800,74.4200,74.6500,866082.474
1774976400000,74.6600,75.2600,74.5600,74.7800,667303.113
1774977300000,74.7700,74.8500,74.5100,74.5600,369018.725
1774978200000,74.5600,74.9900,74.5500,74.8100,448441.688
1774979100000,74.8100,75.0100,74.7600,74.8500,183301.352
1774980000000,74.8400,75.1900,74.8300,75.1400,296764.351
1774980900000,75.1500,75.2300,74.9300,75.0600,174598.855
1774981800000,75.0500,75.2200,74.9100,74.9700,127250.032
1774982700000,74.9800,75.0800,74.8600,74.9900,105445.171
1774983600000,74.9800,75.1500,74.8300,75.0700,131603.256
1774984500000,75.0600,75.2000,74.9700,75.0600,158444.781
1774985400000,75.0600,75.3200,75.0400,75.2300,135834.716
1774986300000,75.2300,75.3600,75.0900,75.3100,211716.362
1774987200000,75.3100,75.3800,75.0700,75.2700,88969.539
1774988100000,75.2700,75.3500,75.1600,75.1900,80013.133
1774989000000,75.1800,75.3800,75.1200,75.1600,68444.038
1774989900000,75.1600,75.2600,75.0000,75.0700,112857.220
1774990800000,75.0700,75.1200,74.9000,75.0600,76880.881
1774991700000,75.0700,75.1500,75.0400,75.1100,18569.734
1774992600000,75.1100,75.1700,74.9800,75.1300,46980.912
1774993500000,75.1200,75.2300,75.0700,75.1100,23936.012
1774994400000,75.1000,75.7000,75.0600,75.3600,391441.591
1774995300000,75.3600,75.5400,75.1600,75.3500,163554.646
1774996200000,75.3400,75.6100,75.2400,75.4100,146748.515
1774997100000,75.4100,75.4500,75.1800,75.2800,169101.726
1774998000000,75.2900,75.3200,75.1000,75.1700,100453.044
1774998900000,75.1700,75.2400,74.9700,75.0400,170959.532
1774999800000,75.0500,75.1300,74.7900,74.9500,200105.081
1775000700000,74.9500,75.1500,74.9200,74.9300,164351.876
1775001600000,74.9300,75.1000,74.8400,75.0300,287748.036
1775002500000,75.0200,75.2400,74.9300,75.2300,185361.771
1775003400000,75.2400,75.2600,74.7100,74.9400,174580.282
1775004300000,74.9400,75.2000,74.8400,75.1800,169030.432
1775005200000,75.1800,75.6500,74.9200,75.2700,628535.829
1775006100000,75.2700,75.2700,74.4000,74.8300,450865.456
1775007000000,74.8400,74.8400,74.3000,74.5100,301006.521
1775007900000,74.5200,74.6500,74.4000,74.5900,181490.388
1775008800000,74.6000,74.8700,74.5100,74.6900,197007.916
1775009700000,74.6900,74.8100,74.4800,74.5400,84285.264
1775010600000,74.5400,74.5600,74.0300,74.2200,270096.316
1775011500000,74.2200,74.3400,73.9700,74.0600,259312.509
1775012400000,74.0500,74.3300,74.0500,74.2400,140799.827
1775013300000,74.2400,74.3300,74.0800,74.1500,126325.621
1775014200000,74.1500,74.2100,74.0800,74.2100,81538.800
1775015100000,74.2100,74.2600,74.0600,74.1000,101402.445
1775016000000,74.1000,74.1000,73.8500,73.9000,123073.015
1775016900000,73.9100,74.0600,73.8300,74.0100,108200.425
1775017800000,74.0200,74.2300,73.8800,74.1800,143262.538
1775018700000,74.1800,74.3800,74.0900,74.2200,176065.811
1775019600000,74.2300,74.4500,74.2000,74.4200,126808.908
1775020500000,74.4100,74.5800,74.3500,74.5700,221958.056
1775021400000,74.5700,74.7700,74.5000,74.7700,395905.159
1775022300000,74.7800,74.8400,74.0300,74.1500,361415.404
1775023200000,74.1500,74.7000,74.1300,74.6900,180814.296
1775024100000,74.7000,75.0600,74.5700,75.0100,270967.969
1775025000000,75.0000,75.1300,74.7800,74.9200,245775.834
1775025900000,74.9200,75.4000,74.9200,75.3500,271587.474
1775026800000,75.3600,75.3900,74.9600,75.0400,222865.323
1775027700000,75.0300,75.0400,74.7700,74.8300,165786.815
1775028600000,74.8200,75.0400,74.6500,74.6900,277695.804
1775029500000,74.6900,74.7000,73.9300,74.0200,351836.765
1775030400000,74.0200,74.4500,73.9700,74.2200,385835.190
1775031300000,74.2200,74.6500,74.1500,74.4600,245613.919
1775032200000,74.4600,74.6900,74.3800,74.5700,203305.494
1775033100000,74.5800,74.6800,74.4000,74.4400,206805.778
1775034000000,74.4500,74.5400,74.2600,74.3600,179863.693
1775034900000,74.3600,74.4000,74.1400,74.2500,126941.565
1775035800000,74.2400,74.3900,74.1900,74.3400,130763.966
1775036700000,74.3500,74.6300,74.3400,74.4700,163130.830
1775037600000,74.4700,74.6400,74.3100,74.3900,149538.033
1775038500000,74.3900,74.6200,74.3500,74.6000,119245.082
1775039400000,74.6100,74.8200,74.5400,74.8000,94382.959
1775040300000,74.8000,74.9300,74.7000,74.8800,137808.332
1775041200000,74.8800,75.0300,74.7800,75.0000,109771.266
1775042100000,75.0000,75.1600,74.9200,75.0700,131604.945
1775043000000,75.0800,75.2900,75.0500,75.2500,148577.174
1775043900000,75.2500,75.4700,75.1300,75.1500,275664.938
1775044800000,75.1400,75.1600,74.9000,74.9600,204218.996
1775045700000,74.9600,75.0000,74.6800,74.8900,262111.017
1775046600000,74.9000,75.4900,74.8500,75.3200,468168.086
1775047500000,75.3300,75.4800,74.6500,74.7000,748622.865
1775048400000,74.7000,74.9800,74.4300,74.8500,371476.231
1775049300000,74.8500,75.1200,74.7700,75.0300,179706.939
1775050200000,75.0400,75.4200,74.7900,74.9100,523131.742
1775051100000,74.9100,75.0100,74.6200,74.7200,384508.185
1775052000000,74.7100,74.9100,74.4400,74.7500,560333.137
1775052900000,74.7400,75.2100,74.6500,74.9200,468387.694
1775053800000,74.9300,75.2600,74.6400,75.1900,435685.049
1775054700000,75.2000,75.5000,75.0700,75.3800,352505.613
1775055600000,75.3900,75.6400,75.3000,75.4600,390685.059
1775056500000,75.4700,75.6900,75.3500,75.3700,265484.065
1775057400000,75.3700,75.8200,75.2700,75.7900,359144.512
1775058300000,75.7900,75.8300,75.6300,75.6900,156652.005
1775059200000,75.6800,75.8200,75.4300,75.4500,190959.746
1775060100000,75.4400,75.6600,75.4100,75.4700,171232.959
1775061000000,75.4800,75.7500,75.4600,75.7400,98847.638
1775061900000,75.7300,75.8600,75.6700,75.8400,105091.451
1775062800000,75.8400,76.0800,75.7800,75.9100,311172.252
1775063700000,75.9000,76.0600,75.7500,75.9700,178417.885
1775064600000,75.9700,76.1000,75.8500,76.0000,149457.463
1775065500000,76.0100,76.0600,75.7700,75.8500,98001.016
1775066400000,75.8500,75.8700,75.4800,75.6000,254011.456
1775067300000,75.6000,75.6100,75.0600,75.1100,309651.181
1775068200000,75.1100,75.5400,74.9100,75.3400,392374.734
1775069100000,75.3500,75.3800,75.0800,75.1800,204664.578
1775070000000,75.1800,75.3800,75.1300,75.2400,140274.454
1775070900000,75.2400,75.4800,75.2300,75.4400,141149.672
1775071800000,75.4300,75.6400,75.3300,75.4800,128051.653
1775072700000,75.4700,75.5000,75.1300,75.2200,212312.943
1775073600000,75.2300,75.3600,75.0600,75.3400,111577.442
1775074500000,75.3400,75.3600,75.1200,75.1600,49990.811
1775075400000,75.1500,75.2100,75.0000,75.1200,63321.692
1775076300000,75.1100,75.2100,74.9800,75.0700,61277.935
1775077200000,75.0600,75.1700,75.0500,75.1300,39320.592
1775078100000,75.1400,75.1800,75.0600,75.1100,24211.181
1775079000000,75.1000,75.1200,74.9600,75.0200,25584.860
1775079900000,75.0200,75.1700,74.9500,75.1200,33440.319
1775080800000,75.1200,75.1300,74.5000,75.0000,259672.495
1775081700000,75.0100,75.1800,74.9400,75.0700,152625.856
1775082600000,75.0700,75.3300,75.0300,75.2400,131249.115
1775083500000,75.2300,75.4200,75.2100,75.3000,126988.744
1775084400000,75.3100,75.7100,75.2400,75.6900,155246.831
1775085300000,75.6900,75.8200,75.6400,75.6800,137550.262
1775086200000,75.6900,75.8000,75.5500,75.5700,116916.906
1775087100000,75.5700,75.5800,75.2500,75.3300,130842.564
1775088000000,75.3200,75.7700,75.2300,75.7700,200316.801
1775088900000,75.7800,75.8700,75.5800,75.6200,141129.173
1775089800000,75.6100,75.8000,75.4300,75.6700,146400.428
1775090700000,75.6600,75.8000,75.3900,75.5400,175036.231
1775091600000,75.5300,75.5700,73.3200,74.4800,1541798.114
1775092500000,74.4800,74.5500,72.9800,73.0600,1216579.257
1775093400000,73.0500,73.2800,72.3100,72.8200,1500465.376
1775094300000,72.8200,73.2900,72.5100,73.0400,735183.361
1775095200000,73.0300,73.0900,72.5100,72.6700,687279.612
1775096100000,72.6700,73.1600,72.6100,72.6400,343017.486
1775097000000,72.6300,72.6300,71.6000,72.2000,917186.882
1775097900000,72.2000,72.4900,72.0400,72.3300,345915.580
1775098800000,72.3200,72.3600,72.0000,72.2600,230251.350
1775099700000,72.2600,72.4800,72.1600,72.2900,185455.921
1775100600000,72.3000,72.3800,72.1300,72.2300,199371.884
1775101500000,72.2300,72.2500,72.0500,72.1600,165235.920
1775102400000,72.1600,72.2500,71.7500,71.9300,192078.251
1775103300000,71.9300,72.0500,71.6700,71.7500,174972.138
1775104200000,71.7500,71.8900,71.6000,71.6900,124702.165
1775105100000,71.7000,72.0300,71.6400,72.0200,124729.380
1775106000000,72.0200,72.1000,71.7900,71.8000,173799.690
1775106900000,71.8000,72.0400,71.7900,71.9400,80206.329
1775107800000,71.9400,71.9600,70.7300,70.8700,673045.035
1775108700000,70.8700,71.0300,70.3300,70.7700,733286.368
1775109600000,70.7700,70.9100,69.7200,70.1200,834747.556
1775110500000,70.1100,70.5200,70.0900,70.4400,508918.245
1775111400000,70.4400,70.6600,70.3100,70.5800,445644.981
1775112300000,70.5700,70.9100,70.4800,70.7400,317346.427
1775113200000,70.7300,70.9700,70.6600,70.8900,227617.213
1775114100000,70.8900,71.2400,70.8600,71.1700,318567.607
1775115000000,71.1700,71.3800,71.1300,71.3600,168129.906
1775115900000,71.3600,71.6000,71.3500,71.5900,214061.059
1775116800000,71.5800,71.7400,71.4100,71.7300,295049.848
1775117700000,71.7300,71.7600,71.4100,71.5300,215392.079
1775118600000,71.5200,71.6800,71.4700,71.4700,204430.871
1775119500000,71.4700,71.5700,71.2100,71.2300,211960.848
1775120400000,71.2300,71.3500,71.0900,71.3000,255035.177
1775121300000,71.3000,71.5500,71.2800,71.3300,184702.801
1775122200000,71.3300,71.3800,71.2100,71.2400,190302.442
1775123100000,71.2400,71.2900,71.0400,71.0700,185689.901
1775124000000,71.0700,71.3300,71.0200,71.0700,172582.578
1775124900000,71.0600,71.1600,70.6200,70.8100,325939.961
1775125800000,70.8100,70.9400,70.6300,70.8200,236871.028
1775126700000,70.8200,71.0700,70.7600,70.9100,254209.068
1775127600000,70.9200,71.1400,70.8100,71.0600,360936.373
1775128500000,71.0700,71.1400,70.8300,70.8600,214303.599
1775129400000,70.8500,70.9400,70.2600,70.4800,392394.183
1775130300000,70.4700,70.7600,70.3500,70.6500,299372.655
1775131200000,70.6500,70.9100,70.4600,70.6000,347074.476
1775132100000,70.6100,71.0400,70.5700,70.8000,325747.668
1775133000000,70.7900,70.9100,70.5300,70.6000,298382.355
1775133900000,70.6000,70.7600,70.1000,70.1400,299481.086
1775134800000,70.1300,70.4600,69.5700,69.8200,1042493.222
1775135700000,69.8300,70.3000,69.7400,70.2400,644980.095
1775136600000,70.2400,70.6200,70.1600,70.6100,683827.994
1775137500000,70.6100,71.5200,70.5600,71.4200,693278.322
1775138400000,71.4300,71.8500,71.1300,71.5000,691915.529
1775139300000,71.5000,71.9800,71.4800,71.7100,538536.829
1775140200000,71.7000,73.1900,71.6700,72.9700,1986891.554
1775141100000,72.9700,72.9800,72.3500,72.6500,1011939.182
1775142000000,72.6500,72.7000,72.1800,72.3900,623144.396
1775142900000,72.4000,72.7200,71.9200,72.1400,475475.873
1775143800000,72.1400,72.3600,72.0300,72.1300,313573.363
1775144700000,72.1300,72.1500,71.6400,71.9300,394702.820
1775145600000,71.9200,72.1900,71.8400,71.9900,305465.136
1775146500000,72.0000,72.1000,71.6800,71.8900,367082.235
1775147400000,71.8900,72.4600,71.8900,72.2600,462945.448
1775148300000,72.2600,72.6100,72.2300,72.3700,277625.328
1775149200000,72.3700,72.7300,72.3500,72.7000,240208.550
1775150100000,72.7000,72.9100,72.3800,72.3900,290540.127
1775151000000,72.3900,72.5100,72.2800,72.4800,213393.526
1775151900000,72.4800,72.4900,72.2400,72.3000,158155.159
1775152800000,72.3100,72.6700,72.3100,72.5400,179768.575
1775153700000,72.5500,72.6200,72.3500,72.4900,130891.537
1775154600000,72.4800,72.6900,72.4200,72.6300,122883.886
1775155500000,72.6300,72.8200,72.6100,72.7400,134127.591
1775156400000,72.7400,72.9700,72.7000,72.7200,107736.884
1775157300000,72.7300,72.8900,72.4700,72.4700,177102.077
1775158200000,72.4700,72.6200,72.4000,72.5400,75954.311
1775159100000,72.5400,72.8000,72.5400,72.6800,76290.040
1775160000000,72.6800,72.8000,72.6200,72.7400,38658.706
1775160900000,72.7400,72.8600,72.6400,72.8400,60264.295
1775161800000,72.8400,72.9800,72.8300,72.9400,33495.222
1775162700000,72.9500,73.0300,72.8400,73.0000,33649.883
1775163600000,73.0000,73.0400,72.8600,72.8900,36444.942
1775164500000,72.8800,72.9200,72.8700,72.9100,6830.841
1775165400000,72.9100,72.9600,72.8800,72.8900,18973.824
1775166300000,72.9000,72.9300,72.8900,72.9300,8020.850
1775167200000,72.9200,72.9800,72.8800,72.9600,29306.526
1775168100000,72.9600,72.9800,72.9300,72.9400,11282.930
1775169000000,72.9400,72.9900,72.9200,72.9500,16432.728
1775169900000,72.9400,72.9500,72.8800,72.9100,18540.291
1775170800000,72.9100,72.9700,72.9100,72.9600,19288.826
1775171700000,72.9500,72.9600,72.9300,72.9500,12507.408
1775172600000,72.9500,72.9700,72.9300,72.9500,16135.499
1775173500000,72.9600,72.9800,72.9200,72.9300,51581.066
1775174400000,72.9300,72.9600,72.9300,72.9400,14225.125
1775175300000,72.9500,72.9600,72.9300,72.9300,13812.475
1775176200000,72.9400,72.9600,72.9300,72.9500,9876.741
1775177100000,72.9600,72.9700,72.9500,72.9600,7587.284
1775178000000,72.9700,73.0000,72.9300,72.9600,29813.846
1775178900000,72.9700,72.9800,72.9500,72.9600,14643.197
1775179800000,72.9600,72.9800,72.9400,72.9700,20176.887
1775180700000,72.9800,72.9900,72.9400,72.9900,12345.745
1775181600000,72.9900,73.0000,72.9700,72.9900,13762.734
1775182500000,73.0000,73.0000,72.9800,72.9800,6957.123
1775183400000,72.9800,73.0200,72.9800,72.9800,12096.882
1775184300000,72.9900,73.0000,72.9700,72.9800,14817.348
1775185200000,72.9900,73.0100,72.9800,72.9800,7374.773
1775186100000,72.9800,73.0100,72.9600,72.9700,17080.622
1775187000000,72.9800,72.9900,72.9700,72.9800,4280.571
1775187900000,72.9800,73.0600,72.9700,73.0200,23467.621
1775188800000,73.0200,73.0300,73.0200,73.0300,3024.746
1775189700000,73.0300,73.0300,73.0100,73.0100,4461.444
1775190600000,73.0200,73.0300,73.0100,73.0100,6023.741
1775191500000,73.0100,73.0200,73.0000,73.0100,8650.607
1775192400000,73.0000,73.0200,72.9900,73.0000,5774.822
1775193300000,73.0000,73.0100,72.9800,73.0000,2948.892
1775194200000,73.0000,73.0200,72.9500,72.9600,32357.459
1775195100000,72.9700,72.9700,72.9300,72.9500,26125.724
1775196000000,72.9500,72.9500,72.9200,72.9500,6528.098
1775196900000,72.9500,72.9600,72.9300,72.9500,8407.536
1775197800000,72.9600,72.9800,72.9300,72.9500,10270.753
1775198700000,72.9600,72.9700,72.9500,72.9500,4553.735
1775199600000,72.9600,72.9700,72.9500,72.9600,5743.140
1775200500000,72.9600,72.9800,72.9500,72.9600,2978.269
1775201400000,72.9700,73.0000,72.9600,72.9700,15497.709
1775202300000,72.9800,72.9800,72.9500,72.9500,9431.205
1775203200000,72.9600,72.9700,72.9400,72.9600,8074.634
1775204100000,72.9600,72.9700,72.9400,72.9500,7168.832
1775205000000,72.9400,72.9600,72.9400,72.9500,6024.271
1775205900000,72.9500,72.9600,72.9400,72.9600,4344.575
1775206800000,72.9600,72.9800,72.9400,72.9700,9745.927
1775207700000,72.9600,72.9700,72.9500,72.9600,2670.392
1775208600000,72.9600,72.9600,72.9500,72.9600,589.383
1775209500000,72.9600,72.9600,72.9400,72.9400,7936.390
1775210400000,72.9400,72.9600,72.9400,72.9500,4133.546
1775211300000,72.9600,72.9600,72.9500,72.9500,3750.664
1775212200000,72.9600,72.9600,72.9500,72.9600,2204.479
1775213100000,72.9600,72.9600,72.9500,72.9500,1061.315
1775214000000,72.9600,72.9600,72.9500,72.9500,748.774
1775214900000,72.9600,72.9700,72.9500,72.9700,3264.142
1775215800000,72.9700,72.9900,72.9600,72.9800,13713.147
1775216700000,72.9800,72.9900,72.9700,72.9800,9320.514
1775217600000,72.9800,72.9800,72.9700,72.9700,4829.437
1775218500000,72.9800,72.9800,72.9500,72.9600,11985.493
1775219400000,72.9700,73.0200,72.9200,72.9600,61409.807
1775220300000,72.9500,72.9700,72.9200,72.9400,21015.642
1775221200000,72.9500,72.9500,72.9300,72.9400,8805.329
1775222100000,72.9400,72.9600,72.9400,72.9500,7588.100
1775223000000,72.9500,72.9600,72.9400,72.9500,7346.697
1775223900000,72.9600,72.9600,72.9500,72.9500,3944.941
1775224800000,72.9600,72.9600,72.9400,72.9600,5426.602
1775225700000,72.9600,72.9600,72.9500,72.9600,4434.154
1775226600000,72.9600,72.9600,72.9500,72.9500,4811.893
1775227500000,72.9600,72.9800,72.9400,72.9500,26273.859
1775228400000,72.9500,72.9500,72.9400,72.9500,4674.854
1775229300000,72.9500,72.9500,72.9400,72.9400,2199.968
1775230200000,72.9500,72.9600,72.9400,72.9600,9392.554
1775231100000,72.9600,72.9600,72.9500,72.9600,6742.269
1775232000000,72.9600,72.9600,72.9400,72.9500,7984.823
1775232900000,72.9600,72.9600,72.9400,72.9500,4783.636
1775233800000,72.9500,72.9500,72.9400,72.9400,1466.249
1775234700000,72.9500,72.9500,72.9400,72.9500,1703.095
1775235600000,72.9500,72.9600,72.9400,72.9600,2586.979
1775236500000,72.9600,72.9600,72.9500,72.9600,919.216
1775237400000,72.9600,72.9600,72.9400,72.9400,6610.262
1775238300000,72.9500,72.9600,72.9400,72.9500,2321.587
1775239200000,72.9500,72.9600,72.9400,72.9500,1304.201
1775240100000,72.9600,72.9600,72.9400,72.9600,5072.290
1775241000000,72.9600,72.9600,72.9400,72.9400,15010.578
1775241900000,72.9500,72.9600,72.9400,72.9500,3366.246
1775242800000,72.9600,72.9600,72.9400,72.9600,2294.659
1775243700000,72.9600,72.9600,72.9500,72.9600,1610.372
1775244600000,72.9600,72.9600,72.9500,72.9600,1366.086
1775245500000,72.9600,72.9600,72.9500,72.9600,2718.886
1775246400000,72.9600,72.9600,72.9400,72.9500,8304.711
1775247300000,72.9600,72.9600,72.9400,72.9400,16367.789
1775248200000,72.9500,72.9600,72.9400,72.9500,5084.687
1775249100000,72.9500,72.9600,72.9300,72.9500,9782.866
1775250000000,72.9400,72.9500,72.9400,72.9500,1874.379
1775250900000,72.9500,72.9600,72.9400,72.9500,2384.804
1775251800000,72.9600,72.9700,72.9500,72.9600,5304.796
1775252700000,72.9600,72.9700,72.9600,72.9700,1567.808
1775253600000,72.9700,72.9700,72.9400,72.9400,3001.209
1775254500000,72.9400,72.9500,72.9400,72.9500,440.459
1775255400000,72.9500,72.9600,72.9400,72.9600,4032.063
1775256300000,72.9600,72.9600,72.9500,72.9600,574.012
1775257200000,72.9600,72.9600,72.9500,72.9500,748.059
1775258100000,72.9600,72.9600,72.9500,72.9500,2913.750
1775259000000,72.9600,72.9700,72.9500,72.9600,2433.600
1775259900000,72.9700,72.9700,72.9600,72.9600,3290.077
1775260800000,72.9700,72.9700,72.9400,72.9400,4735.941
1775261700000,72.9500,72.9600,72.9400,72.9600,1146.329
1775262600000,72.9600,72.9600,72.9500,72.9600,934.114
1775263500000,72.9600,72.9700,72.9500,72.9500,4501.101
1775264400000,72.9600,72.9700,72.9500,72.9600,687.609
1775265300000,72.9600,72.9700,72.9600,72.9700,706.850
1775266200000,72.9600,72.9700,72.9600,72.9700,1509.996
1775267100000,72.9700,72.9700,72.9600,72.9700,98.370
1775268000000,72.9700,72.9700,72.9600,72.9700,1893.180
1775268900000,72.9600,72.9700,72.9600,72.9600,886.544
1775269800000,72.9700,72.9700,72.9600,72.9600,1133.181
1775270700000,72.9600,72.9700,72.9600,72.9700,1375.189
1775271600000,72.9700,72.9700,72.9500,72.9500,7455.200
1775272500000,72.9500,72.9600,72.9500,72.9500,1427.331
1775273400000,72.9500,72.9700,72.9500,72.9700,4096.828
1775274300000,72.9600,72.9700,72.9600,72.9600,748.764
1775275200000,72.9700,72.9700,72.9600,72.9600,1315.258
1775276100000,72.9700,72.9800,72.9600,72.9700,4852.138
1775277000000,72.9700,72.9800,72.9700,72.9800,2775.713
1775277900000,72.9800,72.9800,72.9700,72.9800,2157.875
1775278800000,72.9800,72.9800,72.9700,72.9800,2368.608
1775279700000,72.9700,72.9800,72.9700,72.9800,994.778
1775280600000,72.9800,72.9800,72.9700,72.9700,2088.983
1775281500000,72.9800,72.9800,72.9700,72.9800,1768.189
1775282400000,72.9800,72.9800,72.9700,72.9800,1656.407
1775283300000,72.9800,72.9800,72.9700,72.9800,13596.255
1775284200000,72.9800,72.9800,72.9700,72.9800,1861.768
1775285100000,72.9800,72.9800,72.9700,72.9800,5618.973
1775286000000,72.9800,72.9800,72.9700,72.9800,6261.640
1775286900000,72.9700,72.9800,72.9700,72.9800,5853.003
1775287800000,72.9700,72.9900,72.9700,72.9900,5836.370
1775288700000,72.9900,72.9900,72.9800,72.9900,5163.558
1775289600000,72.9800,72.9900,72.9600,72.9700,14152.457
1775290500000,72.9700,72.9800,72.9500,72.9600,5558.607
1775291400000,72.9600,72.9700,72.9500,72.9600,2270.910
1775292300000,72.9600,72.9700,72.9600,72.9700,2227.797
1775293200000,72.9700,72.9800,72.9600,72.9800,1821.999
1775294100000,72.9700,72.9800,72.9700,72.9800,1810.545
1775295000000,72.9700,72.9800,72.9700,72.9800,1543.216
1775295900000,72.9700,72.9800,72.9700,72.9800,1097.678
1775296800000,72.9800,72.9800,72.9700,72.9800,2552.529
1775297700000,72.9700,72.9800,72.9700,72.9800,1276.478
1775298600000,72.9700,72.9800,72.9700,72.9800,1835.237
1775299500000,72.9700,72.9800,72.9700,72.9800,1455.424
1775300400000,72.9800,72.9800,72.9700,72.9700,1150.755
1775301300000,72.9700,72.9800,72.9700,72.9800,2138.582
1775302200000,72.9700,72.9800,72.9700,72.9800,1654.063
1775303100000,72.9700,72.9900,72.9700,72.9800,1055.898
1775304000000,72.9700,72.9800,72.9700,72.9800,3601.527
1775304900000,72.9700,72.9800,72.9700,72.9700,918.764
1775305800000,72.9800,72.9800,72.9700,72.9800,2993.561
1775306700000,72.9700,72.9800,72.9700,72.9800,1963.670
1775307600000,72.9700,72.9800,72.9700,72.9800,1427.841
1775308500000,72.9700,72.9800,72.9700,72.9700,1089.527
1775309400000,72.9700,72.9800,72.9700,72.9700,1378.191
1775310300000,72.9700,72.9800,72.9700,72.9800,706.091
1775311200000,72.9800,72.9800,72.9700,72.9700,2089.107
1775312100000,72.9700,72.9800,72.9600,72.9700,6181.253
1775313000000,72.9700,72.9700,72.9300,72.9400,17557.319
1775313900000,72.9300,72.9600,72.9300,72.9600,2293.812
1775314800000,72.9600,72.9700,72.9500,72.9600,3353.195
1775315700000,72.9500,72.9600,72.9500,72.9600,4832.499
1775316600000,72.9500,72.9600,72.9500,72.9600,5729.004
1775317500000,72.9500,72.9600,72.9500,72.9600,1854.444
1775318400000,72.9600,72.9700,72.9500,72.9700,4118.500
1775319300000,72.9700,72.9700,72.9600,72.9700,584.314
1775320200000,72.9600,72.9800,72.9600,72.9700,6945.756
1775321100000,72.9700,72.9700,72.9600,72.9600,1383.816
1775322000000,72.9700,72.9700,72.9500,72.9600,3740.085
1775322900000,72.9700,72.9700,72.9500,72.9600,1984.607
1775323800000,72.9600,72.9600,72.9500,72.9500,492.782
1775324700000,72.9600,72.9700,72.9500,72.9600,887.955
1775325600000,72.9700,72.9700,72.9600,72.9700,317.613
1775326500000,72.9700,72.9700,72.9600,72.9700,330.813
1775327400000,72.9600,72.9700,72.9600,72.9700,792.522
1775328300000,72.9700,72.9700,72.9600,72.9700,143.721
1775329200000,72.9700,72.9800,72.9600,72.9700,3307.357
1775330100000,72.9800,72.9800,72.9600,72.9600,4294.538
1775331000000,72.9700,72.9700,72.9600,72.9700,486.164
1775331900000,72.9700,72.9700,72.9600,72.9600,3906.261
1775332800000,72.9700,72.9700,72.9500,72.9500,1388.702
1775333700000,72.9600,72.9700,72.9500,72.9700,1828.657
1775334600000,72.9600,72.9700,72.9500,72.9700,1294.090
1775335500000,72.9700,72.9700,72.9600,72.9600,2205.395
1775336400000,72.9700,72.9700,72.9500,72.9600,1480.628
1775337300000,72.9600,72.9600,72.9500,72.9500,457.241
1775338200000,72.9600,72.9700,72.9500,72.9700,8223.732
1775339100000,72.9700,72.9700,72.9600,72.9600,3224.265
1775340000000,72.9600,72.9600,72.9500,72.9500,1647.039
1775340900000,72.9600,72.9600,72.9500,72.9600,297.342
1775341800000,72.9600,72.9600,72.9500,72.9600,1187.428
1775342700000,72.9500,72.9600,72.9500,72.9500,323.314
1775343600000,72.9600,72.9600,72.9500,72.9600,1678.176
1775344500000,72.9600,72.9600,72.9500,72.9600,736.485
1775345400000,72.9600,72.9600,72.9500,72.9600,1734.188
1775346300000,72.9500,72.9600,72.9400,72.9500,3852.442
1775347200000,72.9600,72.9600,72.9500,72.9500,549.493
1775348100000,72.9600,72.9600,72.9400,72.9500,3632.833
1775349000000,72.9500,72.9500,72.9300,72.9400,9133.368
1775349900000,72.9400,72.9400,72.9300,72.9400,1657.189
1775350800000,72.9400,72.9400,72.9300,72.9300,4002.230
1775351700000,72.9300,72.9400,72.9200,72.9400,2293.263
1775352600000,72.9400,72.9400,72.9300,72.9400,655.558
1775353500000,72.9300,72.9400,72.9300,72.9400,1267.515
1775354400000,72.9300,72.9400,72.9300,72.9400,3610.614
1775355300000,72.9400,72.9400,72.9300,72.9400,3204.765
1775356200000,72.9400,72.9400,72.9300,72.9300,2496.400
1775357100000,72.9400,72.9400,72.9300,72.9400,429.452
1775358000000,72.9400,72.9400,72.9200,72.9400,9832.288
1775358900000,72.9400,72.9400,72.9200,72.9300,2759.146
1775359800000,72.9300,72.9300,72.9200,72.9200,3135.220
1775360700000,72.9300,72.9400,72.9300,72.9300,12893.668
1775361600000,72.9400,72.9400,72.9200,72.9200,2013.654
1775362500000,72.9300,72.9300,72.9200,72.9200,2598.400
1775363400000,72.9300,72.9300,72.9200,72.9300,1289.970
1775364300000,72.9300,72.9300,72.9100,72.9200,1894.905
1775365200000,72.9200,72.9200,72.9100,72.9100,802.744
1775366100000,72.9200,72.9300,72.9100,72.9300,2549.205
1775367000000,72.9300,72.9300,72.9200,72.9300,283.342
1775367900000,72.9300,72.9300,72.9200,72.9200,943.469
1775368800000,72.9200,72.9300,72.9200,72.9200,1518.823
1775369700000,72.9300,72.9300,72.9200,72.9300,2195.195
1775370600000,72.9300,72.9300,72.9200,72.9200,4489.506
1775371500000,72.9300,72.9300,72.9200,72.9200,1447.994
1775372400000,72.9300,72.9300,72.9200,72.9200,1703.361
1775373300000,72.9300,72.9300,72.9200,72.9300,1530.262
1775374200000,72.9300,72.9300,72.9200,72.9200,3060.714
1775375100000,72.9300,72.9300,72.9200,72.9200,1194.412
1775376000000,72.9200,72.9300,72.9100,72.9100,1699.794
1775376900000,72.9200,72.9200,72.9100,72.9200,2006.020
1775377800000,72.9200,72.9200,72.9100,72.9100,1440.490
1775378700000,72.9200,72.9200,72.9100,72.9200,4627.835
1775379600000,72.9200,72.9200,72.9100,72.9100,1399.177
1775380500000,72.9200,72.9200,72.9100,72.9200,1468.496
1775381400000,72.9200,72.9200,72.8700,72.8800,10107.500
1775382300000,72.8800,72.8800,72.8200,72.8500,11245.759
1775383200000,72.8500,72.8500,72.8400,72.8500,3009.465
1775384100000,72.8500,72.8500,72.8100,72.8300,7551.249
1775385000000,72.8200,72.8300,72.7600,72.8000,15840.252
1775385900000,72.8000,72.8100,72.7900,72.7900,3290.491
1775386800000,72.8000,72.8100,72.7900,72.8100,4883.993
1775387700000,72.8100,72.8200,72.7900,72.8000,3178.704
1775388600000,72.8100,72.8100,72.7900,72.7900,12545.441
1775389500000,72.7900,72.8400,72.7400,72.8300,34462.602
1775390400000,72.8300,72.8300,72.6200,72.6300,56790.382
1775391300000,72.6200,72.6300,72.4700,72.5200,26467.273
1775392200000,72.5200,72.6200,72.5200,72.5700,24291.366
1775393100000,72.5800,72.6100,72.5400,72.5700,9941.599
1775394000000,72.5700,72.6000,72.5700,72.5900,14266.922
1775394900000,72.5900,72.7200,72.5800,72.7200,28248.731
1775395800000,72.7200,72.7600,72.7100,72.7300,12224.430
1775396700000,72.7400,72.7500,72.7200,72.7500,7219.141
1775397600000,72.7500,72.8400,72.7400,72.8000,27217.210
1775398500000,72.8000,72.8900,72.7700,72.8800,23084.267
1775399400000,72.8800,72.9500,72.8700,72.9300,45685.816
1775400300000,72.9300,72.9700,72.9200,72.9300,18458.666
1775401200000,72.9400,72.9500,72.9200,72.9300,15851.818
1775402100000,72.9400,72.9800,72.9300,72.9800,66061.562
1775403000000,72.9700,72.9900,72.9200,72.9400,21786.708
1775403900000,72.9400,72.9400,72.8800,72.9100,16011.943
1775404800000,72.9100,72.9200,72.7600,72.7900,22872.955
1775405700000,72.7900,72.7900,72.7200,72.7800,20320.901
1775406600000,72.7800,72.8000,72.7600,72.7900,14349.306
1775407500000,72.7900,72.8100,72.7700,72.7800,9306.026
1775408400000,72.7700,72.7900,72.7200,72.7500,16946.328
1775409300000,72.7400,72.7500,72.7000,72.7000,7084.161
1775410200000,72.7000,72.7300,72.6700,72.7200,8506.549
1775411100000,72.7200,72.7400,72.7000,72.7100,4264.377
1775412000000,72.7100,72.7900,72.7000,72.7200,17867.257
1775412900000,72.7300,72.8100,72.7100,72.7800,15174.996
1775413800000,72.7800,72.7800,72.6100,72.6600,22479.178
1775414700000,72.6600,72.6600,72.5700,72.6000,7554.566
1775415600000,72.6100,72.6600,72.6000,72.6200,11166.131
1775416500000,72.6200,72.6700,72.6200,72.6700,4330.252
1775417400000,72.6700,72.7300,72.6000,72.7300,27357.799
1775418300000,72.7300,72.7600,72.6700,72.6800,32590.621
1775419200000,72.6800,72.6800,72.3500,72.3600,42916.716
1775420100000,72.3700,72.3700,72.0100,72.1000,100097.808
1775421000000,72.1000,72.3600,72.0900,72.3500,35354.059
1775421900000,72.3500,72.4000,72.3400,72.3900,12926.241
1775422800000,72.3800,72.4400,72.3000,72.3500,20099.647
1775423700000,72.3600,72.3700,72.3300,72.3300,4713.173
1775424600000,72.3400,72.3500,72.1400,72.1700,28328.032
1775425500000,72.1700,72.4800,71.9500,72.4000,85227.724
1775426400000,72.4000,72.7200,71.2600,71.9400,1129072.700
1775427300000,71.9500,72.0800,71.7700,71.8900,209808.153
1775428200000,71.8900,72.1500,71.8200,72.0600,104159.997
1775429100000,72.0500,72.2900,71.7600,72.1600,375974.747
1775430000000,72.1600,72.3400,72.0100,72.1600,191181.024
1775430900000,72.1500,72.2400,71.7700,71.7800,153729.093
1775431800000,71.7900,72.0000,71.6200,71.7400,336934.122
1775432700000,71.7500,71.9400,71.7400,71.7900,155139.717
1775433600000,71.8000,72.6200,71.7100,72.5300,505974.728
1775434500000,72.5300,72.6100,71.9100,71.9700,441560.193
1775435400000,71.9600,72.5400,71.9600,72.4100,221180.184
1775436300000,72.4100,72.4900,72.2000,72.3600,123422.976
1775437200000,72.3600,72.5800,72.3600,72.4700,227766.630
1775438100000,72.4800,72.4900,72.1000,72.4000,145064.347
1775439000000,72.3900,72.3900,72.0900,72.2500,124042.975
1775439900000,72.2400,72.2600,71.9200,72.0300,120368.619
1775440800000,72.0300,72.2800,71.8300,72.1700,234190.026
1775441700000,72.1600,73.2500,72.1500,72.8400,565533.068
1775442600000,72.8400,72.9700,72.4900,72.6600,245941.230
1775443500000,72.6600,72.7300,72.4000,72.4100,170522.555
1775444400000,72.4100,72.4100,72.0200,72.0800,236432.752
1775445300000,72.0900,72.1900,71.8400,72.0200,305365.337
1775446200000,72.0300,72.0400,71.8100,72.0100,118702.210
1775447100000,72.0000,72.0900,71.9400,72.0700,71595.393
1775448000000,72.0600,72.3300,72.0600,72.1300,76887.106
1775448900000,72.1300,72.2200,72.0700,72.2000,65253.620
1775449800000,72.1900,72.3300,72.1200,72.2700,50316.985
1775450700000,72.2800,72.5000,72.2100,72.5000,54901.482
1775451600000,72.5000,72.8000,72.4900,72.7200,91807.109
1775452500000,72.7100,72.8200,72.5300,72.5400,131401.739
1775453400000,72.5500,72.6100,72.3800,72.3900,81626.705
1775454300000,72.3900,72.5400,72.2400,72.2700,88052.831
1775455200000,72.2700,72.4400,71.9800,72.4300,149168.607
1775456100000,72.4200,72.4500,72.2300,72.2800,59301.152
1775457000000,72.2800,72.3800,72.2000,72.3400,42070.476
1775457900000,72.3300,72.5900,72.2300,72.5700,147681.392
1775458800000,72.5700,72.5900,72.0900,72.1600,91231.499
1775459700000,72.1700,72.3000,71.8100,71.9200,208228.929
1775460600000,71.9200,72.3300,71.8800,72.3100,127399.772
1775461500000,72.3100,72.6700,72.3100,72.5400,166356.839
1775462400000,72.5400,72.8100,72.5000,72.6900,156544.818
1775463300000,72.6900,72.9800,72.6300,72.8600,135094.001
1775464200000,72.8600,73.1200,72.8200,73.0800,148837.336
1775465100000,73.0800,73.2200,73.0700,73.1900,133094.907
1775466000000,73.1900,73.4700,73.1900,73.4600,251143.268
1775466900000,73.4600,73.6300,73.3800,73.5300,362271.379
1775467800000,73.5400,73.5900,73.4500,73.5600,126292.414
1775468700000,73.5600,73.5800,73.0400,73.1000,335503.608
1775469600000,73.1100,73.2900,73.0400,73.1200,144101.785
1775470500000,73.1200,73.2200,73.0200,73.1100,85974.453
1775471400000,73.1100,73.3500,73.0800,73.2800,83519.761
1775472300000,73.2800,73.4000,72.9800,73.3000,311970.248
1775473200000,73.3000,73.6000,73.2700,73.2900,128909.648
1775474100000,73.2800,73.3800,73.1700,73.3300,115276.179
1775475000000,73.3200,73.4900,73.2600,73.3500,119604.766
1775475900000,73.3400,73.4600,73.2600,73.3300,101402.218
1775476800000,73.3300,73.6100,73.2100,73.2500,160728.247
1775477700000,73.2400,73.2700,72.8700,73.0900,223198.064
1775478600000,73.0900,73.5100,73.0600,73.3900,139872.255
1775479500000,73.4000,73.4700,73.0800,73.1300,127962.729
1775480400000,73.1400,73.2300,72.8700,72.9100,209368.352
1775481300000,72.9100,72.9900,72.5700,72.7900,242438.991
1775482200000,72.7900,73.0600,72.4800,72.5000,535221.872
1775483100000,72.5100,72.8700,72.3100,72.7700,331905.757
1775484000000,72.7600,73.1200,72.2300,72.6400,442469.417
1775484900000,72.6400,72.9600,72.5100,72.9300,264483.676
1775485800000,72.9300,73.0400,72.5400,72.8100,443227.162
1775486700000,72.8100,72.9600,72.6200,72.8200,219150.717
1775487600000,72.8300,72.8700,72.2700,72.3800,296403.603
1775488500000,72.3800,72.4400,72.1000,72.4200,250796.795
1775489400000,72.4100,72.6500,72.1900,72.3100,213088.638
1775490300000,72.3100,72.6900,72.2700,72.6500,112762.904
1775491200000,72.6600,72.7900,72.5900,72.7600,104684.059
1775492100000,72.7600,72.8000,72.6500,72.7200,117640.932
1775493000000,72.7300,72.8500,72.6500,72.7100,92426.915
1775493900000,72.7100,72.8200,72.5900,72.6200,87909.172
1775494800000,72.6200,72.7000,72.2600,72.4700,220371.567
1775495700000,72.4700,72.9700,72.1900,72.8500,327229.133
1775496600000,72.8600,73.0600,72.7600,72.8800,146689.263
1775497500000,72.8800,72.8800,72.7000,72.7000,85479.189
1775498400000,72.7100,73.1500,72.5900,72.9200,151325.709
1775499300000,72.9300,73.1700,72.9100,73.0600,104189.237
1775500200000,73.0600,73.1800,72.8200,72.9000,94403.489
1775501100000,72.8900,73.2200,72.8900,73.2000,65270.855
1775502000000,73.1900,73.2400,72.9800,73.0300,77926.039
1775502900000,73.0300,73.0600,72.9300,73.0000,50614.744
1775503800000,73.0000,73.1100,72.9400,73.0600,55017.227
1775504700000,73.0600,73.1700,73.0200,73.0600,46740.022
1775505600000,73.0600,73.1000,72.9300,73.0500,31463.372
1775506500000,73.0500,73.0900,73.0200,73.0400,18234.283
1775507400000,73.0400,73.0800,72.8600,72.9700,26064.050
1775508300000,72.9700,73.0000,72.8100,72.8300,42498.342
1775509200000,72.8300,72.8900,72.8100,72.8900,9050.675
1775510100000,72.8900,72.8900,72.8600,72.8600,5299.938
1775511000000,72.8600,72.8700,72.7500,72.8200,20529.141
1775511900000,72.8300,72.8800,72.7400,72.8700,18240.636
1775512800000,72.8800,73.3000,72.8300,73.1700,385316.751
1775513700000,73.1600,73.2700,73.0200,73.1500,105353.004
1775514600000,73.1600,73.2100,73.0500,73.0500,34143.040
1775515500000,73.0500,73.1100,72.9500,72.9900,42748.191
1775516400000,73.0000,73.1300,72.9700,73.1000,84486.273
1775517300000,73.1000,73.1100,72.8800,72.8800,55950.098
1775518200000,72.8800,72.9400,72.7200,72.7700,117556.219
1775519100000,72.7800,72.9400,72.7700,72.8900,67484.837
1775520000000,72.8800,73.0600,72.6600,73.0000,181283.254
1775520900000,73.0000,73.1200,72.8900,73.0900,134758.001
1775521800000,73.0900,73.1200,72.9600,72.9800,60005.625
1775522700000,72.9900,73.0300,72.5700,72.5800,120901.992
1775523600000,72.5700,73.1700,71.5700,72.3400,1234290.927
1775524500000,72.3300,72.9800,72.3000,72.9200,306461.725
1775525400000,72.9200,73.1400,72.3900,72.7100,339098.544
1775526300000,72.7200,72.9000,71.9300,72.1600,422876.329
1775527200000,72.1600,72.2500,71.8800,71.9800,288778.288
1775528100000,71.9900,72.2600,71.9200,72.2500,135124.999
1775529000000,72.2500,72.6100,72.1800,72.5200,177914.670
1775529900000,72.5200,72.7300,72.5000,72.6500,100120.252
1775530800000,72.6500,72.8000,72.3800,72.4800,133267.788
1775531700000,72.4800,72.5600,72.2100,72.3000,93789.763
1775532600000,72.3000,72.5300,72.2900,72.5300,61631.643
1775533500000,72.5300,72.7700,72.5200,72.7300,90614.552
1775534400000,72.7300,72.8300,72.5500,72.5800,122750.613
1775535300000,72.5900,72.7800,72.5800,72.7100,65184.638
1775536200000,72.7100,72.9300,72.7000,72.9200,85029.001
1775537100000,72.9200,73.3400,72.9100,73.1500,190157.375
1775538000000,73.1600,73.1800,72.8300,72.8600,90546.043
1775538900000,72.8600,72.9200,72.0400,72.1200,275069.491
1775539800000,72.1200,72.3700,71.8600,72.0000,436602.172
1775540700000,71.9900,72.4900,71.9800,72.3500,205536.001
1775541600000,72.3500,72.5400,72.2300,72.4400,134866.982
1775542500000,72.4300,72.5100,72.2700,72.4000,129063.156
1775543400000,72.4000,72.5500,72.2300,72.4700,95659.683
1775544300000,72.4800,72.5000,72.2900,72.3400,83284.231
1775545200000,72.3400,72.5900,72.3000,72.4700,114282.464
1775546100000,72.4700,72.4700,72.0600,72.0600,117344.728
1775547000000,72.0700,72.3000,71.9400,72.2900,106627.445
1775547900000,72.2900,72.3700,72.1600,72.3300,77034.324
1775548800000,72.3300,72.7800,72.3000,72.7300,299662.316
1775549700000,72.7400,73.0700,72.6500,72.7800,273965.922
1775550600000,72.7800,73.0000,72.7300,72.9700,149920.903
1775551500000,72.9700,73.0300,72.8400,72.9200,156029.713
1775552400000,72.9200,73.1100,72.9100,72.9600,175194.410
1775553300000,72.9500,73.2200,72.9000,73.1100,215448.610
1775554200000,73.1100,73.1200,72.6500,72.6700,155671.366
1775555100000,72.6700,72.8500,72.5000,72.7800,176626.463
1775556000000,72.7800,72.9000,72.3800,72.7900,348860.975
1775556900000,72.7800,72.8900,72.2600,72.4800,257581.794
1775557800000,72.4800,72.6000,72.1400,72.3300,194956.263
1775558700000,72.3300,72.3300,72.0200,72.1900,250796.371
1775559600000,72.1900,72.2800,71.7700,71.9600,263259.529
1775560500000,71.9600,72.2700,71.9000,72.0500,154223.905
1775561400000,72.0600,72.2900,72.0100,72.2500,131443.601
1775562300000,72.2500,72.2700,72.1300,72.2000,55203.886
1775563200000,72.2100,72.3900,72.0400,72.1000,204111.861
1775564100000,72.1000,72.4900,72.0100,72.4600,198779.779
1775565000000,72.4600,72.5100,72.1500,72.1600,139329.393
1775565900000,72.1600,72.2200,71.5400,71.9300,392463.095
1775566800000,71.9400,72.2800,71.8100,72.2100,303180.679
1775567700000,72.2000,72.3700,72.0200,72.1900,129721.131
1775568600000,72.2000,72.3300,71.2300,71.4200,514488.757
1775569500000,71.4300,71.6500,71.2800,71.2900,312943.117
1775570400000,71.2900,71.2900,70.1500,70.5000,743224.498
1775571300000,70.4900,71.0200,69.8300,70.8700,704348.143
1775572200000,70.8700,71.2700,70.7100,71.0200,344413.668
1775573100000,71.0200,71.3100,70.6000,70.6400,265577.687
1775574000000,70.6300,70.7900,70.4000,70.7200,266131.054
1775574900000,70.7200,71.3100,70.6700,71.3000,370478.721
1775575800000,71.2900,71.3600,71.0300,71.1200,166154.997
1775576700000,71.1200,71.5300,71.1100,71.4900,180135.087
1775577600000,71.5000,71.8500,71.4000,71.4700,268208.476
1775578500000,71.4800,71.7700,71.3800,71.6800,212346.783
1775579400000,71.6700,71.8100,71.5700,71.7500,153557.500
1775580300000,71.7500,71.8600,71.6200,71.6200,82513.345
1775581200000,71.6100,72.0600,71.5900,71.9100,220335.919
1775582100000,71.9100,71.9900,71.7100,71.9400,84491.433
1775583000000,71.9400,72.3900,71.9400,72.1000,248955.563
1775583900000,72.1000,72.2800,72.0900,72.1400,51693.525
1775584800000,72.1400,72.2500,72.0500,72.2000,83308.252
1775585700000,72.2000,72.2700,72.0100,72.0800,63365.620
1775586600000,72.0900,72.1900,71.9500,72.0200,84731.573
1775587500000,72.0100,72.0100,71.3700,71.4300,162756.764
1775588400000,71.4400,71.6900,71.3600,71.6800,175127.738
1775589300000,71.6700,72.5900,71.6400,72.2300,611067.684
1775590200000,72.2300,72.6200,72.1800,72.4500,233444.101
1775591100000,72.4400,73.1400,72.4100,72.8900,912271.395
1775592000000,72.9000,73.1600,72.7800,72.9500,196621.905
1775592900000,72.9500,73.1100,72.8600,73.0100,111992.319
1775593800000,73.0100,73.1000,72.8300,72.9900,131645.235
1775594700000,72.9800,73.1000,72.9500,73.0300,64236.235
1775595600000,73.0300,73.2000,72.9700,73.1500,91481.486
1775596500000,73.1500,73.1500,73.0300,73.0600,20786.549
1775597400000,73.0500,73.1900,73.0500,73.1400,26463.351
1775598300000,73.1400,73.2700,73.0700,73.2000,33144.750
1775599200000,73.2000,74.2600,73.1900,73.7400,680511.060
1775600100000,73.7400,73.9000,73.6300,73.8900,111604.603
1775601000000,73.8800,75.2000,73.4600,75.0500,1188838.419
1775601900000,75.0600,76.4000,74.7300,76.4000,847865.576
1775602800000,76.4000,76.8100,76.1800,76.6400,826849.020
1775603700000,76.6500,77.0600,76.4800,76.6300,448049.314
1775604600000,76.6200,76.6900,76.0600,76.1700,323163.206
1775605500000,76.1700,76.6200,76.1500,76.5900,271683.800
1775606400000,76.5900,77.2500,76.5000,76.5700,630772.571
1775607300000,76.5700,76.7600,76.1500,76.2800,222866.200
1775608200000,76.2800,76.5900,76.0400,76.4700,225811.094
1775609100000,76.4800,76.8700,76.3600,76.6600,219040.056
1775610000000,76.6500,77.0000,76.2100,76.3000,535629.331
1775610900000,76.3100,76.4600,76.0300,76.1200,185891.049
1775611800000,76.1200,76.3800,76.0200,76.2700,120389.371
1775612700000,76.2800,76.6800,76.2700,76.5600,94415.081
1775613600000,76.5600,76.7600,76.5000,76.5700,116413.784
1775614500000,76.5600,76.5800,76.4200,76.5500,59906.437
1775615400000,76.5500,76.6700,76.3700,76.4000,101872.501
1775616300000,76.4000,76.5200,76.2900,76.4000,68491.714
1775617200000,76.4100,76.4400,76.2800,76.2900,56975.427
1775618100000,76.2900,76.3300,76.2000,76.3000,71387.923
1775619000000,76.2900,76.3600,76.1100,76.2500,68359.467
1775619900000,76.2500,76.3900,76.2100,76.2800,64166.307
1775620800000,76.2900,76.4800,76.2900,76.4700,81168.906
1775621700000,76.4700,76.5900,76.3400,76.5800,77888.142
1775622600000,76.5800,76.6900,76.5400,76.6200,74013.195
1775623500000,76.6100,76.6900,76.5100,76.6500,85114.503
1775624400000,76.6400,76.7600,76.5500,76.7000,114986.309
1775625300000,76.7100,77.0300,76.6300,77.0200,115915.928
1775626200000,77.0200,77.0900,76.7800,76.9700,227168.896
1775627100000,76.9600,77.5300,76.9300,77.2700,279160.298
1775628000000,77.2700,77.5000,77.2200,77.3500,196546.133
1775628900000,77.3500,77.5500,77.2900,77.5000,199084.906
1775629800000,77.4900,77.5300,77.2900,77.5300,181873.434
1775630700000,77.5200,77.6300,77.1600,77.1900,274089.981
1775631600000,77.1800,77.2000,76.9500,77.0200,255541.353
1775632500000,77.0200,77.2100,76.9800,77.0400,117767.704
1775633400000,77.0400,77.1100,76.9500,77.0200,80894.215
1775634300000,77.0100,77.1200,76.9800,76.9900,64521.417
1775635200000,76.9900,77.0500,76.7500,76.9000,167434.573
1775636100000,76.8900,77.0300,76.6200,76.8100,135842.248
1775637000000,76.8100,76.9500,76.5700,76.6700,163340.002
1775637900000,76.6700,76.9200,76.6400,76.9200,137714.631
1775638800000,76.9200,77.1500,76.9200,77.1200,113748.594
1775639700000,77.1100,77.2200,76.9100,76.9300,94602.916
1775640600000,76.9400,77.0100,76.6700,76.7200,148213.598
1775641500000,76.7300,77.0300,76.6500,76.7200,189801.694
1775642400000,76.7200,77.0200,76.6900,76.8200,113214.152
1775643300000,76.8200,76.9200,76.6300,76.8900,136923.637
1775644200000,76.9000,77.0000,76.8200,76.9700,73626.901
1775645100000,76.9700,77.0000,76.8200,76.8300,69434.722
1775646000000,76.8200,77.0400,76.7300,76.9800,138623.742
1775646900000,76.9700,77.4200,76.8800,77.3700,239492.133
1775647800000,77.3800,77.4000,77.0200,77.2300,204850.587
1775648700000,77.2400,77.4700,77.2200,77.2900,142435.849
1775649600000,77.3000,77.5000,77.2800,77.4000,190796.097
1775650500000,77.3900,77.4100,76.4800,76.9900,839087.079
1775651400000,76.9800,77.4400,76.9700,77.3800,184787.141
1775652300000,77.3900,77.4900,77.2700,77.4700,167667.643
1775653200000,77.4600,77.6500,77.1100,77.1800,328610.836
1775654100000,77.1900,77.2500,76.9000,77.0000,255097.196
1775655000000,77.0100,77.2200,76.3000,76.3200,644066.893
1775655900000,76.3200,76.7800,76.3100,76.5000,420260.108
1775656800000,76.4900,76.6800,76.2400,76.3600,365839.775
1775657700000,76.3700,76.5700,75.7500,75.9200,535918.934
1775658600000,75.9200,76.0000,75.3100,75.5400,805811.900
1775659500000,75.5500,75.6500,74.7300,74.9000,721376.626
1775660400000,74.9100,75.2100,74.8400,75.0500,304252.126
1775661300000,75.0400,75.4500,75.0000,75.2800,247646.894
1775662200000,75.2800,75.5700,75.2700,75.4500,168591.406
1775663100000,75.4500,75.6700,75.4500,75.5300,137468.983
1775664000000,75.5400,75.7900,75.5400,75.5700,192710.316
1775664900000,75.5800,75.5900,75.2100,75.3400,253822.824
1775665800000,75.3500,75.6800,75.2900,75.6200,135105.894
1775666700000,75.6200,75.7200,75.5400,75.5500,122041.449
1775667600000,75.5600,75.5600,75.3900,75.5100,126080.402
1775668500000,75.5000,75.5700,75.2700,75.4900,239421.119
1775669400000,75.4800,75.5800,75.2000,75.3200,218407.606
1775670300000,75.3200,75.4100,75.1700,75.2000,124285.001
1775671200000,75.2100,75.4300,75.1200,75.3200,158873.527
1775672100000,75.3300,75.3500,74.3400,74.5300,932755.973
1775673000000,74.5400,74.6700,73.8000,73.8600,368682.907
1775673900000,73.8600,74.0500,73.6300,73.6800,302685.057
1775674800000,73.6700,74.2500,73.5300,74.2500,288178.389
1775675700000,74.2400,74.3400,74.0300,74.0500,128445.972
1775676600000,74.0500,74.4800,74.0400,74.4200,123832.444
1775677500000,74.4300,74.6100,74.4200,74.6100,93151.850
1775678400000,74.6000,74.6900,74.3800,74.4400,73082.535
1775679300000,74.4400,74.5000,74.2500,74.3000,89752.302
1775680200000,74.2900,74.3000,74.2000,74.2700,26535.210
1775681100000,74.2600,74.2900,74.1100,74.2000,46047.429
1775682000000,74.2000,74.2300,74.1000,74.1000,27513.898
1775682900000,74.1100,74.2100,74.0900,74.1500,22900.969
1775683800000,74.1600,74.1600,74.0000,74.0400,21868.201
1775684700000,74.0500,74.2100,74.0400,74.1200,19140.713
1775685600000,74.1200,74.2800,73.8100,73.8500,262205.809
1775686500000,73.8400,73.9400,73.6100,73.9000,221399.748
1775687400000,73.8900,74.0400,73.7500,73.8200,139952.861
1775688300000,73.8200,74.1600,73.7500,74.1500,119798.674
1775689200000,74.1500,74.1500,73.6500,73.7600,181278.613
1775690100000,73.7600,73.8700,73.6600,73.6700,80819.669
1775691000000,73.6800,73.8300,73.5500,73.7800,76346.082
1775691900000,73.7800,73.9700,73.6900,73.7800,76490.281
1775692800000,73.7900,73.7900,73.4300,73.6400,246604.328
1775693700000,73.6400,73.8700,73.5500,73.7600,120378.464
1775694600000,73.7500,74.0200,73.7300,74.0200,125435.667
1775695500000,74.0200,74.0500,73.5200,73.5700,86616.066
1775696400000,73.5600,73.9300,73.2600,73.5800,505590.037
1775697300000,73.5800,73.7300,72.9700,73.0000,351231.472
1775698200000,73.0000,73.5700,72.9600,73.4000,211191.478
1775699100000,73.4100,73.9200,73.3700,73.8700,140555.077
1775700000000,73.8700,74.0600,73.7400,73.9700,142315.539
1775700900000,73.9700,74.1500,73.9500,74.0400,93216.384
1775701800000,74.0500,74.4100,74.0200,74.3000,174813.022
1775702700000,74.2900,74.3100,73.8000,73.8200,185145.645
1775703600000,73.8200,74.0100,73.7100,73.7400,131051.319
1775704500000,73.7400,73.9300,73.7000,73.9300,74090.190
1775705400000,73.9200,73.9900,73.8700,73.9900,49683.641
1775706300000,74.0000,74.0800,73.8300,74.0400,100071.874
1775707200000,74.0400,74.2400,73.9900,74.2100,82174.766
1775708100000,74.2100,74.2500,74.0100,74.0200,50662.906
1775709000000,74.0200,74.2100,73.9400,74.1300,59352.056
1775709900000,74.1400,74.2300,74.0900,74.0900,35795.780
1775710800000,74.0900,74.2100,73.8900,73.9200,78697.279
1775711700000,73.9300,74.2000,73.9200,74.1800,102276.895
1775712600000,74.1900,74.1900,73.7700,74.1100,199033.515
1775713500000,74.1100,74.1200,73.7700,73.9800,133457.791
1775714400000,73.9700,74.1400,73.9300,74.0100,140216.589
1775715300000,74.0100,74.0300,73.8200,73.9700,84026.261
1775716200000,73.9800,74.0800,73.8500,73.8800,104340.420
1775717100000,73.8800,73.9900,73.7800,73.9800,131462.051
1775718000000,73.9900,74.2900,73.9500,74.1600,182473.478
1775718900000,74.1700,74.1700,73.7100,73.7300,194726.779
1775719800000,73.7400,74.1400,73.6600,73.8900,230476.805
1775720700000,73.8900,74.1100,73.7100,74.1000,146741.721
1775721600000,74.1100,74.1700,73.9500,73.9800,138689.499
1775722500000,73.9800,74.0900,73.8900,73.9800,65176.510
1775723400000,73.9800,74.1800,73.9600,74.1400,59071.068
1775724300000,74.1500,74.2200,74.0800,74.0900,100417.523
1775725200000,74.0800,74.1700,73.8600,74.1000,140332.011
1775726100000,74.1100,74.1900,74.0500,74.1200,68468.205
1775727000000,74.1100,74.1600,74.0400,74.0800,100562.167
1775727900000,74.0700,74.1300,73.9500,74.1100,70376.321
1775728800000,74.1200,74.1900,73.9900,74.0500,92849.699
1775729700000,74.0400,74.2400,73.9200,74.2300,152070.947
1775730600000,74.2400,74.2800,74.0800,74.1400,97490.706
1775731500000,74.1400,74.2400,74.0600,74.0600,78784.362
1775732400000,74.0600,74.2000,74.0500,74.1000,90775.062
1775733300000,74.0900,74.3200,74.0700,74.3100,128636.478
1775734200000,74.3100,74.3800,74.2400,74.3500,95345.502
1775735100000,74.3500,74.6500,74.3400,74.6200,140569.113
1775736000000,74.6200,74.7700,74.4400,74.4500,137562.056
1775736900000,74.4600,74.5000,74.2000,74.3100,112355.932
1775737800000,74.3200,74.4400,74.1600,74.3200,203756.117
1775738700000,74.3200,74.4500,74.1800,74.4300,81267.994
1775739600000,74.4400,74.7000,74.2400,74.4900,255255.216
1775740500000,74.4900,74.8300,74.4700,74.7300,121862.710
1775741400000,74.7400,75.3900,74.6700,75.3300,421841.353
1775742300000,75.3200,75.3900,74.9400,75.0500,258601.173
1775743200000,75.0600,75.3500,74.9500,75.1000,194589.232
1775744100000,75.1100,75.1500,74.7100,74.7800,212799.558
1775745000000,74.7800,74.8200,74.2700,74.4900,311537.378
1775745900000,74.4900,74.8700,74.4600,74.8700,167467.719
1775746800000,74.8700,74.9500,74.6600,74.9400,112986.140
1775747700000,74.9400,75.6600,74.9400,75.3400,407451.743
1775748600000,75.3400,75.9400,75.3100,75.7100,423357.553
1775749500000,75.7000,76.0300,75.6100,75.8500,301710.646
1775750400000,75.8500,76.2200,75.8400,75.9900,271011.123
1775751300000,75.9900,76.2900,75.9600,76.1600,203745.283
1775752200000,76.1700,76.2700,76.0100,76.0600,170270.786
1775753100000,76.0700,76.1200,75.8900,75.9800,206659.206
1775754000000,75.9800,76.3600,75.9800,76.3000,175365.509
1775754900000,76.3100,76.4600,76.2400,76.3700,316256.049
1775755800000,76.3800,76.6200,76.2200,76.4500,221280.110
1775756700000,76.4600,76.6700,76.4600,76.5300,89049.991
1775757600000,76.5200,76.5400,75.9400,76.0200,264892.747
1775758500000,76.0100,76.2000,75.8900,76.1300,153313.327
1775759400000,76.1200,76.1200,75.6500,75.6900,215783.568
1775760300000,75.7000,75.8600,75.6700,75.8000,152929.885
1775761200000,75.8000,76.0800,75.7100,76.0100,114260.947
1775762100000,76.0200,76.0400,75.7600,75.8000,133503.985
1775763000000,75.8000,75.9400,75.7700,75.8500,56667.974
1775763900000,75.8400,75.8800,75.5800,75.6300,128315.405
1775764800000,75.6300,75.7200,75.5800,75.6900,59877.903
1775765700000,75.7000,75.7800,75.6000,75.7400,61842.037
1775766600000,75.7500,75.7800,75.4600,75.5400,81166.896
1775767500000,75.5400,75.5600,75.3100,75.4300,57131.239
1775768400000,75.4300,75.5200,75.4100,75.4500,53924.233
1775769300000,75.4600,75.4600,75.3800,75.4300,13678.262
1775770200000,75.4400,75.5900,75.4300,75.5800,15239.590
1775771100000,75.5800,75.7300,75.5800,75.6400,29958.982
1775772000000,75.6400,75.7500,75.4100,75.4500,297807.122
1775772900000,75.4500,75.4800,75.3100,75.3300,136823.633
1775773800000,75.3400,75.4100,75.2500,75.2900,103201.839
1775774700000,75.2900,75.4300,75.2500,75.4300,79676.448
1775775600000,75.4300,75.4300,75.2600,75.3000,84610.314
1775776500000,75.3000,75.3400,75.2600,75.3200,41186.397
1775777400000,75.3200,75.4800,75.3200,75.4100,49400.175
1775778300000,75.4100,75.4900,75.3800,75.4400,60625.799
1775779200000,75.4400,75.4700,75.1000,75.1400,171014.638
1775780100000,75.1300,75.2600,74.9800,75.0700,98991.918
1775781000000,75.0800,75.3300,75.0800,75.1600,79697.553
1775781900000,75.1700,75.5200,75.0900,75.4800,61676.040
1775782800000,75.4800,75.7700,75.4600,75.6800,256371.584
1775783700000,75.6700,75.9600,75.5100,75.6000,172573.698
1775784600000,75.6000,75.9500,75.5700,75.8000,92396.274
1775785500000,75.8000,75.8900,75.4700,75.5500,126005.023
1775786400000,75.5500,75.5900,75.2900,75.3800,146679.170
1775787300000,75.3900,75.4300,75.1300,75.1900,106610.376
1775788200000,75.1900,75.4600,74.9300,75.4300,176163.515
1775789100000,75.4300,75.6400,75.3200,75.6100,100470.006
1775790000000,75.6100,75.8000,75.6000,75.7500,100281.007
1775790900000,75.7500,75.8400,75.6600,75.7100,71289.304
1775791800000,75.7200,75.9700,75.7200,75.8300,125118.798
1775792700000,75.8300,75.9300,75.8000,75.8900,52178.447
1775793600000,75.9000,75.9700,75.8200,75.8700,47631.394
1775794500000,75.8700,75.9700,75.8600,75.8800,43843.755
1775795400000,75.8800,75.9000,75.7700,75.8300,38895.592
1775796300000,75.8300,75.9300,75.7600,75.8000,48623.807
1775797200000,75.8000,76.0600,75.7900,75.9400,99422.816
1775798100000,75.9500,76.0900,75.8900,75.9400,64956.491
1775799000000,75.9300,76.2100,75.8900,76.0100,139739.135
1775799900000,76.0100,76.1100,75.9700,76.0300,67663.960
1775800800000,76.0200,76.0200,75.6500,75.6900,125170.693
1775801700000,75.6900,75.7400,75.4900,75.5100,132237.266
1775802600000,75.5100,75.7000,75.4200,75.5000,87502.513
1775803500000,75.5000,75.6100,75.3600,75.3900,82018.417
1775804400000,75.3800,75.5700,75.2700,75.4200,124009.711
1775805300000,75.4300,75.6400,75.3900,75.6000,64328.876
1775806200000,75.6100,75.7000,75.4400,75.5000,66916.415
1775807100000,75.5000,75.5100,75.3200,75.3800,80563.822
1775808000000,75.3800,75.4300,75.3100,75.3400,81159.494
1775808900000,75.3400,75.3700,75.2000,75.3400,90597.372
1775809800000,75.3400,75.4100,75.0700,75.0800,77843.570
1775810700000,75.0800,75.1300,74.8400,74.9400,189153.443
1775811600000,74.9400,75.2000,74.9400,75.2000,118382.548
1775812500000,75.2000,75.5700,75.1700,75.3200,289896.593
1775813400000,75.3200,75.3500,75.1900,75.2600,65637.876
1775814300000,75.2600,75.4700,75.2100,75.4600,55034.501
1775815200000,75.4600,75.4800,75.2200,75.2800,55628.245
1775816100000,75.2800,75.6300,75.2500,75.5700,115475.840
1775817000000,75.5800,75.6200,75.5000,75.5800,49525.221
1775817900000,75.5800,75.6800,75.5400,75.6200,86410.467
1775818800000,75.6200,75.6200,75.4700,75.5500,71459.455
1775819700000,75.5400,75.6400,75.4800,75.6200,50435.507
1775820600000,75.6200,75.7200,75.5400,75.6600,62735.165
1775821500000,75.6600,75.7000,75.6100,75.6800,93100.591
1775822400000,75.6900,75.8100,75.6000,75.8100,138084.505
1775823300000,75.8000,76.0000,75.7600,75.9900,146965.607
1775824200000,75.9900,76.1600,75.7700,75.8200,646465.388
1775825100000,75.8200,75.9200,75.5400,75.9200,208104.937
1775826000000,75.9200,76.2500,75.8300,76.1300,358842.465
1775826900000,76.1300,76.4800,76.0500,76.3600,287489.210
1775827800000,76.3700,76.4400,76.0300,76.1200,319537.678
1775828700000,76.1200,76.3700,76.0400,76.3500,193054.920
1775829600000,76.3600,76.5600,76.0500,76.4600,329103.427
1775830500000,76.4600,76.8800,76.4300,76.7700,371683.907
1775831400000,76.7700,76.8700,76.3500,76.4300,307524.056
1775832300000,76.4300,76.5300,76.2700,76.3400,242642.711
1775833200000,76.3500,76.6100,76.1500,76.5600,190724.511
1775834100000,76.5600,76.7200,76.4600,76.4600,153212.550
1775835000000,76.4700,76.5600,76.0100,76.1900,331977.492
1775835900000,76.1800,76.2700,75.8500,76.0100,294789.375
1775836800000,76.0100,76.2000,75.7500,76.1600,256915.380
1775837700000,76.1500,76.2200,75.9800,76.0700,153417.364
1775838600000,76.0700,76.2200,76.0100,76.0400,118300.749
1775839500000,76.0400,76.3000,76.0200,76.2700,91318.458
1775840400000,76.2800,76.3200,76.1200,76.2800,103237.391
1775841300000,76.2800,76.4500,76.2600,76.2900,220829.032
1775842200000,76.2900,76.4200,76.2400,76.3200,54276.803
1775843100000,76.3100,76.4000,76.2500,76.2900,77120.308
1775844000000,76.3000,76.3300,76.0600,76.3100,80734.286
1775844900000,76.3100,76.4900,76.3100,76.4400,75731.030
1775845800000,76.4400,76.5500,76.3900,76.4200,91469.540
1775846700000,76.4200,76.4300,76.2700,76.4200,128783.196
1775847600000,76.4100,76.4500,76.3500,76.4100,55471.890
1775848500000,76.4100,76.5100,76.3900,76.4400,52739.351
1775849400000,76.4400,76.4900,76.3700,76.4300,61621.988
1775850300000,76.4300,76.4500,76.3200,76.3900,92869.952
1775851200000,76.3800,76.4100,76.2500,76.3600,35075.190
1775852100000,76.3500,76.3500,76.0700,76.1200,53700.181
1775853000000,76.1200,76.2300,76.0600,76.2300,39776.697
1775853900000,76.2200,76.2800,75.9300,76.0100,157501.560
1775854800000,76.0000,76.0500,75.8800,75.9300,68994.870
1775855700000,75.9300,75.9500,75.9100,75.9500,23141.605
1775856600000,75.9500,75.9500,75.9200,75.9500,21222.796
1775857500000,75.9500,75.9500,75.8700,75.8900,10652.558
1775858400000,75.8900,75.9000,75.8700,75.9000,6776.807
1775859300000,75.9000,75.9200,75.9000,75.9200,4384.021
1775860200000,75.9200,75.9300,75.8800,75.9200,18657.131
1775861100000,75.9200,75.9300,75.9100,75.9300,3632.324
1775862000000,75.9200,75.9400,75.9200,75.9300,7352.946
1775862900000,75.9300,75.9500,75.9200,75.9500,19702.537
1775863800000,75.9400,75.9500,75.9300,75.9300,2282.482
1775864700000,75.9400,75.9400,75.9300,75.9400,1736.885
1775865600000,75.9300,75.9400,75.9100,75.9100,8226.113
1775866500000,75.9100,75.9300,75.9100,75.9300,1585.298
1775867400000,75.9200,75.9400,75.9200,75.9400,4751.633
1775868300000,75.9400,75.9400,75.9300,75.9400,2274.594
1775869200000,75.9300,75.9500,75.9200,75.9300,11553.763
1775870100000,75.9300,75.9400,75.9300,75.9400,2688.657
1775871000000,75.9300,75.9400,75.9300,75.9300,4152.726
1775871900000,75.9300,75.9400,75.9200,75.9300,2486.302
1775872800000,75.9300,75.9300,75.9200,75.9300,2607.361
1775873700000,75.9300,75.9300,75.9200,75.9300,2344.797
1775874600000,75.9300,75.9400,75.9200,75.9400,4232.467
1775875500000,75.9400,75.9400,75.9300,75.9400,1147.538
1775876400000,75.9400,75.9400,75.9300,75.9400,2368.656
1775877300000,75.9400,75.9400,75.9300,75.9400,585.858
1775878200000,75.9400,75.9400,75.9300,75.9400,5487.860
1775879100000,75.9400,75.9400,75.9300,75.9300,3392.669
1775880000000,75.9400,75.9400,75.9300,75.9400,740.087
1775880900000,75.9400,75.9400,75.9200,75.9300,4301.435
1775881800000,75.9300,75.9300,75.9200,75.9300,4086.776
1775882700000,75.9300,75.9300,75.9200,75.9300,1065.590
1775883600000,75.9300,75.9300,75.9200,75.9300,2413.829
1775884500000,75.9300,75.9300,75.9200,75.9200,142.538
1775885400000,75.9200,75.9300,75.9200,75.9200,4093.472
1775886300000,75.9300,75.9300,75.9200,75.9200,1315.935
1775887200000,75.9300,75.9300,75.9200,75.9300,2726.062
1775888100000,75.9300,75.9400,75.9200,75.9400,6701.294
1775889000000,75.9400,75.9400,75.9300,75.9300,788.710
1775889900000,75.9300,75.9400,75.9300,75.9300,4977.333
1775890800000,75.9400,75.9400,75.9300,75.9300,3015.802
1775891700000,75.9400,75.9400,75.9300,75.9300,1154.601
1775892600000,75.9400,75.9400,75.9200,75.9200,4332.683
1775893500000,75.9300,75.9300,75.9200,75.9300,2896.445
1775894400000,75.9200,75.9300,75.9200,75.9300,3244.712
1775895300000,75.9300,75.9300,75.9200,75.9200,2873.057
1775896200000,75.9300,75.9300,75.9200,75.9300,982.331
1775897100000,75.9300,75.9300,75.9200,75.9200,4696.886
1775898000000,75.9300,75.9300,75.9100,75.9200,3570.931
1775898900000,75.9200,75.9400,75.9100,75.9300,7308.625
1775899800000,75.9300,75.9400,75.9200,75.9300,3959.390
1775900700000,75.9300,75.9400,75.9300,75.9400,2289.627
1775901600000,75.9400,75.9400,75.9300,75.9400,3225.957
1775902500000,75.9400,75.9400,75.9300,75.9300,1181.260
1775903400000,75.9400,75.9400,75.9300,75.9400,2206.251
1775904300000,75.9400,75.9400,75.9300,75.9400,2321.076
1775905200000,75.9400,75.9400,75.9300,75.9300,1115.809
1775906100000,75.9300,75.9400,75.9300,75.9300,1324.589
1775907000000,75.9300,75.9400,75.9300,75.9400,866.106
1775907900000,75.9400,75.9400,75.9300,75.9300,186.250
1775908800000,75.9400,75.9400,75.9300,75.9300,1023.242
1775909700000,75.9400,75.9400,75.9300,75.9400,148.681
1775910600000,75.9300,75.9400,75.9300,75.9300,1526.114
1775911500000,75.9400,75.9400,75.9300,75.9300,445.735
1775912400000,75.9400,75.9400,75.9300,75.9400,2282.042
1775913300000,75.9300,75.9400,75.9300,75.9400,669.342
1775914200000,75.9400,75.9400,75.9300,75.9400,1784.723
1775915100000,75.9300,75.9400,75.9300,75.9400,926.048
1775916000000,75.9300,75.9400,75.9300,75.9400,1453.102
1775916900000,75.9300,75.9500,75.9300,75.9500,12750.082
1775917800000,75.9400,75.9500,75.9400,75.9500,2402.131
1775918700000,75.9400,75.9500,75.9400,75.9500,3404.721
1775919600000,75.9400,75.9500,75.9400,75.9400,1822.173
1775920500000,75.9400,75.9500,75.9300,75.9300,11888.042
1775921400000,75.9300,75.9400,75.9300,75.9400,7474.512
1775922300000,75.9300,75.9400,75.9300,75.9400,5643.612
1775923200000,75.9300,75.9400,75.9300,75.9400,722.950
1775924100000,75.9300,75.9400,75.9300,75.9300,2286.635
1775925000000,75.9300,75.9400,75.9200,75.9300,8266.923
1775925900000,75.9300,75.9300,75.9100,75.9200,6576.034
1775926800000,75.9200,75.9400,75.9200,75.9300,7168.654
1775927700000,75.9300,75.9400,75.9300,75.9300,545.372
1775928600000,75.9400,75.9400,75.9300,75.9400,2395.596
1775929500000,75.9400,75.9400,75.9200,75.9200,1844.423
1775930400000,75.9300,75.9300,75.9200,75.9200,1587.563
1775931300000,75.9200,75.9300,75.9200,75.9300,556.732
1775932200000,75.9200,75.9400,75.9200,75.9300,15038.832
1775933100000,75.9400,75.9400,75.9300,75.9400,4196.293
1775934000000,75.9300,75.9400,75.9200,75.9400,56988.504
1775934900000,75.9400,75.9400,75.9200,75.9400,6766.595
1775935800000,75.9300,75.9700,75.9300,75.9700,5838.685
1775936700000,75.9700,75.9800,75.9700,75.9800,2753.672
1775937600000,75.9800,75.9800,75.9200,75.9400,7651.470
1775938500000,75.9400,75.9500,75.9400,75.9400,108.964
1775939400000,75.9400,75.9500,75.9300,75.9300,3265.861
1775940300000,75.9300,75.9400,75.9300,75.9300,137.525
1775941200000,75.9400,75.9400,75.9300,75.9300,841.784
1775942100000,75.9300,75.9400,75.9300,75.9400,1805.452
1775943000000,75.9300,75.9500,75.9300,75.9400,6222.932
1775943900000,75.9500,75.9500,75.9300,75.9400,626.459
1775944800000,75.9400,75.9400,75.9300,75.9400,438.066
1775945700000,75.9300,75.9400,75.9300,75.9400,2686.637
1775946600000,75.9300,75.9400,75.9100,75.9400,2783.092
1775947500000,75.9300,75.9400,75.9300,75.9300,879.156
1775948400000,75.9300,75.9400,75.9100,75.9200,2811.279
1775949300000,75.9200,75.9300,75.9200,75.9200,3248.707
1775950200000,75.9200,75.9300,75.9200,75.9200,961.882
1775951100000,75.9200,75.9300,75.9200,75.9300,2037.238
1775952000000,75.9200,75.9300,75.9100,75.9300,1657.227
1775952900000,75.9300,75.9300,75.9200,75.9300,2684.184
1775953800000,75.9300,75.9400,75.9200,75.9300,2760.231
1775954700000,75.9200,75.9300,75.9200,75.9200,974.554
1775955600000,75.9300,75.9300,75.9200,75.9300,1218.825
1775956500000,75.9400,75.9400,75.9300,75.9300,901.703
1775957400000,75.9300,75.9400,75.7300,75.7700,85740.000
1775958300000,75.7700,75.8500,75.6900,75.7400,84651.184
1775959200000,75.7400,75.8200,75.7300,75.8000,62182.598
1775960100000,75.8000,75.8400,75.6100,75.6300,71152.936
1775961000000,75.6300,75.7800,75.6200,75.7100,41808.445
1775961900000,75.7200,75.8100,75.7100,75.7800,17168.544
1775962800000,75.7800,75.8300,75.7600,75.7600,14507.141
1775963700000,75.7600,75.7800,75.6000,75.7600,55722.449
1775964600000,75.7700,75.8400,75.7600,75.8000,27449.394
1775965500000,75.8100,75.8500,75.7900,75.8100,12147.824
1775966400000,75.8100,75.8100,75.7800,75.7900,5803.370
1775967300000,75.7800,75.8300,75.7800,75.7900,12440.464
1775968200000,75.8000,75.8000,75.7800,75.7900,2621.111
1775969100000,75.7900,75.7900,75.7600,75.7700,7896.162
1775970000000,75.7800,75.7800,75.7600,75.7700,4183.432
1775970900000,75.7700,75.7800,75.7500,75.7700,8144.974
1775971800000,75.7700,75.7900,75.7600,75.7800,8561.117
1775972700000,75.7800,75.7900,75.7600,75.7700,3701.957
1775973600000,75.7700,75.7800,75.7500,75.7700,9061.217
1775974500000,75.7700,75.7900,75.7600,75.7800,6228.998
1775975400000,75.7800,75.7900,75.7700,75.7800,4566.522
1775976300000,75.7800,75.7900,75.7600,75.7600,11476.194
1775977200000,75.7600,75.7700,75.7300,75.7300,13810.259
1775978100000,75.7400,75.7500,75.7300,75.7400,6671.590
1775979000000,75.7400,75.7800,75.7300,75.7800,16777.667
1775979900000,75.7800,75.8100,75.7800,75.8000,8050.443
1775980800000,75.7900,75.8000,75.7400,75.7900,10299.536
1775981700000,75.7900,75.7900,75.7800,75.7800,4372.626
1775982600000,75.7900,75.8000,75.7800,75.7900,4749.869
1775983500000,75.7900,75.7900,75.7700,75.7900,2029.582
1775984400000,75.7900,75.7900,75.7600,75.7800,5003.875
1775985300000,75.7800,75.7800,75.7700,75.7700,2397.403
1775986200000,75.7800,75.7800,75.7500,75.7600,7684.730
1775987100000,75.7600,75.7700,75.7500,75.7600,6661.674
1775988000000,75.7600,75.7600,75.7500,75.7600,1151.335
1775988900000,75.7600,75.7600,75.7500,75.7600,3787.255
1775989800000,75.7600,75.7600,75.7400,75.7500,3832.587
1775990700000,75.7600,75.7600,75.7400,75.7600,6723.607
1775991600000,75.7500,75.7600,75.7500,75.7600,4253.789
1775992500000,75.7600,75.7600,75.7400,75.7600,2970.322
1775993400000,75.7500,75.7600,75.7400,75.7500,10013.458
1775994300000,75.7500,75.7700,75.7500,75.7700,10694.345
1775995200000,75.7600,75.7700,75.7300,75.7400,19126.976
1775996100000,75.7400,75.7400,75.7300,75.7400,1598.234
1775997000000,75.7400,75.7400,75.7300,75.7300,5226.656
1775997900000,75.7300,75.7400,75.5700,75.5700,63896.413
1775998800000,75.5700,75.5800,75.3700,75.4200,110044.493
1775999700000,75.4200,75.4900,75.3100,75.3100,34002.176
1776000600000,75.3200,75.3400,75.1900,75.2700,39188.022
1776001500000,75.2700,75.3800,75.2300,75.2600,44717.592
1776002400000,75.2500,75.3700,75.2300,75.3300,29867.741
1776003300000,75.3300,75.5700,75.3200,75.5500,57754.412
1776004200000,75.5600,75.6200,75.4600,75.5700,35798.121
1776005100000,75.5800,75.5800,75.5500,75.5700,13200.964
1776006000000,75.5700,75.6000,75.4200,75.4300,39863.455
1776006900000,75.4300,75.4600,75.3600,75.3800,24532.739
1776007800000,75.3800,75.4800,75.3300,75.4500,24758.419
1776008700000,75.4500,75.5800,75.4400,75.5700,38086.602
1776009600000,75.5700,75.5700,75.3000,75.3500,49707.301
1776010500000,75.3500,75.4000,75.3300,75.3800,18917.692
1776011400000,75.3700,75.4100,75.3500,75.3900,9843.657
1776012300000,75.3900,75.4100,75.2900,75.3800,21839.330
1776013200000,75.3700,75.3900,75.3400,75.3500,9422.107
1776014100000,75.3500,75.3800,75.2800,75.3200,18923.624
1776015000000,75.3200,75.3400,75.3100,75.3300,4666.415
1776015900000,75.3300,75.3300,75.3100,75.3200,9360.594
1776016800000,75.3200,75.3700,75.3100,75.3500,15544.908
1776017700000,75.3500,75.3600,75.2900,75.2900,12301.952
1776018600000,75.3000,75.3100,75.2500,75.2700,5738.343
1776019500000,75.2600,75.2800,75.2200,75.2500,4581.598
1776020400000,75.2500,75.3200,75.2400,75.3200,8735.293
1776021300000,75.3100,75.3700,75.3000,75.3700,9455.073
1776022200000,75.3600,75.4300,75.3600,75.4000,15469.428
1776023100000,75.4000,75.4300,75.3700,75.3800,17669.222
1776024000000,75.3700,75.3700,74.9000,74.9400,94285.131
1776024900000,74.9400,75.0400,74.7500,74.9300,33906.797
1776025800000,74.9300,75.0000,74.9300,74.9800,17258.348
1776026700000,74.9700,74.9700,74.8300,74.8700,21838.012
1776027600000,74.8700,74.9000,74.8000,74.8100,14325.283
1776028500000,74.8200,74.9000,74.8000,74.8200,9083.155
1776029400000,74.8300,74.8800,74.7400,74.7500,16454.547
1776030300000,74.7500,74.8900,74.5600,74.6900,47494.667
1776031200000,74.7000,74.8600,73.3900,73.4900,1108220.580
1776032100000,73.4900,73.7800,72.8100,73.1200,545758.690
1776033000000,73.1300,73.5900,73.0600,73.5500,263675.910
1776033900000,73.5500,73.7400,73.5200,73.7000,113341.515
1776034800000,73.7100,73.7100,73.4900,73.5300,132604.988
1776035700000,73.5400,73.5600,73.0300,73.5200,157988.300
1776036600000,73.5200,73.6700,73.3800,73.5500,139510.688
1776037500000,73.5600,74.0700,73.5000,73.9400,190774.234
1776038400000,73.9300,74.0900,73.7700,74.0800,220354.430
1776039300000,74.0800,74.1200,73.8300,73.9000,146159.718
1776040200000,73.8900,74.0900,73.8400,73.9500,110685.986
1776041100000,73.9500,74.5900,73.9400,74.5400,192180.092
1776042000000,74.5400,74.8100,74.3800,74.5800,402191.760
1776042900000,74.5700,74.6100,74.3900,74.4900,171628.465
1776043800000,74.4800,74.6000,74.3200,74.3700,121983.709
1776044700000,74.3700,74.4900,74.2500,74.4100,114750.712
1776045600000,74.4100,74.5500,74.3100,74.3800,89090.031
1776046500000,74.3700,74.3900,74.2500,74.3100,53319.666
1776047400000,74.3100,74.5300,74.2800,74.3300,91111.618
1776048300000,74.3200,74.3900,74.0400,74.3600,107580.287
1776049200000,74.3600,74.4300,74.1500,74.1600,93693.064
1776050100000,74.1500,74.3700,74.1400,74.3200,39269.253
1776051000000,74.3100,74.5700,74.3100,74.5300,48927.241
1776051900000,74.5300,74.5300,74.3800,74.4500,46532.491
1776052800000,74.4600,74.4800,74.2300,74.3600,95338.558
1776053700000,74.3700,74.4300,74.2500,74.3200,64607.727
1776054600000,74.3300,74.4600,74.2300,74.4400,61234.773
1776055500000,74.4500,74.5300,74.3300,74.5100,59172.360
1776056400000,74.5000,74.5500,74.3600,74.3900,55162.032
1776057300000,74.3900,74.4700,74.3400,74.4100,26471.284
1776058200000,74.4200,74.5700,74.2600,74.4600,129813.608
1776059100000,74.4700,74.7000,74.4700,74.7000,99450.892
1776060000000,74.7000,74.7400,74.4100,74.4500,131423.514
1776060900000,74.4500,74.5700,74.4500,74.5700,41307.125
1776061800000,74.5700,74.5900,74.4000,74.4900,39326.376
1776062700000,74.4900,74.5400,74.4000,74.4600,42552.744
1776063600000,74.4700,74.7900,74.3700,74.4500,152132.411
1776064500000,74.4500,74.6400,74.4200,74.5800,73987.003
1776065400000,74.5800,74.6700,74.5200,74.6500,54678.930
1776066300000,74.6600,74.8300,74.6400,74.7400,150167.411
1776067200000,74.7400,74.9100,74.6700,74.6900,105719.173
1776068100000,74.6900,74.7200,74.6200,74.6600,68475.301
1776069000000,74.6600,74.7500,74.4000,74.4400,103804.939
1776069900000,74.4400,74.5700,74.3900,74.4300,59248.445
1776070800000,74.4300,74.5700,74.2700,74.3200,114527.522
1776071700000,74.3100,74.4200,74.2700,74.2700,62332.284
1776072600000,74.2800,74.4200,74.2600,74.3600,57665.233
1776073500000,74.3600,74.4500,74.2900,74.4000,49606.708
1776074400000,74.3900,74.4500,74.3100,74.4000,35616.260
1776075300000,74.4000,74.4000,74.1500,74.2500,90608.029
1776076200000,74.2500,74.3800,74.2100,74.3500,40502.520
1776077100000,74.3700,74.4300,74.3100,74.4200,48945.230
1776078000000,74.4300,74.5600,74.2000,74.2900,131421.985
1776078900000,74.2800,74.3000,74.1000,74.2000,75488.184
1776079800000,74.1900,74.2700,74.0400,74.1500,107819.798
1776080700000,74.1500,74.2200,74.0200,74.0700,124474.069
1776081600000,74.0700,74.3200,73.9800,74.2800,156807.469
1776082500000,74.2900,74.3400,73.8900,73.9400,87891.404
1776083400000,73.9400,74.0000,73.7000,73.7800,163780.225
1776084300000,73.7700,74.1100,73.7700,73.9500,117704.327
1776085200000,73.9500,74.1800,73.8100,74.0800,202281.947
1776086100000,74.0700,74.2700,74.0100,74.2600,91109.781
1776087000000,74.2600,74.3300,73.9500,74.0400,178853.936
1776087900000,74.0500,74.5100,73.6400,74.3100,422103.154
1776088800000,74.3100,74.3500,74.1200,74.3500,108360.648
1776089700000,74.3500,74.3500,73.9200,74.0700,184885.402
1776090600000,74.0800,74.3100,73.9600,74.3100,138450.057
1776091500000,74.3000,74.3300,73.8300,74.1500,165367.905
1776092400000,74.1500,74.1700,73.7800,73.9400,182866.224
1776093300000,73.9500,74.0700,73.8800,73.9000,80432.973
1776094200000,73.9000,74.2300,73.8600,74.1200,132498.687
1776095100000,74.1100,74.2000,74.0700,74.1500,46407.397
1776096000000,74.1600,74.4100,74.0600,74.2800,110672.073
1776096900000,74.2900,75.1900,74.2900,75.1200,297384.065
1776097800000,75.1200,75.9200,75.0800,75.7000,595504.742
1776098700000,75.7000,75.7200,75.2600,75.3800,240170.853
1776099600000,75.3800,75.5100,75.1900,75.4000,122475.141
1776100500000,75.4000,75.6700,75.3800,75.4600,160127.038
1776101400000,75.4500,75.5400,75.3600,75.4600,55981.072
1776102300000,75.4600,75.5100,75.2400,75.2400,58124.573
1776103200000,75.2400,75.3700,75.0600,75.1000,82524.469
1776104100000,75.0900,75.1600,74.9700,75.1000,105184.074
1776105000000,75.0900,75.3700,75.0700,75.3400,42170.324
1776105900000,75.3300,75.6300,75.3300,75.5600,83428.852
1776106800000,75.5500,75.5700,75.3700,75.4700,52168.820
1776107700000,75.4700,75.6400,75.4600,75.6000,53735.865
1776108600000,75.6000,75.7000,75.4900,75.5200,66997.573
1776109500000,75.5200,75.6700,75.4500,75.5300,179374.075
1776110400000,75.5200,75.6100,75.5000,75.5500,34589.589
1776111300000,75.5600,75.6100,75.4900,75.5100,30324.513
1776112200000,75.5000,75.5800,75.4400,75.5600,26913.699
1776113100000,75.5700,75.6400,75.5300,75.6000,46545.845
1776114000000,75.6000,75.6200,75.5600,75.5900,11658.683
1776114900000,75.5900,75.5900,75.5400,75.5600,10551.757
1776115800000,75.5500,75.5900,75.4700,75.5100,35364.240
1776116700000,75.5100,75.6000,75.5000,75.5900,5821.924
1776117600000,75.5800,75.8300,75.5800,75.7100,183213.416
1776118500000,75.7100,75.8300,75.6700,75.7200,117570.990
1776119400000,75.7200,75.7400,75.6400,75.7200,73213.408
1776120300000,75.7200,75.9000,75.6700,75.8900,85921.134
1776121200000,75.8900,76.0800,75.8500,75.9100,161502.491
1776122100000,75.9100,75.9400,75.7600,75.7800,73148.446
1776123000000,75.7800,75.8900,75.7100,75.8300,52668.083
1776123900000,75.8200,75.8800,75.7500,75.7700,61272.918
1776124800000,75.7700,75.7700,75.4400,75.6700,142889.494
1776125700000,75.6700,75.9900,75.6600,75.9200,161844.630
1776126600000,75.9200,76.1600,75.8800,75.9900,170458.788
1776127500000,75.9800,76.0200,75.8900,75.9900,86541.984
1776128400000,75.9900,76.3400,75.7900,76.3200,524925.244
1776129300000,76.3200,76.3400,76.0200,76.0700,160943.033
1776130200000,76.0600,76.1800,75.9300,76.1500,97732.530
1776131100000,76.1400,76.1600,75.7900,75.8500,122805.697
1776132000000,75.8500,76.0600,75.8200,76.0100,98718.025
1776132900000,76.0100,76.2600,76.0100,76.2400,78632.747
1776133800000,76.2400,76.5200,76.0600,76.5000,203609.651
1776134700000,76.4900,76.7800,76.4800,76.7100,148879.711
1776135600000,76.7200,76.7800,76.6000,76.7700,117076.514
1776136500000,76.7600,76.8100,76.6600,76.6900,90193.101
1776137400000,76.6800,76.8500,76.6400,76.7900,49658.821
1776138300000,76.7900,77.0500,76.7800,76.9300,84877.346
1776139200000,76.9300,76.9800,76.8300,76.8800,93449.054
1776140100000,76.8800,77.0500,76.8700,76.9900,58057.307
1776141000000,76.9900,77.0900,76.9200,77.0600,65599.853
1776141900000,77.0700,77.2200,77.0600,77.1800,91280.959
1776142800000,77.1800,77.1900,76.9300,77.0000,64483.921
1776143700000,77.0100,77.1700,76.9500,76.9900,58129.348
1776144600000,76.9800,77.0000,76.5400,76.7000,178844.728
1776145500000,76.6900,76.8200,76.6500,76.7100,42881.038
1776146400000,76.7000,76.9800,76.7000,76.9100,62132.182
1776147300000,76.9100,77.0000,76.8500,76.9200,63497.481
1776148200000,76.9200,76.9200,76.7800,76.9200,63575.582
1776149100000,76.9100,77.5400,76.9000,77.5400,213185.082
1776150000000,77.5500,78.0300,77.4600,77.7800,483944.976
1776150900000,77.7900,77.8400,77.4400,77.5300,159796.914
1776151800000,77.5300,77.6900,77.4600,77.6400,96244.980
1776152700000,77.6300,77.7900,77.6000,77.7400,118162.426
1776153600000,77.7300,77.7700,77.5900,77.6900,141612.622
1776154500000,77.6900,77.9200,77.6000,77.9000,81683.990
1776155400000,77.8900,78.0600,77.8100,77.9000,131962.732
1776156300000,77.8900,78.1100,77.8700,78.1000,72667.436
1776157200000,78.1100,78.1700,77.8900,77.9600,124995.932
1776158100000,77.9600,78.0100,77.8000,77.8000,60656.914
1776159000000,77.8000,77.8900,77.6500,77.8200,92563.820
1776159900000,77.8200,77.8700,77.7200,77.7800,40558.381
1776160800000,77.7800,77.8600,77.7000,77.8400,59327.748
1776161700000,77.8300,77.9500,77.7600,77.7900,60269.250
1776162600000,77.7800,77.8200,77.3600,77.6000,248886.364
1776163500000,77.6100,77.7500,77.5400,77.5400,56634.606
1776164400000,77.5400,77.5700,77.3600,77.5000,191128.341
1776165300000,77.5000,77.7000,77.4700,77.6200,70412.409
1776166200000,77.6300,77.6400,77.4300,77.5500,64585.850
1776167100000,77.5600,77.7600,77.4000,77.6000,188743.345
1776168000000,77.6100,77.8200,77.5100,77.5300,129820.096
1776168900000,77.5200,77.6000,77.2200,77.4400,137310.644
1776169800000,77.4400,77.7700,77.4400,77.5700,150248.131
1776170700000,77.5700,77.6500,77.3000,77.5500,98956.462
1776171600000,77.5500,77.8800,77.5100,77.8800,147699.411
1776172500000,77.8700,78.1500,77.7600,77.7700,238607.362
1776173400000,77.7800,78.4100,77.7100,78.0500,395207.312
1776174300000,78.0400,78.3800,77.9800,78.3300,201401.978
1776175200000,78.3200,78.9800,78.3200,78.8000,416116.674
1776176100000,78.8000,79.1300,78.7300,79.0900,250919.011
1776177000000,79.1000,79.3900,78.9600,78.9700,400172.337
1776177900000,78.9700,79.2400,78.9000,79.1000,142458.363
1776178800000,79.1000,79.1000,78.6000,78.6600,223261.198
1776179700000,78.6700,79.0400,78.6400,78.9500,174498.111
1776180600000,78.9500,79.3000,78.9500,79.2600,187689.709
1776181500000,79.2700,79.3000,79.1100,79.1300,132791.261
1776182400000,79.1300,79.5300,79.0700,79.3000,232474.253
1776183300000,79.3000,79.5500,79.2700,79.4900,172073.166
1776184200000,79.5000,79.5600,79.3000,79.4200,129216.993
1776185100000,79.4200,79.4900,79.0600,79.1000,154677.882
1776186000000,79.1000,79.3800,79.0600,79.2300,237276.748
1776186900000,79.2200,79.4900,79.1500,79.3700,166326.398
1776187800000,79.3800,79.6300,79.3800,79.5400,153050.217
1776188700000,79.5400,79.5900,79.3200,79.3600,57322.141
1776189600000,79.3600,79.3800,79.2000,79.2400,107999.946
1776190500000,79.2500,79.2900,78.9700,79.1900,154147.635
1776191400000,79.1900,79.3400,79.1100,79.1300,47457.970
1776192300000,79.1300,79.3000,79.0700,79.2800,52137.573
1776193200000,79.2700,79.4400,79.2700,79.2900,40524.180
1776194100000,79.2900,79.4200,79.2200,79.3500,79087.619
1776195000000,79.3500,79.5100,79.3200,79.5000,68400.127
1776195900000,79.5000,79.6200,79.4000,79.5700,79776.066
1776196800000,79.5700,79.6900,79.5700,79.6300,50648.132
1776197700000,79.6400,79.6900,79.5600,79.5800,19733.284
1776198600000,79.5800,79.6600,79.5700,79.6600,42506.309
1776199500000,79.6500,79.6800,79.4800,79.4900,34909.225
1776200400000,79.4900,79.6300,79.4700,79.6100,27702.683
1776201300000,79.6100,79.6600,79.5600,79.6100,16706.319
1776202200000,79.6000,79.6100,79.4100,79.4700,34012.332
1776203100000,79.4700,79.6500,79.4500,79.6100,10285.580
1776204000000,79.6000,79.7000,79.3500,79.5800,139009.415
1776204900000,79.5800,79.6500,79.4400,79.4500,67932.656
1776205800000,79.4400,79.5300,79.3900,79.4800,40037.327
1776206700000,79.4800,79.4800,79.3200,79.3500,45305.296
1776207600000,79.3600,79.5600,79.3300,79.4100,36658.616
1776208500000,79.4100,79.5300,79.3700,79.4800,43322.901
1776209400000,79.4800,79.8200,79.4400,79.7300,126542.472
1776210300000,79.7300,79.7800,79.4900,79.5200,85127.225
1776211200000,79.5200,79.5500,79.3300,79.4500,89756.156
1776212100000,79.4500,79.6300,79.3900,79.6100,80949.962
1776213000000,79.6100,79.6100,79.4400,79.5000,75118.574
1776213900000,79.5100,79.7400,79.5100,79.7100,56266.357
1776214800000,79.7200,80.1700,79.4200,80.1200,552016.367
1776215700000,80.1200,80.7600,80.0300,80.5400,439041.659
1776216600000,80.5400,80.5700,80.2100,80.3100,239869.545
1776217500000,80.3200,80.5800,80.2500,80.5300,170249.069
1776218400000,80.5200,81.0300,80.4400,80.7500,282734.938
1776219300000,80.7600,80.7700,80.3200,80.3900,133180.668
1776220200000,80.3900,80.4800,80.0100,80.3500,545573.419
1776221100000,80.3400,80.4300,79.8700,79.9600,302388.049
1776222000000,79.9600,80.2100,79.8000,80.1100,217440.425
1776222900000,80.1100,80.2100,79.9200,80.0400,106381.322
1776223800000,80.0400,80.2200,80.0400,80.1600,71628.474
1776224700000,80.1500,80.1800,79.8900,79.9100,60892.943
1776225600000,79.9100,80.0300,79.8300,80.0000,60132.674
1776226500000,79.9900,80.0200,79.8100,79.8900,61476.815
1776227400000,79.8800,79.9500,79.7500,79.7900,43213.383
1776228300000,79.7800,79.8800,79.7100,79.8500,38443.568
1776229200000,79.8500,79.9900,79.7400,79.9000,131391.764
1776230100000,79.9100,79.9800,79.7100,79.7400,102135.627
1776231000000,79.7400,79.7500,79.0600,79.2000,351061.585
1776231900000,79.2000,79.5000,79.1100,79.4500,234836.107
1776232800000,79.4600,79.6400,79.4500,79.5700,129787.459
1776233700000,79.5700,79.5800,79.2200,79.2700,92831.573
1776234600000,79.2600,79.4400,79.1900,79.4400,138574.762
1776235500000,79.4500,79.5900,79.1900,79.2300,115992.892
1776236400000,79.2300,79.3700,79.1100,79.3300,126890.339
1776237300000,79.3300,79.4900,79.1200,79.4000,157884.666
1776238200000,79.3900,79.5100,79.2400,79.3500,114880.248
1776239100000,79.3400,79.3400,79.1200,79.2600,107165.965
1776240000000,79.2500,79.3100,79.0500,79.2100,136931.891
1776240900000,79.2200,79.3200,79.1100,79.2100,70500.233
1776241800000,79.2100,79.2600,79.1300,79.1500,79726.563
1776242700000,79.1500,79.3800,79.1100,79.3400,75614.472
1776243600000,79.3300,79.4000,78.5900,78.8800,358862.978
1776244500000,78.8700,78.8800,78.6400,78.6600,193069.582
1776245400000,78.6600,78.7500,78.5700,78.6000,217056.918
1776246300000,78.6000,78.6700,78.2500,78.5000,292862.576
1776247200000,78.5000,78.8200,78.4000,78.8000,124250.322
1776248100000,78.8000,78.8000,78.4300,78.5700,174291.767
1776249000000,78.5700,78.6700,78.4600,78.6600,72315.341
1776249900000,78.6500,78.8500,78.5900,78.7900,108219.425
1776250800000,78.7800,78.8500,78.5400,78.8300,104638.978
1776251700000,78.8200,78.8400,78.6800,78.7000,54247.813
1776252600000,78.7100,78.8300,78.6600,78.7900,57183.296
1776253500000,78.7900,79.1400,78.6800,79.0800,269531.695
1776254400000,79.0800,79.1400,78.7800,78.9100,167255.932
1776255300000,78.9200,79.0500,78.8000,78.8800,153569.408
1776256200000,78.8700,78.9300,78.6000,78.6900,119572.620
1776257100000,78.6900,78.7600,78.5900,78.6400,95620.805
1776258000000,78.6500,79.3900,78.6400,79.3500,306785.631
1776258900000,79.3600,79.5600,79.2000,79.5000,151199.918
1776259800000,79.5000,79.7700,79.2700,79.5800,326496.998
1776260700000,79.5800,80.0300,79.5600,80.0300,229297.750
1776261600000,80.0300,80.3900,79.9800,80.3800,318575.951
1776262500000,80.3800,80.5500,80.1900,80.2900,261740.091
1776263400000,80.3000,80.3100,79.8900,80.0700,272284.448
1776264300000,80.0600,80.1100,79.9600,80.0200,145486.582
1776265200000,80.0200,80.0300,79.4600,79.8300,302968.705
1776266100000,79.8400,79.8400,79.2500,79.2700,207841.846
1776267000000,79.2700,79.5300,78.8400,79.4400,351522.113
1776267900000,79.4300,79.5500,79.2400,79.3400,92123.770
1776268800000,79.3400,79.7100,79.3100,79.6500,106942.958
1776269700000,79.6400,79.6800,79.4700,79.5500,91374.151
1776270600000,79.5600,79.6100,79.2100,79.2600,72274.149
1776271500000,79.2500,79.3700,79.1300,79.3300,90093.943
1776272400000,79.3300,79.3500,79.0700,79.0900,84110.189
1776273300000,79.0800,79.5200,79.0800,79.4200,92952.050
1776274200000,79.4100,79.5600,79.1700,79.2500,95977.106
1776275100000,79.2500,79.3300,79.1000,79.1100,44252.172
1776276000000,79.1200,79.3500,79.0400,79.2700,110101.008
1776276900000,79.2600,79.3400,79.1900,79.2400,42670.476
1776277800000,79.2500,79.3200,79.1500,79.2100,26381.850
1776278700000,79.2100,79.4200,79.2100,79.3400,51500.964
1776279600000,79.3400,79.4600,79.2800,79.2900,37478.946
1776280500000,79.2900,79.5400,79.2600,79.5400,89116.348
1776281400000,79.5400,79.5700,79.3500,79.4100,85556.671
1776282300000,79.4000,79.5700,79.4000,79.4300,41523.537
1776283200000,79.4400,79.4600,79.1400,79.2500,69478.726
1776284100000,79.2500,79.2700,79.1800,79.2200,25518.049
1776285000000,79.2100,79.2200,79.0800,79.1000,33496.113
1776285900000,79.1100,79.1600,78.9300,79.0200,43827.597
1776286800000,79.0200,79.0500,78.9800,79.0500,15096.821
1776287700000,79.0500,79.0900,78.9300,78.9600,73384.391
1776288600000,78.9700,79.0500,78.8800,78.9500,62879.454
1776289500000,78.9400,79.0700,78.9200,79.0100,43320.505
1776290400000,79.0200,79.2700,78.9800,79.1500,214023.138
1776291300000,79.1500,79.3100,79.1400,79.3100,32418.479
1776292200000,79.3100,79.3800,79.2900,79.3200,24589.253
1776293100000,79.3200,79.4500,79.3100,79.4000,42156.979
1776294000000,79.4000,79.4700,79.3800,79.4400,15879.356
1776294900000,79.4300,79.4800,79.4200,79.4500,38641.366
1776295800000,79.4500,79.6200,79.4400,79.6000,51006.651
1776296700000,79.5900,79.6300,79.5100,79.5200,20798.520
1776297600000,79.5300,79.9700,79.5300,79.9300,100942.267
1776298500000,79.9200,80.0400,79.8000,79.8300,99297.899
1776299400000,79.8300,80.1900,79.8300,80.0400,83313.838
1776300300000,80.0400,80.3000,80.0100,80.1700,107981.067
1776301200000,80.1700,80.5000,80.0900,80.3900,241794.271
1776302100000,80.4000,80.5300,80.2100,80.3700,156578.233
1776303000000,80.3800,80.4800,79.9600,80.1300,137087.047
1776303900000,80.1300,80.3300,80.0800,80.1200,94044.169
1776304800000,80.1300,80.3600,79.9800,80.2200,144848.532
1776305700000,80.2200,80.3200,80.1600,80.1900,100238.504
1776306600000,80.1900,80.2700,79.9900,80.1500,116129.771
1776307500000,80.1500,80.4500,80.1200,80.3700,96144.032
1776308400000,80.3700,80.5300,80.3500,80.5300,95312.987
1776309300000,80.5200,80.5700,80.4000,80.4500,74255.748
1776310200000,80.4600,80.6400,80.3100,80.3200,71494.640
1776311100000,80.3300,80.4900,80.3200,80.3700,29021.254
1776312000000,80.3700,80.4700,80.3100,80.4400,34750.262
1776312900000,80.4400,80.5700,80.4000,80.4100,37164.391
1776313800000,80.4100,80.6200,80.3800,80.5300,57959.069
1776314700000,80.5300,80.6700,80.4900,80.6700,58614.080
1776315600000,80.6700,80.7800,80.6400,80.6600,77894.467
1776316500000,80.6600,80.7500,80.6100,80.7400,60721.402
1776317400000,80.7400,80.8600,80.3300,80.3600,164014.157
1776318300000,80.3700,80.5200,80.3500,80.4000,59358.167
1776319200000,80.4000,80.5900,80.3800,80.4800,87033.908
1776320100000,80.4800,80.4900,80.2700,80.3200,80387.832
1776321000000,80.3100,80.3800,80.1900,80.3000,72605.546
1776321900000,80.3000,80.4900,80.2800,80.3400,63783.834
1776322800000,80.3400,80.4500,80.1500,80.1700,87924.507
1776323700000,80.1700,80.3500,80.0900,80.3000,143401.679
1776324600000,80.2900,80.3500,80.1900,80.2900,48675.034
1776325500000,80.2900,80.3000,80.0600,80.1200,48966.496
1776326400000,80.1200,80.1700,79.6500,79.8600,275892.033
1776327300000,79.8500,79.9300,79.6600,79.7600,108544.014
1776328200000,79.7600,79.8400,79.6700,79.7900,71203.462
1776329100000,79.7900,79.8500,79.6800,79.7800,65512.691
1776330000000,79.7900,79.9000,79.7400,79.7500,64066.487
1776330900000,79.7500,79.7800,79.5600,79.6400,101750.183
1776331800000,79.6400,79.6900,79.4700,79.6500,96885.593
1776332700000,79.6500,79.6700,79.5400,79.5900,49733.575
1776333600000,79.6000,79.6600,79.4900,79.5000,54368.449
1776334500000,79.5000,79.6600,79.4300,79.5700,64392.078
1776335400000,79.5700,79.6900,79.5300,79.6000,80035.926
1776336300000,79.5900,79.8500,79.4400,79.8200,88675.449
1776337200000,79.8200,79.8500,79.6400,79.7700,87572.529
1776338100000,79.7700,79.8000,79.5800,79.6300,75605.281
1776339000000,79.6300,79.7300,79.5100,79.5800,56578.839
1776339900000,79.5700,79.7400,79.4800,79.7100,77117.128
1776340800000,79.7200,79.7500,79.4400,79.5700,96443.552
1776341700000,79.5700,79.5800,79.1900,79.2600,90933.262
1776342600000,79.2500,79.3800,79.0300,79.1300,190603.487
1776343500000,79.1300,79.3500,79.0800,79.2700,82270.064
1776344400000,79.2700,79.7000,79.2700,79.4300,214307.738
1776345300000,79.4200,79.6200,79.4000,79.4900,99980.164
1776346200000,79.4900,79.7900,79.3900,79.5200,245285.983
1776347100000,79.5200,79.6500,78.2800,78.7000,616316.746
1776348000000,78.6900,78.9300,78.1200,78.8300,605379.190
1776348900000,78.8400,78.9100,78.4100,78.7300,366177.812
1776349800000,78.7400,78.7900,78.1500,78.5400,341697.290
1776350700000,78.5300,78.7000,78.4400,78.5500,118320.513
1776351600000,78.5400,79.1800,78.5300,78.9900,250335.128
1776352500000,78.9900,79.1000,78.7100,78.7100,193400.475
1776353400000,78.7100,78.9600,78.5800,78.8300,307115.487
1776354300000,78.8300,79.0200,78.7400,78.9600,122431.662
1776355200000,78.9700,79.0600,78.8700,78.9300,84655.953
1776356100000,78.9200,78.9900,78.7200,78.7700,72178.945
1776357000000,78.7700,78.8200,78.3500,78.5700,231016.223
1776357900000,78.5700,78.6900,78.4900,78.6200,66509.731
1776358800000,78.6200,78.7600,78.5400,78.5500,88472.534
1776359700000,78.5600,78.7200,78.4000,78.4000,88110.864
1776360600000,78.4100,78.4800,78.2400,78.3600,100235.240
1776361500000,78.3600,78.4100,78.2000,78.3600,110534.887
1776362400000,78.3600,78.5600,78.3000,78.4300,102635.266
1776363300000,78.4300,78.5200,78.3600,78.4100,51385.038
1776364200000,78.4200,78.6000,78.4100,78.5700,42039.897
1776365100000,78.5700,78.6600,78.5100,78.5700,61431.726
1776366000000,78.5700,78.7500,78.5700,78.6200,39074.510
1776366900000,78.6300,78.7700,78.6100,78.6100,24570.590
1776367800000,78.6100,78.8100,78.6100,78.7800,32312.390
1776368700000,78.7900,78.8400,78.6800,78.7700,52625.382
1776369600000,78.7700,78.7800,78.5900,78.6100,39482.458
1776370500000,78.6000,78.6300,78.4800,78.5100,21735.177
1776371400000,78.5100,78.5500,78.4400,78.5300,17276.508
1776372300000,78.5300,78.5700,78.4200,78.4600,29816.119
1776373200000,78.4700,78.5400,78.4300,78.5000,63505.979
1776374100000,78.5000,78.5200,78.4200,78.4500,84135.192
1776375000000,78.4400,78.5100,78.4200,78.5100,20871.772
1776375900000,78.5000,78.5300,78.4200,78.5100,27453.217
1776376800000,78.5000,78.8500,78.3300,78.8100,198769.156
1776377700000,78.8100,78.8500,78.7400,78.8100,29821.649
1776378600000,78.8100,78.8700,78.7300,78.8600,32471.218
1776379500000,78.8500,78.9100,78.8300,78.8700,27320.486
1776380400000,78.8600,78.8700,78.7700,78.7700,16276.228
1776381300000,78.7800,78.8900,78.7600,78.8200,18677.217
1776382200000,78.8200,78.8900,78.7400,78.8500,27209.257
1776383100000,78.8500,78.8900,78.7300,78.7300,20393.978
1776384000000,78.7200,78.7400,78.5200,78.6300,63858.825
1776384900000,78.6200,78.7500,78.5600,78.7100,36751.392
1776385800000,78.7100,78.8700,78.7000,78.8200,43527.920
1776386700000,78.8300,78.9100,78.7600,78.7700,36453.735
1776387600000,78.7700,78.8300,77.7800,78.1800,260743.254
1776388500000,78.1700,78.4000,77.8100,77.9100,209246.357
1776389400000,77.9100,78.2200,77.8600,78.2000,189256.903
1776390300000,78.2000,78.5100,78.1500,78.4400,152140.160
1776391200000,78.4400,78.5400,78.3200,78.4100,75612.166
1776392100000,78.4100,78.4400,78.3000,78.3000,28738.288
1776393000000,78.3100,78.6100,78.3000,78.4900,95022.460
1776393900000,78.4900,78.6300,78.3500,78.3600,60435.295
1776394800000,78.3700,79.1000,78.3600,79.0200,251557.859
1776395700000,79.0300,79.2200,78.9500,78.9500,97773.392
1776396600000,78.9500,79.0000,78.7900,78.8900,72706.454
1776397500000,78.8800,79.0200,78.8800,78.9000,24856.666
1776398400000,78.9000,79.0700,78.8800,79.0400,37799.681
1776399300000,79.0400,79.0900,78.9900,79.0500,25689.036
1776400200000,79.0600,79.2900,79.0200,79.2800,51775.026
1776401100000,79.2800,79.2800,79.1000,79.1500,39551.410
1776402000000,79.1500,79.1700,78.9900,79.1100,37738.116
1776402900000,79.1100,79.1800,79.0300,79.1100,31802.530
1776403800000,79.1000,79.1800,78.9000,79.0500,85765.983
1776404700000,79.0600,79.2000,78.9500,78.9600,64241.878
1776405600000,78.9600,79.0400,78.7300,78.7500,93562.951
1776406500000,78.7500,78.8500,78.6500,78.6700,77690.215
1776407400000,78.6700,78.7100,78.5400,78.6700,109832.526
1776408300000,78.6700,78.7400,78.6100,78.6700,60169.834
1776409200000,78.6800,78.8400,78.6700,78.7300,46442.106
1776410100000,78.7300,78.8600,78.6100,78.8300,95496.438
1776411000000,78.8200,78.9300,78.7200,78.9000,60942.596
1776411900000,78.9000,78.9600,78.7800,78.9300,56771.132
1776412800000,78.9300,79.1000,78.9300,79.0100,58400.320
1776413700000,79.0000,79.0700,78.9500,79.0000,59967.521
1776414600000,79.0100,79.4500,79.0100,79.4500,131305.068
1776415500000,79.4400,79.5300,79.3100,79.5200,107653.131
1776416400000,79.5300,79.7900,79.5100,79.6000,113963.309
1776417300000,79.6000,79.8000,79.5800,79.7400,93951.131
1776418200000,79.7400,79.8300,79.6700,79.7100,71509.768
1776419100000,79.7100,79.7200,79.6100,79.6200,53179.355
1776420000000,79.6100,79.6300,79.4600,79.5800,86689.700
1776420900000,79.5700,79.6400,79.4500,79.4600,67112.321
1776421800000,79.4600,79.4600,79.2600,79.3000,98500.771
1776422700000,79.2900,79.4000,79.2600,79.3600,71219.388
1776423600000,79.3600,79.4400,79.1600,79.2000,99294.364
1776424500000,79.1900,79.3000,79.1300,79.3000,36769.299
1776425400000,79.3000,79.4700,79.3000,79.4600,31288.348
1776426300000,79.4700,79.6800,79.4700,79.6400,120359.950
1776427200000,79.6500,79.8800,79.6200,79.8000,180161.342
1776428100000,79.8000,80.1700,79.7400,80.1400,327803.244
1776429000000,80.1500,80.3200,80.0800,80.2400,248631.372
1776429900000,80.2300,81.6700,80.1800,81.6200,1137442.861
1776430800000,81.6200,82.4000,81.1400,82.0600,1049558.640
1776431700000,82.0600,82.0600,81.3900,81.6400,464419.306
1776432600000,81.6500,82.2100,81.5400,82.0000,481981.968
1776433500000,82.0100,82.4600,81.5900,82.3500,486685.601
1776434400000,82.3600,82.5100,82.0100,82.0600,273932.385
1776435300000,82.0700,82.7300,82.0700,82.5100,223140.858
1776436200000,82.5100,83.0600,82.4500,82.9500,313878.867
1776437100000,82.9500,83.0600,82.6900,82.7000,200031.249
1776438000000,82.7100,82.9000,82.4000,82.6300,285092.560
1776438900000,82.6400,82.7600,82.1900,82.2200,266621.482
1776439800000,82.2200,82.4800,82.0700,82.1700,190569.421
1776440700000,82.1800,82.4900,82.1100,82.3200,141401.726
1776441600000,82.3200,82.5700,82.1800,82.4800,135669.105
1776442500000,82.4700,82.5200,82.2600,82.2700,88139.700
1776443400000,82.2800,82.5100,82.2800,82.3800,57286.774
1776444300000,82.3900,82.4200,82.2100,82.2900,68022.204
1776445200000,82.2800,82.3700,81.9100,82.0200,193696.999
1776446100000,82.0200,82.0800,81.4200,81.5700,267039.673
1776447000000,81.5700,81.7300,81.4600,81.4800,99760.296
1776447900000,81.4800,81.8500,81.4700,81.8400,68109.910
1776448800000,81.8400,81.9600,81.7100,81.7300,48765.637
1776449700000,81.7400,82.1100,81.7200,81.8800,71014.815
1776450600000,81.8800,81.9700,81.7500,81.8400,25383.158
1776451500000,81.8500,81.8500,81.5300,81.6000,38060.691
1776452400000,81.5900,81.6000,81.3500,81.4800,50506.250
1776453300000,81.4800,81.6900,81.2000,81.3200,90117.101
1776454200000,81.3300,81.5800,81.3100,81.5300,30095.467
1776455100000,81.5300,81.5300,81.3100,81.4100,52190.591
1776456000000,81.4100,81.4500,81.1600,81.2400,59233.021
1776456900000,81.2400,81.2900,81.1700,81.2000,87531.304
1776457800000,81.2000,81.3200,81.1100,81.1300,51617.599
1776458700000,81.1400,81.1700,80.8800,80.9200,110816.554
1776459600000,80.9200,80.9700,80.8900,80.9000,30863.991
1776460500000,80.9000,80.9800,80.8600,80.9100,41385.075
1776461400000,80.9100,80.9400,80.9000,80.9400,15191.504
1776462300000,80.9400,80.9400,80.8500,80.9200,14910.813
1776463200000,80.9200,80.9400,80.8700,80.9100,17849.648
1776464100000,80.9000,80.9100,80.8700,80.8900,18512.684
1776465000000,80.8900,80.9000,80.8800,80.8900,3513.284
1776465900000,80.8800,80.8900,80.8600,80.8800,11153.518
1776466800000,80.8700,80.9400,80.8700,80.9300,29461.496
1776467700000,80.9300,80.9400,80.9100,80.9400,7101.684
1776468600000,80.9300,80.9900,80.9300,80.9900,25917.120
1776469500000,80.9800,81.0100,80.9700,80.9700,10557.527
1776470400000,80.9700,80.9800,80.9500,80.9700,5526.084
1776471300000,80.9700,80.9800,80.9300,80.9600,15042.460
1776472200000,80.9500,80.9600,80.9100,80.9100,9993.673
1776473100000,80.9200,80.9400,80.9100,80.9200,2999.287
1776474000000,80.9200,80.9300,80.8900,80.8900,8510.631
1776474900000,80.9000,80.9000,80.8500,80.8700,18888.445
1776475800000,80.8700,80.8900,80.8600,80.8800,6940.297
1776476700000,80.8900,80.9000,80.8600,80.8700,12722.850
1776477600000,80.8700,80.8700,80.8600,80.8700,2213.536
1776478500000,80.8700,80.8900,80.8600,80.8800,1428.747
1776479400000,80.8800,80.8900,80.8800,80.8900,3324.602
1776480300000,80.8800,80.8900,80.8800,80.8800,1472.004
1776481200000,80.8900,80.8900,80.8800,80.8900,2939.603
1776482100000,80.8800,80.8900,80.8800,80.8900,2998.756
1776483000000,80.8800,80.8900,80.8700,80.8800,8115.371
1776483900000,80.8700,80.8800,80.8700,80.8800,3326.208
1776484800000,80.8800,80.9000,80.8700,80.8900,5225.808
1776485700000,80.9000,80.9000,80.8900,80.8900,1458.752
1776486600000,80.8900,80.9100,80.8900,80.8900,5712.584
1776487500000,80.8900,80.9000,80.8900,80.9000,707.157
1776488400000,80.9000,80.9000,80.8900,80.8900,2511.635
1776489300000,80.8900,80.9000,80.8900,80.8900,3562.222
1776490200000,80.8900,80.9000,80.8900,80.9000,1009.187
1776491100000,80.8900,80.9000,80.8900,80.9000,1239.112
1776492000000,80.9000,80.9200,80.8900,80.9100,5824.035
1776492900000,80.9200,80.9300,80.9000,80.9100,7920.193
1776493800000,80.9000,80.9400,80.9000,80.9300,5197.947
1776494700000,80.9400,80.9400,80.9100,80.9100,6129.619
1776495600000,80.9200,80.9200,80.9000,80.9100,1174.617
1776496500000,80.9000,80.9100,80.9000,80.9000,2753.028
1776497400000,80.9100,80.9100,80.8900,80.9000,3508.854
1776498300000,80.9100,80.9300,80.9000,80.9300,5194.888
1776499200000,80.9200,80.9300,80.9200,80.9200,2738.824
1776500100000,80.9200,80.9300,80.8800,80.8900,12694.722
1776501000000,80.8900,80.9300,80.8500,80.8500,24267.250
1776501900000,80.8500,80.9100,80.8500,80.8800,21674.587
1776502800000,80.8800,80.8900,80.8300,80.8300,10086.058
1776503700000,80.8300,80.8800,80.8200,80.8600,12153.253
1776504600000,80.8600,80.8800,80.8400,80.8500,7104.896
1776505500000,80.8500,80.8700,80.8300,80.8600,8114.515
1776506400000,80.8600,80.8800,80.8100,80.8300,15795.890
1776507300000,80.8200,80.8600,80.8200,80.8400,2997.991
1776508200000,80.8400,80.8500,80.7800,80.7800,13802.103
1776509100000,80.7900,80.7900,80.7400,80.7700,16545.661
1776510000000,80.7700,80.8400,80.7700,80.8200,24776.853
1776510900000,80.8200,80.8300,80.7300,80.7400,15888.028
1776511800000,80.7400,80.8000,80.7200,80.7600,37123.937
1776512700000,80.7700,80.7900,80.7300,80.7600,13668.564
1776513600000,80.7600,80.7900,80.7300,80.7400,14739.773
1776514500000,80.7300,80.7800,80.7100,80.7600,13092.977
1776515400000,80.7700,80.8100,80.7300,80.7400,14181.401
1776516300000,80.7400,80.7900,80.7400,80.7700,3964.347
1776517200000,80.7800,80.8000,80.7600,80.7700,5691.189
1776518100000,80.7800,80.7800,80.7600,80.7700,2785.473
1776519000000,80.7700,80.7800,80.7500,80.7500,2529.338
1776519900000,80.7500,80.8000,80.7500,80.8000,7340.175
1776520800000,80.8000,80.8000,80.7800,80.7800,5786.008
1776521700000,80.7900,80.7900,80.7800,80.7800,2439.251
1776522600000,80.7800,80.7900,80.7700,80.7700,3527.385
1776523500000,80.7800,80.7900,80.7700,80.7800,4443.841
1776524400000,80.7900,80.7900,80.7700,80.7800,1894.769
1776525300000,80.7700,80.7800,80.7700,80.7700,1290.768
1776526200000,80.7700,80.7700,80.7500,80.7500,2758.245
1776527100000,80.7600,80.7800,80.7500,80.7700,5668.242
1776528000000,80.7700,80.7800,80.7500,80.7600,9882.103
1776528900000,80.7700,80.7700,80.7300,80.7600,8042.320
1776529800000,80.7700,80.7700,80.7500,80.7500,1681.259
1776530700000,80.7600,80.7600,80.7500,80.7500,538.071
1776531600000,80.7500,80.7700,80.7300,80.7300,4722.160
1776532500000,80.7300,80.7500,80.7300,80.7500,2579.517
1776533400000,80.7400,80.7900,80.7400,80.7700,15334.884
1776534300000,80.7700,80.7800,80.7700,80.7800,2142.292
1776535200000,80.7700,80.7800,80.7500,80.7700,2687.615
1776536100000,80.7700,80.7700,80.7400,80.7600,2550.454
1776537000000,80.7600,80.7600,80.7100,80.7200,17448.060
1776537900000,80.7100,80.7800,80.7100,80.7700,12921.696
1776538800000,80.7700,80.8000,80.7600,80.8000,3280.168
1776539700000,80.7900,80.8000,80.7300,80.7300,4983.113
1776540600000,80.7200,80.7400,80.7200,80.7300,4497.778
1776541500000,80.7400,80.7700,80.7400,80.7600,1913.324
1776542400000,80.7600,80.7800,80.7600,80.7600,782.870
1776543300000,80.7600,80.7700,80.7600,80.7600,728.401
1776544200000,80.7600,80.7700,80.7600,80.7600,171.092
1776545100000,80.7600,80.7700,80.7500,80.7600,1516.882
1776546000000,80.7500,80.7700,80.7400,80.7400,1308.845
1776546900000,80.7500,80.7600,80.7100,80.7500,3056.315
1776547800000,80.7500,80.7700,80.7300,80.7600,4736.772
1776548700000,80.7600,80.7800,80.7500,80.7800,1707.425
1776549600000,80.7800,80.7800,80.7400,80.7600,1911.830
1776550500000,80.7600,80.7800,80.7500,80.7800,5070.080
1776551400000,80.7700,80.7900,80.7600,80.7800,5896.304
1776552300000,80.7800,80.7800,80.7400,80.7500,1803.222
1776553200000,80.7500,80.7700,80.7400,80.7600,953.212
1776554100000,80.7700,80.7700,80.7400,80.7500,2763.639
1776555000000,80.7500,80.7700,80.7400,80.7500,6689.586
1776555900000,80.7500,80.7500,80.7300,80.7500,5926.576
1776556800000,80.7400,80.7800,80.7000,80.7600,55181.757
1776557700000,80.7700,80.7700,80.7100,80.7500,30701.561
1776558600000,80.7400,80.7600,80.7300,80.7500,4089.594
1776559500000,80.7500,80.7700,80.7400,80.7700,4748.659
1776560400000,80.7600,80.7900,80.7600,80.7800,3458.330
1776561300000,80.7900,80.7900,80.7800,80.7800,1989.970
1776562200000,80.7800,80.7900,80.7500,80.7500,3946.373
1776563100000,80.7500,80.7800,80.7500,80.7600,3004.468
1776564000000,80.7700,80.7900,80.7600,80.7800,2728.491
1776564900000,80.7900,80.8000,80.7500,80.7500,7145.261
1776565800000,80.7600,80.7900,80.7500,80.7800,5369.222
1776566700000,80.7900,80.7900,80.7500,80.7500,2839.455
1776567600000,80.7600,80.7600,80.7300,80.7400,3273.532
1776568500000,80.7300,80.7500,80.7100,80.7200,14801.804
1776569400000,80.7200,80.7400,80.7200,80.7400,1734.943
1776570300000,80.7400,80.7900,80.7400,80.7600,8428.923
1776571200000,80.7600,80.7700,80.7500,80.7600,1787.518
1776572100000,80.7500,80.7600,80.7500,80.7500,820.503
1776573000000,80.7500,80.7600,80.7300,80.7400,10009.750
1776573900000,80.7400,80.7500,80.7200,80.7400,3757.486
1776574800000,80.7400,80.7400,80.7100,80.7300,7221.828
1776575700000,80.7300,80.7300,80.7100,80.7200,6456.418
1776576600000,80.7200,80.7200,80.6900,80.7000,6576.634
1776577500000,80.6900,80.7200,80.6800,80.7200,23130.311
1776578400000,80.7200,80.7400,80.7100,80.7400,16638.752
1776579300000,80.7400,80.7400,80.7200,80.7300,2161.093
1776580200000,80.7400,80.7400,80.7300,80.7300,2198.062
1776581100000,80.7400,80.7400,80.7300,80.7400,1940.330
1776582000000,80.7300,80.7400,80.7200,80.7300,4834.391
1776582900000,80.7200,80.7400,80.6900,80.7000,13241.267
1776583800000,80.6900,80.9600,80.6800,80.7800,98363.318
1776584700000,80.7800,80.8300,80.7600,80.8100,12102.885
1776585600000,80.8100,80.8100,80.7300,80.7500,26126.869
1776586500000,80.7600,80.7600,80.7200,80.7400,12449.829
1776587400000,80.7300,80.7400,80.7200,80.7400,7385.894
1776588300000,80.7400,80.7400,80.7300,80.7400,2928.853
1776589200000,80.7400,80.7600,80.7300,80.7500,8897.507
1776590100000,80.7500,80.7500,80.7200,80.7300,2203.486
1776591000000,80.7300,80.7400,80.7200,80.7400,7625.925
1776591900000,80.7300,80.7400,80.6500,80.6800,19750.364
1776592800000,80.6700,80.6900,80.6400,80.6500,12239.645
1776593700000,80.6500,80.6600,80.5900,80.6100,30387.531
1776594600000,80.6100,80.6100,80.5700,80.6100,11166.734
1776595500000,80.6100,80.6800,80.6000,80.6600,10962.785
1776596400000,80.6600,80.6600,80.6000,80.6200,9602.504
1776597300000,80.6100,80.6400,80.6100,80.6300,12120.142
1776598200000,80.6300,80.6500,80.6100,80.6400,16924.560
1776599100000,80.6400,80.6900,80.6100,80.6300,19875.368
1776600000000,80.6300,80.6400,80.5400,80.5600,16116.483
1776600900000,80.5500,80.6000,80.5500,80.5800,11127.664
1776601800000,80.5700,80.5900,80.5500,80.5800,9134.255
1776602700000,80.5700,80.5900,80.5300,80.5900,9784.278
1776603600000,80.5800,80.6900,80.5800,80.6800,20155.230
1776604500000,80.6900,80.7600,80.6500,80.7600,23394.036
1776605400000,80.7600,80.7800,80.7500,80.7800,8105.289
1776606300000,80.7800,80.7800,80.7300,80.7400,6830.184
1776607200000,80.7400,80.7400,80.6900,80.7100,9115.711
1776608100000,80.7100,80.7600,80.7000,80.7600,3563.162
1776609000000,80.7600,80.7700,80.7500,80.7600,3523.692
1776609900000,80.7600,80.7700,80.7400,80.7700,12481.283
1776610800000,80.7700,80.7700,80.7300,80.7400,5783.563
1776611700000,80.7400,80.7500,80.7300,80.7500,5828.406
1776612600000,80.7400,80.7600,80.6600,80.6700,9688.594
1776613500000,80.6700,80.7000,80.6500,80.6500,7417.644
1776614400000,80.6500,80.6600,80.5200,80.5300,37347.419
1776615300000,80.5200,80.5400,80.3500,80.3500,17116.245
1776616200000,80.3500,80.4200,80.3300,80.3500,18102.535
1776617100000,80.3500,80.3700,80.0400,80.0400,26666.186
1776618000000,80.0400,80.0700,79.8500,79.8600,54780.702
1776618900000,79.8600,80.0500,79.8400,79.9600,27120.492
1776619800000,79.9600,80.0300,79.8300,79.9400,25022.919
1776620700000,79.9500,79.9600,79.7900,79.9000,19095.658
1776621600000,79.9000,79.9800,79.7100,79.8400,24332.920
1776622500000,79.8400,79.9100,79.7900,79.9100,10813.663
1776623400000,79.9000,80.0300,79.9000,80.0300,30684.127
1776624300000,80.0300,80.2200,80.0100,80.2000,21852.116
1776625200000,80.1900,80.3500,80.1800,80.3400,21228.745
1776626100000,80.3500,80.4700,80.2200,80.4400,39252.662
1776627000000,80.4400,80.5000,80.3900,80.4700,37279.619
1776627900000,80.4800,80.6800,80.4400,80.6000,57978.657
1776628800000,80.5900,80.5900,79.4700,79.5900,171384.241
1776629700000,79.6000,79.6400,79.4000,79.5000,22591.923
1776630600000,79.4900,79.5900,79.3900,79.4200,44105.235
1776631500000,79.4100,79.5700,79.3500,79.4500,39100.730
1776632400000,79.4500,79.5900,79.4300,79.4500,17507.753
1776633300000,79.4500,79.4500,79.3700,79.3700,31658.597
1776634200000,79.3800,79.4200,79.3700,79.3800,21208.913
1776635100000,79.3700,79.3800,79.0800,79.0900,46416.559
1776636000000,79.0800,80.0500,79.0100,79.7900,826558.633
1776636900000,79.7900,79.9700,79.7400,79.8300,193879.765
1776637800000,79.8300,79.9900,79.7500,79.7600,114371.934
1776638700000,79.7600,79.9900,79.7500,79.7500,82860.939
1776639600000,79.7600,79.8300,79.5900,79.5900,154360.775
1776640500000,79.5900,79.6200,79.4500,79.4600,116274.889
1776641400000,79.4700,79.5900,78.8500,79.0300,260746.255
1776642300000,79.0400,79.2500,78.8700,79.1500,234047.737
1776643200000,79.1500,79.3100,78.7700,79.2600,441621.698
1776644100000,79.2500,79.5300,79.2200,79.5000,216386.783
1776645000000,79.4900,79.6500,79.4100,79.4700,109009.101
1776645900000,79.4800,79.9300,79.3200,79.9100,144844.496
1776646800000,79.9000,80.2800,79.7600,80.0200,370021.862
1776647700000,80.0300,80.1800,79.8200,80.1400,184329.466
1776648600000,80.1300,80.3700,80.0900,80.3400,128353.751
1776649500000,80.3300,80.7200,80.2800,80.5700,115633.717
1776650400000,80.5800,80.6700,80.3800,80.4000,84718.327
1776651300000,80.4000,80.5800,80.3300,80.4600,75988.529
1776652200000,80.4700,80.5900,80.3300,80.3700,144277.572
1776653100000,80.3800,80.4200,80.1700,80.2900,49340.407
1776654000000,80.2900,80.3300,80.0900,80.1200,60273.018
1776654900000,80.1300,80.3400,80.0400,80.3100,49451.282
1776655800000,80.3000,80.3200,80.1600,80.2100,48510.855
1776656700000,80.2000,80.2000,79.9900,79.9900,53625.623
1776657600000,80.0000,80.1400,79.9700,80.0300,39485.335
1776658500000,80.0300,80.0300,79.8900,80.0100,28055.006
1776659400000,80.0000,80.0000,79.7800,79.8300,38655.308
1776660300000,79.8300,80.0200,79.7400,79.8700,92597.353
1776661200000,79.8800,79.9500,79.7000,79.7700,43117.261
1776662100000,79.7700,79.8300,79.6000,79.6400,60099.869
1776663000000,79.6400,79.9600,79.3900,79.4100,167172.549
1776663900000,79.4000,79.7500,79.3600,79.6900,133209.894
1776664800000,79.6900,79.9200,79.6400,79.7700,89314.368
1776665700000,79.7600,79.8000,79.6200,79.6900,113534.848
1776666600000,79.7000,79.8400,79.6500,79.7200,64917.730
1776667500000,79.7200,79.8300,79.5500,79.8300,83745.007
1776668400000,79.8400,80.0800,79.7600,79.9400,128974.141
1776669300000,79.9300,80.1300,79.8000,79.8400,127764.611
1776670200000,79.8300,79.8400,79.4700,79.6900,277043.310
1776671100000,79.6800,79.6900,79.3100,79.4800,102945.947
1776672000000,79.4700,79.5500,79.3000,79.3900,114812.793
1776672900000,79.3800,79.4700,79.2900,79.4500,68692.875
1776673800000,79.4500,79.4700,79.2700,79.3500,60114.149
1776674700000,79.3600,79.5600,79.3600,79.5200,66977.588
1776675600000,79.5200,79.6300,79.4500,79.5400,55476.550
1776676500000,79.5400,79.5400,79.4100,79.4800,43985.584
1776677400000,79.4800,79.4800,79.2500,79.4100,56167.238
1776678300000,79.4000,79.4700,79.2800,79.3100,32147.000
1776679200000,79.3100,79.7200,79.3100,79.6000,89671.110
1776680100000,79.5900,79.6600,79.4800,79.5300,35545.641
1776681000000,79.5300,79.5800,79.3700,79.3800,40708.200
1776681900000,79.3800,79.4400,79.2900,79.3100,35048.671
1776682800000,79.3200,79.3500,79.1300,79.2600,103273.749
1776683700000,79.2600,79.3300,79.2000,79.3000,49915.011
1776684600000,79.3000,79.4800,79.2600,79.4800,62120.423
1776685500000,79.4800,79.8700,79.4500,79.8500,91876.312
1776686400000,79.8400,79.9000,79.6600,79.7700,127341.464
1776687300000,79.7800,79.9800,79.5100,79.5600,128075.382
1776688200000,79.5600,79.6800,79.4800,79.5800,69535.681
1776689100000,79.5800,79.6900,79.4900,79.6400,50983.420
1776690000000,79.6400,80.2200,79.6000,80.0600,282060.143
1776690900000,80.0700,80.3500,79.9900,80.3300,143199.206
1776691800000,80.3300,80.4500,80.1600,80.3200,180789.436
1776692700000,80.3200,80.4200,80.2100,80.2900,105357.709
1776693600000,80.2900,80.3000,79.8300,80.0800,156657.947
1776694500000,80.0700,80.3200,79.9000,80.2600,130353.911
1776695400000,80.2500,80.3700,79.8900,80.0700,119822.639
1776696300000,80.0600,80.0900,79.4000,79.7200,335737.650
1776697200000,79.7200,79.8200,79.5000,79.6200,173406.166
1776698100000,79.6200,79.9500,79.4900,79.9100,154357.259
1776699000000,79.9100,79.9400,79.7000,79.7500,59258.714
1776699900000,79.7500,79.8900,79.6700,79.8500,43999.141
1776700800000,79.8500,79.8900,79.6800,79.8700,34337.884
1776701700000,79.8600,79.9700,79.7500,79.9100,38811.080
1776702600000,79.9200,79.9600,79.7600,79.8700,43461.982
1776703500000,79.8600,79.9700,79.8400,79.9200,24931.951
1776704400000,79.9200,80.0600,79.8800,80.0100,57917.927
1776705300000,80.0100,80.1200,79.7700,79.8000,70924.296
1776706200000,79.8000,79.8800,79.6800,79.7900,71602.120
1776707100000,79.7900,79.8200,79.6500,79.7000,25951.264
1776708000000,79.7000,79.9400,79.7000,79.9300,74453.342
1776708900000,79.9300,80.0000,79.8500,79.8700,40365.184
1776709800000,79.8800,79.9700,79.8100,79.9700,37423.187
1776710700000,79.9600,80.0300,79.8900,79.9100,19355.729
1776711600000,79.9100,80.1100,79.9100,80.0900,28852.367
1776712500000,80.0800,80.0800,79.9200,79.9200,12546.344
1776713400000,79.9100,79.9300,79.6800,79.7400,39592.315
1776714300000,79.7500,79.8700,79.7500,79.8200,22331.485
1776715200000,79.8200,79.8200,79.7000,79.7200,12309.109
1776716100000,79.7300,79.8300,79.7000,79.7600,10162.736
1776717000000,79.7600,79.7900,79.6600,79.7600,22502.394
1776717900000,79.7600,79.8400,79.7200,79.7900,14943.726
1776718800000,79.8000,79.8800,79.7700,79.7800,43267.000
1776719700000,79.7800,79.8600,79.7700,79.8000,128201.534
1776720600000,79.7900,79.7900,79.7500,79.7700,15099.383
1776721500000,79.7700,79.8500,79.7700,79.8300,7567.976
1776722400000,79.8200,80.1300,79.7100,80.0500,110159.346
1776723300000,80.0600,80.2700,80.0600,80.1000,62107.262
1776724200000,80.1100,80.1300,80.0100,80.1200,35749.156
1776725100000,80.1100,80.1400,80.0500,80.1100,21531.212
1776726000000,80.1100,80.1700,79.9700,80.0000,36686.454
1776726900000,79.9900,80.0700,79.9400,80.0400,18894.175
1776727800000,80.0300,80.0300,79.9500,80.0100,18020.490
1776728700000,80.0200,80.0200,79.8600,79.9000,26436.396
1776729600000,79.9100,80.1100,79.8500,79.9700,54876.369
1776730500000,79.9600,79.9900,79.6500,79.6700,89282.919
1776731400000,79.6600,79.8200,79.5300,79.8100,62552.937
1776732300000,79.8100,79.9500,79.7400,79.9300,43927.537
1776733200000,79.9300,79.9800,79.4300,79.4700,137548.110
1776734100000,79.4800,79.7100,79.4300,79.7100,41015.952
1776735000000,79.7200,79.7500,79.2200,79.4400,95949.978
1776735900000,79.4500,79.4700,79.1800,79.4500,94672.832
1776736800000,79.4500,79.5100,79.3700,79.4500,27005.458
1776737700000,79.4500,79.4900,79.3100,79.4600,41406.523
1776738600000,79.4500,79.4600,79.2300,79.3800,51713.542
1776739500000,79.3900,79.4000,79.1100,79.3000,83813.611
1776740400000,79.3100,79.3100,78.9200,78.9800,91171.005
1776741300000,78.9700,79.0000,78.5900,78.9500,244054.164
1776742200000,78.9500,79.0300,78.8300,78.9800,103164.202
1776743100000,78.9800,79.0400,78.9100,78.9900,41737.955
1776744000000,78.9800,79.0400,78.9500,78.9800,24264.865
1776744900000,78.9700,79.0200,78.9000,78.9400,53559.261
1776745800000,78.9500,78.9900,78.8400,78.9500,46689.779
1776746700000,78.9500,78.9700,78.8400,78.9200,33660.750
1776747600000,78.9100,79.1600,78.8600,79.1400,75227.400
1776748500000,79.1300,79.2000,79.0600,79.1300,32841.661
1776749400000,79.1200,79.3800,79.0900,79.3500,90932.049
1776750300000,79.3400,79.3400,78.9000,78.9200,87852.923
1776751200000,78.9200,79.0400,78.7500,78.9200,83643.187
1776752100000,78.9200,78.9200,78.7200,78.8000,79237.465
1776753000000,78.8100,79.0200,78.7700,78.9900,47690.838
1776753900000,78.9800,79.1000,78.9300,78.9500,43090.307
1776754800000,78.9400,79.0100,78.6700,78.9500,81765.131
1776755700000,78.9600,79.0800,78.9600,79.0100,34662.491
1776756600000,79.0100,79.1700,78.9600,79.1500,47037.100
1776757500000,79.1400,79.3500,79.0400,79.0400,77527.651
1776758400000,79.0400,79.1000,78.5700,78.6800,140866.021
1776759300000,78.6800,79.0400,78.6500,79.0000,55818.058
1776760200000,79.0000,79.1200,78.9200,79.1100,50337.170
1776761100000,79.1000,79.1100,78.8800,78.8800,34161.052
1776762000000,78.8800,78.8900,78.6700,78.7900,62360.583
1776762900000,78.7900,78.9400,78.7800,78.8400,33041.924
1776763800000,78.8300,78.9500,78.8200,78.9400,28666.762
1776764700000,78.9400,79.0400,78.8600,78.9600,33055.440
1776765600000,78.9700,79.0700,78.9400,78.9800,27583.716
1776766500000,78.9700,79.0400,78.9000,78.9400,27910.184
1776767400000,78.9400,79.0600,78.9400,79.0000,30931.601
1776768300000,79.0100,79.1000,79.0000,79.0500,29856.304
1776769200000,79.0600,79.0600,78.6300,78.7500,136743.406
1776770100000,78.7600,78.8600,78.7100,78.8600,84731.609
1776771000000,78.8500,79.1900,78.8500,79.1400,75499.643
1776771900000,79.1400,79.2900,79.1000,79.1900,66086.803
1776772800000,79.2000,79.2700,79.1000,79.1100,55722.783
1776773700000,79.1100,79.1200,78.7300,78.8500,107946.531
1776774600000,78.8600,79.0100,78.4100,78.5900,364946.286
1776775500000,78.5900,78.9400,78.5000,78.7800,221786.806
1776776400000,78.7800,78.9000,78.1800,78.2000,395026.430
1776777300000,78.2000,78.4900,78.1700,78.4900,154901.790
1776778200000,78.4800,79.0700,78.4400,78.8800,263102.817
1776779100000,78.8800,79.0200,78.7600,78.7900,101309.760
1776780000000,78.8000,78.9200,78.6900,78.7900,99609.673
1776780900000,78.7900,78.8100,78.4200,78.5500,151697.782
1776781800000,78.5400,78.5900,77.6900,77.7300,482396.986
1776782700000,77.7300,77.7500,76.8000,76.9200,881254.335
1776783600000,76.9300,77.2900,76.7300,77.2300,403583.041
1776784500000,77.2300,77.4400,77.0100,77.0500,149061.183
1776785400000,77.0500,77.1200,76.8100,77.0700,173863.284
1776786300000,77.0700,77.1700,76.9400,77.0400,94921.013
1776787200000,77.0500,77.3200,76.7600,76.8700,141494.388
1776788100000,76.8700,76.9900,76.4800,76.5500,160318.970
1776789000000,76.5400,76.8700,76.5300,76.7100,143261.281
1776789900000,76.7200,76.8200,76.2700,76.3800,256062.981
1776790800000,76.3800,76.5800,76.1800,76.3200,252682.636
1776791700000,76.3300,76.6100,76.2500,76.4100,143714.298
1776792600000,76.4100,77.0100,76.3900,76.9300,227845.430
1776793500000,76.9200,76.9400,76.6500,76.7800,112499.981
1776794400000,76.7800,76.8700,76.5900,76.6900,74035.791
1776795300000,76.6900,76.7200,76.4400,76.5700,158971.841
1776796200000,76.5700,76.7000,76.5600,76.6400,46288.672
1776797100000,76.6300,76.9500,76.4900,76.8500,206213.488
1776798000000,76.8600,76.9900,76.7400,76.8200,126919.146
1776798900000,76.8300,77.1100,76.7600,77.1000,145172.368
1776799800000,77.1100,77.1400,75.5800,75.6800,429051.116
1776800700000,75.6800,76.0300,75.5900,75.7700,277086.241
1776801600000,75.7700,76.5400,75.4800,76.2900,574433.566
1776802500000,76.2900,76.7100,76.2400,76.5600,202353.864
1776803400000,76.5700,76.7200,76.5500,76.6100,41435.799
1776804300000,76.6100,76.8300,76.5500,76.6900,54078.530
1776805200000,76.6900,76.7800,76.6500,76.7400,77852.698
1776806100000,76.7400,76.7600,76.6700,76.7000,87789.433
1776807000000,76.6900,76.7800,76.6600,76.7200,29582.159
1776807900000,76.7100,76.8000,76.6800,76.7600,14608.906
1776808800000,76.7600,77.0900,76.7100,76.9400,209291.789
1776809700000,76.9400,76.9800,76.8700,76.9500,44277.724
1776810600000,76.9600,76.9800,76.7600,76.7900,58185.072
1776811500000,76.7800,76.8800,76.7800,76.8200,29522.194
1776812400000,76.8200,77.1700,76.8000,77.0900,45003.168
1776813300000,77.0800,77.3600,77.0600,77.2600,94266.096
1776814200000,77.2500,77.3200,77.1600,77.2700,38915.252
1776815100000,77.2700,77.4500,77.2700,77.3700,73065.819
1776816000000,77.3800,77.5900,77.3800,77.4900,59451.661
1776816900000,77.4800,77.6100,77.3900,77.5800,51539.900
1776817800000,77.5800,77.7200,77.5000,77.5200,53707.258
1776818700000,77.5300,77.5600,77.3900,77.5000,54108.535
1776819600000,77.4900,77.7000,77.3800,77.4500,136157.437
1776820500000,77.4400,77.8200,77.4300,77.6700,78946.767
1776821400000,77.6800,77.9200,77.6800,77.7600,146471.891
1776822300000,77.7500,77.7900,77.6000,77.6300,34658.634
1776823200000,77.6300,77.9300,77.5700,77.8900,82725.972
1776824100000,77.9000,77.9900,77.8300,77.9400,40628.478
1776825000000,77.9300,77.9500,77.7100,77.7500,49994.270
1776825900000,77.7400,77.9400,77.7400,77.9000,35037.925
1776826800000,77.8900,78.1600,77.8200,78.1400,121437.801
1776827700000,78.1400,78.2400,78.1000,78.2100,73966.051
1776828600000,78.2100,78.3100,78.0700,78.1400,59658.975
1776829500000,78.1300,78.1700,78.0700,78.1000,29544.038
1776830400000,78.1000,78.1600,77.9900,78.0600,50749.557
1776831300000,78.0500,78.0600,77.9700,77.9900,40689.539
1776832200000,78.0000,78.0200,77.9100,77.9300,33113.718
1776833100000,77.9200,78.0600,77.8800,78.0200,43795.304
1776834000000,78.0300,78.2000,77.9700,78.1600,25289.377
1776834900000,78.1600,78.6700,78.1500,78.4500,227321.787
1776835800000,78.4500,78.6900,78.3600,78.5800,149639.776
1776836700000,78.5800,78.6500,78.5000,78.5200,69360.026
1776837600000,78.5300,78.5300,78.3000,78.4000,100325.997
1776838500000,78.4000,78.5900,78.3400,78.5900,36020.266
1776839400000,78.5800,78.6200,78.4800,78.5100,33103.204
1776840300000,78.5000,78.6200,78.4800,78.5900,27049.628
1776841200000,78.5900,78.6500,78.5200,78.5400,37887.356
1776842100000,78.5400,78.5900,78.3900,78.5300,87757.521
1776843000000,78.5200,78.5300,78.3800,78.4700,40763.174
1776843900000,78.4700,78.4900,78.3300,78.3400,28523.577
1776844800000,78.3500,78.3800,78.1900,78.2300,71351.002
1776845700000,78.2300,78.2500,78.0400,78.0600,93879.605
1776846600000,78.0700,78.1800,78.0000,78.0900,115358.107
1776847500000,78.0900,78.1900,78.0100,78.1700,52004.156
1776848400000,78.1700,78.3300,78.1400,78.2300,107039.974
1776849300000,78.2400,78.2700,78.1400,78.1500,44643.422
1776850200000,78.1500,78.1900,78.0200,78.0800,65779.183
1776851100000,78.1000,78.1000,77.8900,77.9600,77364.867
1776852000000,77.9600,78.0300,77.6700,77.7800,116639.678
1776852900000,77.7700,77.9600,77.7600,77.9500,55541.439
1776853800000,77.9500,78.1200,77.9300,77.9900,64814.357
1776854700000,78.0000,78.1000,77.9700,78.0700,32102.291
1776855600000,78.0700,78.1400,78.0000,78.0300,68486.153
1776856500000,78.0300,78.2000,78.0300,78.1300,78135.391
1776857400000,78.1300,78.2200,77.9700,77.9900,57415.386
1776858300000,77.9800,78.1800,77.9800,78.0700,41898.311
1776859200000,78.0700,78.3000,78.0700,78.1600,81844.770
1776860100000,78.1600,78.2100,77.9700,78.0000,101203.288
1776861000000,78.0000,78.0200,77.7100,77.7400,157377.107
1776861900000,77.7400,77.7800,77.5800,77.7000,106598.254
1776862800000,77.7000,77.9300,77.5600,77.7400,197606.003
1776863700000,77.7400,77.9900,77.4500,77.9900,275675.027
1776864600000,78.0000,78.1100,77.7600,78.1000,192954.674
1776865500000,78.1000,78.3100,78.0700,78.1900,170523.495
1776866400000,78.1900,78.3700,78.0500,78.2400,119872.712
1776867300000,78.2400,78.4400,78.1200,78.1400,177729.991
1776868200000,78.1400,78.1700,77.7700,77.7800,252357.056
1776869100000,77.7800,77.9900,77.7500,77.8300,78774.369
1776870000000,77.8400,78.1500,77.8200,78.0900,57486.001
1776870900000,78.0900,78.0900,77.8900,78.0200,50527.619
1776871800000,78.0200,78.0500,77.7500,77.7700,68720.070
1776872700000,77.7600,77.9400,77.7400,77.8600,38680.850
1776873600000,77.8600,77.9800,77.8000,77.9400,34018.851
1776874500000,77.9400,77.9500,77.7700,77.8000,31066.206
1776875400000,77.8000,77.8700,77.6600,77.7700,75837.189
1776876300000,77.7600,77.7800,77.6600,77.6900,65371.588
1776877200000,77.7000,78.0800,77.6900,77.9800,70288.495
1776878100000,77.9800,78.0800,77.8800,77.8900,56695.449
1776879000000,77.9000,77.9300,77.8300,77.8800,26568.804
1776879900000,77.8800,77.9800,77.8300,77.9300,43398.648
1776880800000,77.9200,77.9900,77.8800,77.9200,33059.427
1776881700000,77.9200,77.9400,77.7400,77.7900,23368.809
1776882600000,77.8000,77.9100,77.7600,77.8900,30856.922
1776883500000,77.8900,78.0300,77.8700,77.9300,49822.294
1776884400000,77.9300,77.9300,77.7500,77.7800,36335.557
1776885300000,77.7700,77.8400,77.7100,77.8200,28810.885
1776886200000,77.8200,77.8300,77.7100,77.7600,33768.803
1776887100000,77.7500,77.8400,77.7000,77.8100,39096.739
1776888000000,77.8000,77.8500,77.7000,77.7200,24332.610
1776888900000,77.7100,77.7500,77.6300,77.6900,36255.705
1776889800000,77.6900,77.7500,77.6500,77.7200,18647.711
1776890700000,77.7300,77.7700,77.7100,77.7200,26458.489
1776891600000,77.7200,77.8000,77.6700,77.7800,98877.201
1776892500000,77.7800,77.8000,77.7200,77.7700,59358.714
1776893400000,77.7700,77.8800,77.7700,77.8500,42489.343
1776894300000,77.8500,77.8900,77.6600,77.7600,37673.481
1776895200000,77.7600,77.8400,77.6100,77.6400,80630.790
1776896100000,77.6400,77.7400,77.6300,77.6500,35968.708
1776897000000,77.6500,77.7000,77.5700,77.6100,27448.776
1776897900000,77.6100,77.6600,77.5100,77.5300,32999.705
1776898800000,77.5300,77.5900,77.4700,77.5400,23762.481
1776899700000,77.5300,77.6200,77.5000,77.5400,41474.412
1776900600000,77.5300,77.5300,77.4200,77.4600,35119.508
1776901500000,77.4700,77.5900,77.4700,77.5600,41586.599
1776902400000,77.5700,77.6000,76.6600,76.6600,459228.336
1776903300000,76.6600,77.8800,76.4200,77.8500,704556.878
1776904200000,77.8600,78.3300,77.8500,78.0900,383557.399
1776905100000,78.0900,78.4000,78.0600,78.2100,158678.443
1776906000000,78.2000,78.3600,77.9600,77.9900,171825.882
1776906900000,77.9800,78.0300,77.4900,77.5300,200480.232
1776907800000,77.5400,77.7700,77.4600,77.7100,81148.318
1776908700000,77.7100,77.7900,77.0600,77.1100,207481.352
1776909600000,77.1000,77.1000,76.6900,76.8000,218795.042
1776910500000,76.8000,77.1100,76.7100,76.9100,141084.355
1776911400000,76.9100,76.9800,76.1800,76.2700,445021.191
1776912300000,76.2600,76.4200,75.8400,75.8600,444838.170
1776913200000,75.8600,76.2500,75.7800,75.9500,314485.340
1776914100000,75.9400,76.0800,75.7100,75.8700,199078.125
1776915000000,75.8600,76.3400,75.8500,76.2200,174507.952
1776915900000,76.2100,76.2700,76.0600,76.1600,76715.159
1776916800000,76.1500,76.3200,76.0600,76.3000,103503.914
1776917700000,76.3100,76.3100,76.1200,76.1900,45956.277
1776918600000,76.1800,76.2500,76.1200,76.1200,29630.174
1776919500000,76.1200,76.2800,76.0400,76.2700,25096.009
1776920400000,76.2700,76.3900,76.2300,76.3100,58991.136
1776921300000,76.3100,76.3200,76.1300,76.1600,38744.672
1776922200000,76.1700,76.1900,75.6600,75.9600,173693.851
1776923100000,75.9600,76.3300,75.9600,76.2900,70104.159
1776924000000,76.3000,76.3600,76.0300,76.0600,99900.965
1776924900000,76.0600,76.1900,75.8800,76.1600,92872.295
1776925800000,76.1500,76.2200,76.0400,76.1700,59658.085
1776926700000,76.1700,76.3300,76.1200,76.2000,102091.455
1776927600000,76.2000,76.2100,76.0100,76.0700,92512.141
1776928500000,76.0700,76.1500,75.9000,75.9200,85635.344
1776929400000,75.9100,76.1900,75.8400,76.1700,106538.266
1776930300000,76.1700,76.4300,76.1700,76.2600,120620.011
1776931200000,76.2700,76.3600,76.1300,76.1900,110973.625
1776932100000,76.1900,76.2500,76.0200,76.0400,143914.580
1776933000000,76.0400,76.0600,75.6900,75.7100,166010.359
1776933900000,75.7000,75.8100,75.5600,75.7000,172894.101
1776934800000,75.6900,75.6900,75.2000,75.2800,340297.296
1776935700000,75.2800,75.6300,75.2000,75.5700,168134.985
1776936600000,75.5700,75.6600,75.5100,75.5600,76129.714
1776937500000,75.5600,75.5900,75.3500,75.4500,95945.110
1776938400000,75.4500,75.5300,74.9200,75.0000,238212.293
1776939300000,75.0000,75.0900,74.3600,74.3700,473311.001
1776940200000,74.3700,74.6200,74.3100,74.5400,238282.785
1776941100000,74.5400,74.6600,74.3800,74.6300,211734.547
1776942000000,74.6400,74.7600,74.5500,74.6100,157531.374
1776942900000,74.6100,74.8100,74.5800,74.6900,132791.704
1776943800000,74.6800,75.1300,74.6200,75.1000,234517.524
1776944700000,75.1100,75.6800,75.0800,75.5700,245963.380
1776945600000,75.5700,76.3800,75.5500,76.2600,402616.902
1776946500000,76.2600,76.7800,76.2100,76.7600,435568.798
1776947400000,76.7600,77.0500,76.7500,76.8900,308094.932
1776948300000,76.8900,77.0100,76.6000,76.8400,477454.957
1776949200000,76.8400,76.9700,76.3000,76.3500,341381.295
1776950100000,76.3600,76.4700,76.0200,76.0300,261887.210
1776951000000,76.0200,76.4300,75.7900,76.3700,427110.055
1776951900000,76.3600,76.4800,75.9600,75.9600,209260.535
1776952800000,75.9500,75.9600,75.5600,75.9200,308199.874
1776953700000,75.9200,76.3600,75.8900,76.2700,176361.372
1776954600000,76.2700,76.4400,76.1300,76.3100,130966.398
1776955500000,76.3100,76.4200,76.1600,76.2800,75452.000
1776956400000,76.2800,76.3300,76.0400,76.1800,120826.585
1776957300000,76.1800,76.5500,76.1600,76.2900,156077.158
1776958200000,76.2900,76.3700,76.1200,76.1200,81643.551
1776959100000,76.1200,76.1500,75.8700,76.1000,145292.021
1776960000000,76.1100,76.2300,75.9900,76.1500,67929.641
1776960900000,76.1500,76.2900,76.1500,76.2200,56941.591
1776961800000,76.2200,76.4600,76.1900,76.4300,83520.175
1776962700000,76.4300,76.5300,76.3400,76.3800,89489.860
1776963600000,76.3800,76.4400,75.6400,75.8600,300945.282
1776964500000,75.8600,75.8900,75.4200,75.5500,296862.565
1776965400000,75.5600,75.7900,74.8800,74.9900,345672.180
1776966300000,74.9900,75.7400,74.6900,75.6900,619203.616
1776967200000,75.6900,76.1100,75.6600,75.9400,208479.764
1776968100000,75.9500,76.1100,75.8500,76.0700,91826.906
1776969000000,76.0700,76.1600,75.8200,75.9400,64418.079
1776969900000,75.9300,75.9400,75.5700,75.6300,86318.995
1776970800000,75.6300,75.7400,75.4700,75.6800,127046.990
1776971700000,75.6800,75.8300,75.6800,75.7800,51069.990
1776972600000,75.7800,75.8500,75.4300,75.5100,88584.652
1776973500000,75.5100,75.7200,75.4600,75.6000,104918.558
1776974400000,75.6000,75.6700,75.4200,75.4300,52609.141
1776975300000,75.4300,75.5200,75.3100,75.4500,32011.502
1776976200000,75.4600,75.5200,75.4300,75.5100,19012.879
1776977100000,75.5100,75.5400,75.4000,75.5100,16942.801
1776978000000,75.5100,75.5900,75.4600,75.5000,41050.508
1776978900000,75.5100,75.5600,75.4600,75.5400,12983.428
1776979800000,75.5400,75.6500,75.5300,75.6400,16972.128
1776980700000,75.6300,75.6900,75.6100,75.6200,4891.985
1776981600000,75.6200,75.8100,75.5900,75.7100,100328.792
1776982500000,75.7000,75.7200,75.4300,75.5100,75798.488
1776983400000,75.5100,75.6800,75.4800,75.5400,49246.718
1776984300000,75.5400,75.5600,75.3800,75.4700,31037.142
1776985200000,75.4800,75.5400,75.3300,75.3800,38415.717
1776986100000,75.3800,75.5400,75.2600,75.5400,81666.216
1776987000000,75.5400,75.7300,75.5400,75.6400,81597.814
1776987900000,75.6500,75.7400,75.4900,75.5900,54677.909
1776988800000,75.6000,75.7700,75.4400,75.6700,123081.158
1776989700000,75.6800,75.9300,75.5900,75.9000,130946.054
1776990600000,75.9000,75.9900,75.6600,75.6800,123096.454
1776991500000,75.6800,75.8600,75.5200,75.8100,87236.995
1776992400000,75.8200,75.9400,75.3700,75.7900,143085.322
1776993300000,75.7900,75.8900,75.4400,75.4500,112232.486
1776994200000,75.4400,75.5700,75.1300,75.1700,104475.447
1776995100000,75.1700,75.6600,75.1500,75.6300,74218.931
1776996000000,75.6200,75.6400,75.3000,75.4400,98930.125
1776996900000,75.4300,75.4900,75.1100,75.1800,107090.513
1776997800000,75.1800,75.4700,75.0900,75.3000,166241.440
1776998700000,75.3100,75.3700,74.9100,75.0800,453741.095
1776999600000,75.0700,75.2000,74.7400,74.8000,241779.586
1777000500000,74.8000,75.0800,74.7700,74.9300,147134.529
1777001400000,74.9400,75.1100,74.8200,74.9700,93085.012
1777002300000,74.9700,75.0300,74.8800,74.9000,78870.878
1777003200000,74.9000,75.0500,74.7700,74.9500,83806.152
1777004100000,74.9500,74.9800,74.7300,74.7900,94549.775
1777005000000,74.7900,74.9400,74.7600,74.9400,98670.508
1777005900000,74.9400,75.1400,74.9400,75.0900,52078.956
1777006800000,75.0900,75.1800,74.9000,75.0200,81654.540
1777007700000,75.0200,75.1000,74.9300,75.0300,77054.918
1777008600000,75.0300,75.2800,74.9900,75.0400,138026.573
1777009500000,75.0500,75.1800,74.9600,75.1500,81539.687
1777010400000,75.1600,75.2000,74.9700,75.0100,91301.628
1777011300000,75.0100,75.0400,74.4900,74.5600,198216.083
1777012200000,74.5600,74.6700,74.3500,74.4100,260475.171
1777013100000,74.4100,74.4800,74.0100,74.3400,414898.422
1777014000000,74.3300,74.7200,74.2800,74.6900,165960.902
1777014900000,74.6900,74.7800,74.6100,74.7000,109776.394
1777015800000,74.7000,74.7200,74.5900,74.6800,81608.091
1777016700000,74.6800,74.9600,74.6500,74.9300,80033.657
1777017600000,74.9300,74.9600,74.5800,74.6600,118612.165
1777018500000,74.6600,75.0100,74.6600,74.7300,141556.740
1777019400000,74.7300,74.8100,74.6600,74.7800,52209.533
1777020300000,74.7700,74.9400,74.7700,74.8700,83505.016
1777021200000,74.8700,75.0000,74.8600,74.9600,83896.187
1777022100000,74.9600,75.0000,74.7100,74.8600,122405.552
1777023000000,74.8600,74.9700,74.7800,74.9100,61562.903
1777023900000,74.9100,74.9200,74.6500,74.7500,48417.490
1777024800000,74.7400,74.8200,74.7000,74.7700,33960.674
1777025700000,74.7800,74.9300,74.7500,74.8800,46645.740
1777026600000,74.8800,74.9400,74.7400,74.9000,53806.292
1777027500000,74.8900,74.9300,74.8300,74.8600,28300.373
1777028400000,74.8600,75.7900,74.8500,75.6300,526972.643
1777029300000,75.6200,76.2400,75.5400,76.2300,557110.642
1777030200000,76.2300,76.2900,75.9100,75.9400,341287.054
1777031100000,75.9300,76.0400,75.8300,75.9900,151094.901
1777032000000,76.0000,76.1900,75.9800,76.1300,178832.865
1777032900000,76.1400,76.2800,76.0200,76.1400,224364.058
1777033800000,76.1300,76.1600,75.6700,75.6800,183335.870
1777034700000,75.6900,75.7800,75.5100,75.6500,169932.542
1777035600000,75.6600,75.8100,75.2900,75.6400,296723.046
1777036500000,75.6400,75.7900,75.3700,75.5000,183730.866
1777037400000,75.5100,75.7300,75.2700,75.6500,268523.497
1777038300000,75.6600,75.9900,75.6000,75.8300,269132.067
1777039200000,75.8200,76.2600,75.6800,76.0400,354905.912
1777040100000,76.0300,76.1700,75.8800,75.9900,220646.011
1777041000000,75.9900,76.2000,75.9100,76.1200,119092.066
1777041900000,76.1300,76.1800,75.9000,75.9600,98160.386
1777042800000,75.9600,76.0300,75.7500,75.8100,88140.370
1777043700000,75.8100,75.9600,75.7000,75.7700,105171.863
1777044600000,75.7700,76.2200,75.7400,76.1600,169070.847
1777045500000,76.1600,76.6200,76.1600,76.4100,507102.912
1777046400000,76.4100,76.4600,76.1100,76.1500,127050.401
1777047300000,76.1400,76.2800,76.1100,76.2300,113980.170
1777048200000,76.2300,76.3900,76.1500,76.2500,99057.244
1777049100000,76.2500,76.4700,76.1700,76.4400,127742.428
1777050000000,76.4400,76.6100,76.4300,76.5900,153829.721
1777050900000,76.5900,76.6800,76.3400,76.5100,157603.672
1777051800000,76.5100,76.6300,76.4000,76.5400,85424.079
1777052700000,76.5400,76.7300,76.4800,76.5600,88109.543
1777053600000,76.5600,76.5900,76.4400,76.5600,31384.979
1777054500000,76.5600,76.5800,76.4000,76.4100,28210.618
1777055400000,76.4100,76.5100,76.3800,76.4800,19397.286
1777056300000,76.4800,76.5400,76.3900,76.5300,45307.416
1777057200000,76.5400,76.6400,76.5000,76.5500,81778.940
1777058100000,76.5500,76.5700,76.3000,76.3100,138999.584
1777059000000,76.3100,76.3700,76.1300,76.1400,135141.377
1777059900000,76.1300,76.1800,76.0400,76.0700,69065.369
1777060800000,76.0700,76.0800,75.8900,75.9500,76145.387
1777061700000,75.9400,76.0100,75.9200,75.9800,50874.739
1777062600000,75.9800,76.0300,75.9000,75.9200,29386.903
1777063500000,75.9300,75.9500,75.8000,75.8600,60960.564
1777064400000,75.8600,75.9300,75.7500,75.7600,29815.520
1777065300000,75.7500,75.8100,75.7500,75.7800,33045.368
1777066200000,75.7800,75.8000,75.7700,75.8000,12966.451
1777067100000,75.7900,75.8000,75.7800,75.7800,7303.289
1777068000000,75.7900,75.7900,75.7600,75.7600,8943.622
1777068900000,75.7600,75.7800,75.7400,75.7500,11520.587
1777069800000,75.7500,75.7700,75.7400,75.7500,8708.576
1777070700000,75.7600,75.7600,75.6800,75.7000,18417.347
1777071600000,75.7000,75.7000,75.6900,75.7000,2468.144
1777072500000,75.7000,75.7000,75.6900,75.6900,6908.737
1777073400000,75.7000,75.7400,75.6900,75.7300,16502.097
1777074300000,75.7400,75.7600,75.7300,75.7500,4400.971
1777075200000,75.7600,75.7700,75.7500,75.7700,1592.313
1777076100000,75.7700,75.7700,75.7500,75.7600,3584.395
1777077000000,75.7500,75.7600,75.7500,75.7500,1334.591
1777077900000,75.7600,75.7700,75.7500,75.7500,5027.575
1777078800000,75.7600,75.7600,75.7500,75.7500,994.949
1777079700000,75.7600,75.7600,75.7500,75.7500,1958.223
1777080600000,75.7600,75.7600,75.7500,75.7500,2494.906
1777081500000,75.7500,75.7600,75.7500,75.7500,1267.345
1777082400000,75.7600,75.7900,75.7500,75.7800,6244.468
1777083300000,75.7700,75.7800,75.7600,75.7700,2518.068
1777084200000,75.7700,75.7700,75.7600,75.7600,930.809
1777085100000,75.7700,75.7700,75.7600,75.7700,633.622
1777086000000,75.7700,75.7700,75.7600,75.7600,1574.721
1777086900000,75.7600,75.7700,75.7600,75.7700,658.813
1777087800000,75.7700,75.7700,75.7600,75.7700,1219.738
1777088700000,75.7600,75.7700,75.7500,75.7500,2864.293
1777089600000,75.7500,75.7600,75.7500,75.7500,937.907
1777090500000,75.7500,75.7600,75.7500,75.7600,397.706
1777091400000,75.7600,75.7600,75.7500,75.7500,815.028
1777092300000,75.7500,75.7600,75.7500,75.7600,428.479
1777093200000,75.7600,75.7600,75.7200,75.7300,6661.150
1777094100000,75.7300,75.7400,75.7200,75.7200,1850.102
1777095000000,75.7300,75.7600,75.7200,75.7500,7526.578
1777095900000,75.7500,75.7600,75.7500,75.7600,161.155
1777096800000,75.7500,75.7600,75.7500,75.7500,268.949
1777097700000,75.7500,75.7600,75.7500,75.7600,1118.495
1777098600000,75.7600,75.7700,75.7500,75.7600,2618.161
1777099500000,75.7600,75.7600,75.7500,75.7600,1575.103
1777100400000,75.7600,75.7600,75.7500,75.7600,1167.679
1777101300000,75.7600,75.7700,75.7500,75.7700,1011.250
1777102200000,75.7600,75.7700,75.7600,75.7700,1932.627
1777103100000,75.7600,75.7700,75.7600,75.7600,1800.790
1777104000000,75.7700,75.7700,75.7600,75.7600,181.680
1777104900000,75.7700,75.7700,75.7600,75.7600,39.735
1777105800000,75.7700,75.7700,75.7600,75.7600,281.106
1777106700000,75.7700,75.7700,75.7600,75.7700,427.215
1777107600000,75.7700,75.7700,75.7600,75.7700,203.022
1777108500000,75.7700,75.7700,75.7600,75.7700,847.942
1777109400000,75.7700,75.7700,75.7600,75.7700,1484.760
1777110300000,75.7700,75.7700,75.7600,75.7600,5916.990
1777111200000,75.7700,75.7700,75.7600,75.7600,1304.299
1777112100000,75.7700,75.7700,75.7600,75.7700,180.213
1777113000000,75.7700,75.7700,75.7600,75.7600,2416.647
1777113900000,75.7700,75.7700,75.7600,75.7700,1207.466
1777114800000,75.7600,75.7700,75.7600,75.7700,526.542
1777115700000,75.7700,75.7700,75.7500,75.7500,5107.423
1777116600000,75.7500,75.7600,75.7300,75.7500,7086.287
1777117500000,75.7500,75.7600,75.7300,75.7600,3634.749
1777118400000,75.7600,75.7600,75.7500,75.7600,569.107
1777119300000,75.7500,75.7600,75.7500,75.7600,161.589
1777120200000,75.7600,75.7600,75.7500,75.7600,1954.049
1777121100000,75.7600,75.7600,75.7500,75.7600,186.234
1777122000000,75.7600,75.7600,75.7500,75.7600,427.721
1777122900000,75.7500,75.7600,75.7500,75.7600,522.741
1777123800000,75.7600,75.7600,75.7500,75.7500,237.281
1777124700000,75.7600,75.7600,75.7500,75.7600,258.752
1777125600000,75.7500,75.7600,75.7400,75.7500,3267.893
1777126500000,75.7400,75.7500,75.7400,75.7500,852.482
1777127400000,75.7500,75.7500,75.7400,75.7400,1593.553
1777128300000,75.7500,75.7500,75.7400,75.7400,1867.815
1777129200000,75.7500,75.7600,75.7400,75.7600,2770.529
1777130100000,75.7600,75.7700,75.7500,75.7700,2457.323
1777131000000,75.7700,75.7700,75.7400,75.7600,7827.969
1777131900000,75.7600,75.7600,75.7300,75.7400,5641.712
1777132800000,75.7500,75.7600,75.7400,75.7500,4989.834
1777133700000,75.7600,75.7900,75.7500,75.7800,10133.238
1777134600000,75.7900,75.7900,75.7600,75.7600,3157.280
1777135500000,75.7700,75.7700,75.7500,75.7500,3247.227
1777136400000,75.7600,75.7600,75.7400,75.7400,1523.313
1777137300000,75.7400,75.7500,75.7300,75.7400,491.384
1777138200000,75.7400,75.7400,75.7300,75.7300,2307.083
1777139100000,75.7300,75.7400,75.7300,75.7300,286.642
1777140000000,75.7400,75.7500,75.7300,75.7400,1944.352
1777140900000,75.7400,75.7500,75.7400,75.7400,1496.768
1777141800000,75.7500,75.7500,75.7400,75.7400,287.230
1777142700000,75.7500,75.7500,75.7400,75.7400,4002.912
1777143600000,75.7500,75.7500,75.7400,75.7500,1730.037
1777144500000,75.7500,75.7500,75.7400,75.7500,1207.922
1777145400000,75.7400,75.7500,75.7400,75.7500,116.949
1777146300000,75.7400,75.7500,75.7400,75.7400,408.018
1777147200000,75.7500,75.7500,75.7400,75.7500,285.040
1777148100000,75.7500,75.7700,75.7400,75.7700,6468.807
1777149000000,75.7700,75.7800,75.7600,75.7800,1074.772
1777149900000,75.7800,75.7800,75.7700,75.7800,95.398
1777150800000,75.7700,75.7900,75.7700,75.7900,637.968
1777151700000,75.7800,75.8000,75.7800,75.8000,1319.099
1777152600000,75.7900,75.8200,75.7900,75.8200,4506.072
1777153500000,75.8200,75.8200,75.8100,75.8200,449.574
1777154400000,75.8200,75.8200,75.8100,75.8200,371.098
1777155300000,75.8200,75.8200,75.8100,75.8200,84.886
1777156200000,75.8200,75.8200,75.8100,75.8200,3025.149
1777157100000,75.8200,75.8200,75.8100,75.8200,913.905
1777158000000,75.8200,75.8200,75.8100,75.8200,569.847
1777158900000,75.8100,75.8200,75.7800,75.7900,4365.618
1777159800000,75.7900,75.7900,75.7600,75.7700,6474.084
1777160700000,75.7700,75.7700,75.7600,75.7600,2593.901
1777161600000,75.7600,75.7700,75.7600,75.7700,1330.448
1777162500000,75.7600,75.7700,75.7600,75.7700,1586.621
1777163400000,75.7600,75.7700,75.7600,75.7700,2250.366
1777164300000,75.7700,75.7700,75.7600,75.7600,214.883
1777165200000,75.7700,75.7700,75.7600,75.7600,167.830
1777166100000,75.7700,75.7700,75.7500,75.7600,2498.815
1777167000000,75.7500,75.7600,75.7500,75.7600,620.387
1777167900000,75.7600,75.7600,75.7500,75.7600,514.990
1777168800000,75.7600,75.7600,75.7400,75.7500,3312.948
1777169700000,75.7500,75.7500,75.7400,75.7500,143.115
1777170600000,75.7500,75.7500,75.7400,75.7400,165.927
1777171500000,75.7400,75.7500,75.7400,75.7500,511.184
1777172400000,75.7500,75.7500,75.7400,75.7400,645.353
1777173300000,75.7500,75.7500,75.7400,75.7500,260.670
1777174200000,75.7400,75.7500,75.7400,75.7500,556.724
1777175100000,75.7500,75.7600,75.7400,75.7500,6261.618
1777176000000,75.7500,75.7700,75.7400,75.7700,4112.615
1777176900000,75.7700,75.7700,75.7600,75.7700,3870.338
1777177800000,75.7700,75.7700,75.7600,75.7600,3990.254
1777178700000,75.7600,75.7900,75.7600,75.7800,2634.652
1777179600000,75.7800,75.8000,75.7800,75.7900,3353.242
1777180500000,75.7900,75.8400,75.7900,75.8300,10924.233
1777181400000,75.8400,75.8400,75.8100,75.8100,2655.805
1777182300000,75.8000,75.8100,75.7900,75.7900,968.206
1777183200000,75.8000,75.8000,75.7700,75.7800,3171.302
1777184100000,75.7800,75.7800,75.7700,75.7800,937.624
1777185000000,75.7800,75.7800,75.7700,75.7800,491.333
1777185900000,75.7800,75.7800,75.7700,75.7700,784.221
1777186800000,75.7700,75.7800,75.7500,75.7600,5356.278
1777187700000,75.7700,75.7900,75.7600,75.7900,1834.530
1777188600000,75.7800,75.7900,75.7800,75.7900,852.079
1777189500000,75.7900,75.8000,75.7800,75.8000,2418.090
1777190400000,75.8000,75.8600,75.8000,75.8600,7790.921
1777191300000,75.8600,75.8700,75.8500,75.8600,10312.666
1777192200000,75.8700,75.8800,75.8700,75.8800,981.814
1777193100000,75.8800,75.8800,75.8700,75.8800,2049.957
1777194000000,75.8800,75.8900,75.8700,75.8800,2167.118
1777194900000,75.8800,75.8900,75.8600,75.8700,4980.129
1777195800000,75.8600,75.8700,75.8500,75.8500,6937.996
1777196700000,75.8500,75.8600,75.8500,75.8500,1740.138
1777197600000,75.8600,75.8600,75.8500,75.8500,2979.724
1777198500000,75.8600,75.8600,75.8500,75.8600,3822.065
1777199400000,75.8500,75.8600,75.8500,75.8600,4241.184
1777200300000,75.8600,75.8600,75.8500,75.8600,3014.522
1777201200000,75.8600,75.8600,75.8500,75.8600,4653.806
1777202100000,75.8500,75.8600,75.8500,75.8500,2966.886
1777203000000,75.8500,75.8600,75.8400,75.8500,10781.523
1777203900000,75.8400,75.8500,75.8300,75.8300,6111.883
1777204800000,75.8400,75.8600,75.8400,75.8600,14949.341
1777205700000,75.8500,75.8700,75.8500,75.8500,12403.041
1777206600000,75.8500,75.9500,75.7500,75.9500,52727.066
1777207500000,75.9400,75.9600,75.8400,75.8800,21203.230
1777208400000,75.8700,75.9100,75.8700,75.8800,2865.540
1777209300000,75.8700,75.8800,75.8500,75.8500,4363.141
1777210200000,75.8500,75.8600,75.8000,75.8300,9610.375
1777211100000,75.8400,75.8400,75.8300,75.8300,2529.917
1777212000000,75.8300,75.8400,75.7800,75.7900,5477.291
1777212900000,75.7900,75.8300,75.7900,75.7900,6322.721
1777213800000,75.7800,75.8100,75.7800,75.8000,9594.721
1777214700000,75.8000,75.8000,75.7900,75.7900,3140.132
1777215600000,75.7900,75.8000,75.7600,75.8000,6522.131
1777216500000,75.7900,75.8000,75.7800,75.7900,1908.309
1777217400000,75.7900,75.8000,75.7800,75.7800,2562.854
1777218300000,75.7900,75.8800,75.7900,75.8100,8895.551
1777219200000,75.8200,75.9500,75.8100,75.8500,31403.831
1777220100000,75.8600,75.9200,75.8200,75.8500,9563.696
1777221000000,75.8500,75.9000,75.8200,75.8800,12727.279
1777221900000,75.8700,75.9100,75.8600,75.8700,2556.143
1777222800000,75.8700,75.9300,75.8700,75.9100,4522.711
1777223700000,75.9100,75.9400,75.9000,75.9200,4070.314
1777224600000,75.9100,75.9800,75.9000,75.9700,11777.048
1777225500000,75.9600,75.9800,75.9200,75.9700,9973.809
1777226400000,75.9800,76.0200,75.9700,75.9900,6730.551
1777227300000,75.9900,76.0500,75.9700,75.9900,13351.942
1777228200000,75.9900,76.0100,75.9700,75.9800,7538.246
1777229100000,75.9800,76.0700,75.9700,76.0000,7926.507
1777230000000,76.0100,76.1300,75.9600,76.0900,43844.006
1777230900000,76.1000,76.1500,76.0600,76.0900,14223.763
1777231800000,76.0800,76.1600,76.0400,76.1300,11896.998
1777232700000,76.1300,76.1500,76.1100,76.1300,8830.879
1777233600000,76.1400,76.2900,76.1300,76.1700,46327.509
1777234500000,76.1800,76.2000,76.1100,76.1200,14946.542
1777235400000,76.1200,76.1800,76.1100,76.1500,12301.068
1777236300000,76.1400,76.1600,76.1100,76.1500,8091.329
1777237200000,76.1500,76.2400,76.1300,76.2100,20013.075
1777238100000,76.2100,76.3500,76.1800,76.3400,24474.734
1777239000000,76.3400,76.3400,76.1300,76.1400,27305.825
1777239900000,76.1300,76.2000,76.0100,76.0200,37480.946
1777240800000,76.0100,76.0800,75.0700,75.3600,844660.315
1777241700000,75.3700,75.3900,75.0700,75.2300,214134.896
1777242600000,75.2300,75.2400,75.0000,75.1600,174076.906
1777243500000,75.1500,75.2200,75.1000,75.1700,84306.659
1777244400000,75.1600,75.1600,74.9800,75.1000,67940.941
1777245300000,75.0900,75.1600,74.9300,74.9400,42763.190
1777246200000,74.9300,75.0000,74.7500,74.8100,143002.382
1777247100000,74.8200,74.9700,74.8100,74.9300,86870.708
1777248000000,74.9300,75.1400,74.8600,75.0900,212129.814
1777248900000,75.1000,75.2200,75.0100,75.1600,72252.065
1777249800000,75.1700,75.2000,75.0500,75.1800,66370.877
1777250700000,75.1800,75.7400,75.1500,75.7100,128114.251
1777251600000,75.7200,76.0800,75.4400,75.4700,320810.458
1777252500000,75.4800,75.6600,75.3400,75.5300,98146.884
1777253400000,75.5400,75.6400,75.3900,75.4100,88959.503
1777254300000,75.4000,75.7300,75.3900,75.5100,101077.291
1777255200000,75.5200,75.5800,75.1000,75.2000,102995.684
1777256100000,75.2100,75.5100,75.1900,75.4000,50276.973
1777257000000,75.4000,75.6600,75.3500,75.5800,85950.657
1777257900000,75.5900,76.2000,75.5500,76.0300,195949.890
1777258800000,76.0400,76.1500,75.9600,76.0200,99710.545
1777259700000,76.0300,76.0600,75.9300,76.0100,69570.310
1777260600000,76.0100,76.5900,76.0000,76.5200,118231.738
1777261500000,76.5300,76.5900,76.3700,76.3700,86161.681
1777262400000,76.3800,76.5100,76.3700,76.4500,34058.935
1777263300000,76.4500,76.4900,76.3500,76.4800,43964.476
1777264200000,76.4800,76.5500,76.3800,76.4500,65495.804
1777265100000,76.4500,76.4600,76.3400,76.4400,60606.126
1777266000000,76.4400,76.4500,76.2200,76.2300,56831.030
1777266900000,76.2200,76.2400,76.0400,76.1000,133989.911
1777267800000,76.1100,76.1200,75.6800,75.7600,173163.573
1777268700000,75.7700,75.8600,75.6500,75.6900,64243.436
1777269600000,75.6900,75.9400,75.6900,75.9300,62681.032
1777270500000,75.9300,76.0500,75.8200,75.9800,76269.026
1777271400000,75.9800,75.9800,75.8100,75.8400,36821.348
1777272300000,75.8300,76.0100,75.8200,75.8700,37723.676
1777273200000,75.8700,76.0200,75.7800,75.9500,56892.751
1777274100000,75.9500,75.9700,75.7600,75.9100,70891.582
1777275000000,75.9100,75.9300,75.7900,75.8500,45667.321
1777275900000,75.8500,75.9500,75.7700,75.7800,33577.392
1777276800000,75.7900,75.8300,75.5600,75.6000,110775.356
1777277700000,75.6100,75.7100,75.5600,75.6100,57126.372
1777278600000,75.6000,75.7000,75.5100,75.6900,44060.485
1777279500000,75.6900,75.7900,75.5800,75.6300,65627.890
1777280400000,75.6300,75.6600,75.4600,75.5600,108643.840
1777281300000,75.5600,75.7100,75.4900,75.6700,51415.723
1777282200000,75.6700,75.7400,75.5800,75.7400,37969.922
1777283100000,75.7400,75.7400,75.6000,75.6800,32256.649
1777284000000,75.6900,75.7800,75.6400,75.6500,17670.347
1777284900000,75.6600,75.7800,75.6200,75.7600,18636.122
1777285800000,75.7600,75.9300,75.7500,75.8800,82188.860
1777286700000,75.8800,75.9600,75.8600,75.9300,44785.094
1777287600000,75.9200,75.9300,75.7100,75.7300,38457.498
1777288500000,75.7200,75.8400,75.6300,75.7900,66753.654
1777289400000,75.8000,75.8600,75.5300,75.6200,80457.493
1777290300000,75.6200,75.7100,75.5900,75.7000,21477.714
1777291200000,75.7000,75.9100,75.6200,75.9000,69279.482
1777292100000,75.8900,75.9700,75.6200,75.7200,80946.765
1777293000000,75.7100,75.7400,75.2700,75.3200,145970.935
1777293900000,75.3100,75.6400,75.2700,75.5300,139750.501
1777294800000,75.5300,75.6100,75.1200,75.2400,201497.565
1777295700000,75.2300,75.5300,75.2000,75.5100,82494.849
1777296600000,75.5200,75.5700,75.2800,75.3300,148785.088
1777297500000,75.3400,75.5600,75.0500,75.5400,178726.725
1777298400000,75.5300,75.6100,75.2700,75.3500,119700.812
1777299300000,75.3500,75.4300,75.1400,75.2000,97158.958
1777300200000,75.1900,75.5800,75.0500,75.3300,240087.179
1777301100000,75.3300,75.3600,74.9300,75.0400,206677.888
1777302000000,75.0500,75.1000,74.7100,75.0200,330671.179
1777302900000,75.0100,75.2400,74.9400,75.2400,122424.403
1777303800000,75.2300,75.2900,75.1700,75.2100,87001.325
1777304700000,75.2100,75.2100,74.9400,75.0100,73530.226
1777305600000,75.0000,75.0900,74.8400,75.0300,75686.523
1777306500000,75.0300,75.1600,75.0300,75.1400,57097.118
1777307400000,75.1400,75.3000,75.1300,75.1800,115268.121
1777308300000,75.1800,75.2700,75.1600,75.1900,55206.252
1777309200000,75.2000,75.2800,75.1100,75.1900,50324.810
1777310100000,75.1900,75.2200,74.9700,75.1000,152034.760
1777311000000,75.0900,75.2500,75.0600,75.2100,80483.245
1777311900000,75.2200,75.3800,75.2100,75.3400,50707.603
1777312800000,75.3300,75.5000,75.2200,75.4600,52523.100
1777313700000,75.4600,75.5600,75.4200,75.5300,31132.435
1777314600000,75.5300,75.7100,75.5000,75.6200,40441.484
1777315500000,75.6300,75.7400,75.5600,75.6600,36421.026
1777316400000,75.6500,75.6500,75.4800,75.5500,43576.224
1777317300000,75.5500,75.6400,75.5300,75.5400,25189.100
1777318200000,75.5400,75.5400,75.4300,75.5400,20156.760
1777319100000,75.5300,75.5900,75.4800,75.5400,28520.260
1777320000000,75.5500,75.5900,75.4500,75.5400,13860.825
1777320900000,75.5500,75.5800,75.4600,75.4700,13729.974
1777321800000,75.4600,75.5100,75.3800,75.4800,26630.244
1777322700000,75.4900,75.5400,75.4400,75.5400,35221.327
1777323600000,75.5400,75.6300,75.5200,75.5500,19484.047
1777324500000,75.5500,75.6000,75.5300,75.5500,7408.899
1777325400000,75.5400,75.5700,75.5400,75.5400,6503.283
1777326300000,75.5400,75.5800,75.5000,75.5500,7855.211
1777327200000,75.5400,75.9200,75.5200,75.8700,169156.167
1777328100000,75.8700,76.0000,75.8000,75.9100,373028.596
1777329000000,75.9100,76.0000,75.8600,75.8800,56751.101
1777329900000,75.8800,75.9400,75.8600,75.9300,32534.568
1777330800000,75.9300,75.9900,75.8500,75.9900,103004.181
1777331700000,75.9900,76.0200,75.9300,75.9800,99947.313
1777332600000,75.9700,76.0300,75.9600,76.0200,57299.419
1777333500000,76.0200,76.0400,75.9800,75.9900,38755.405
1777334400000,76.0000,76.2200,75.9500,76.1000,181878.599
1777335300000,76.1000,76.1300,75.8400,75.9800,297421.080
1777336200000,75.9900,76.0200,75.9100,75.9800,130642.591
1777337100000,75.9800,76.0300,75.7600,75.7700,121520.210
1777338000000,75.7600,75.8400,75.6100,75.7200,622728.500
1777338900000,75.7200,75.7300,75.4600,75.5000,545346.598
1777339800000,75.4900,75.5100,75.2400,75.3500,117865.765
1777340700000,75.3500,75.3700,74.6600,74.7000,267960.277
1777341600000,74.6900,74.9600,74.4100,74.9500,299275.427
1777342500000,74.9500,74.9900,74.8400,74.9100,40778.540
1777343400000,74.9000,74.9000,74.5800,74.5900,109796.018
1777344300000,74.5900,74.6000,74.2500,74.4100,315619.493
1777345200000,74.4100,74.7900,74.3800,74.7300,114404.466
1777346100000,74.7300,74.8300,74.6800,74.8100,64010.399
1777347000000,74.8100,74.8700,74.7000,74.7000,35250.313
1777347900000,74.7000,74.7400,74.6200,74.6900,44575.751
1777348800000,74.7000,74.7200,74.5500,74.6600,68250.264
1777349700000,74.6600,74.6800,74.5600,74.6000,28716.795
1777350600000,74.6000,74.6700,74.5800,74.6100,35643.691
1777351500000,74.6200,74.6300,74.5100,74.5400,35509.300
1777352400000,74.5400,74.5700,74.0600,74.1300,279115.237
1777353300000,74.1300,74.3500,74.0900,74.2500,202599.007
1777354200000,74.2600,74.2700,73.2400,73.3800,982233.902
1777355100000,73.3700,73.6300,73.2800,73.5300,244967.925
1777356000000,73.5300,73.8300,73.3600,73.7300,206337.541
1777356900000,73.7200,73.7500,72.9500,73.3100,385902.290
1777357800000,73.3100,73.4200,73.1300,73.1600,190535.862
1777358700000,73.1700,73.3100,72.9600,73.3000,168951.145
1777359600000,73.2900,73.6000,73.2200,73.5000,205463.981
1777360500000,73.5000,73.5600,73.3000,73.3400,133948.023
1777361400000,73.3500,73.4800,73.2000,73.3500,124351.926
1777362300000,73.3500,73.4300,73.1700,73.4300,135534.747
1777363200000,73.4400,73.4400,72.7400,73.0700,406595.181
1777364100000,73.0700,73.4500,73.0700,73.4500,142224.607
1777365000000,73.4500,73.7600,73.4300,73.5800,212092.284
1777365900000,73.5800,73.6400,73.4300,73.6200,125604.211
1777366800000,73.6200,73.6200,73.3500,73.4700,99797.424
1777367700000,73.4700,73.5400,73.2400,73.3200,82333.233
1777368600000,73.3300,73.3500,72.9800,73.1300,197235.780
1777369500000,73.1200,73.1500,72.9100,73.0400,147068.677
1777370400000,73.0400,73.3100,73.0400,73.3000,159827.280
1777371300000,73.2900,73.5300,73.2500,73.4000,157864.321
1777372200000,73.3900,73.4900,73.3700,73.4300,129273.413
1777373100000,73.4400,73.5500,73.2900,73.2900,136919.809
1777374000000,73.2900,73.4100,72.9100,72.9500,313178.092
1777374900000,72.9400,72.9500,72.6900,72.7900,283271.185
1777375800000,72.7800,72.7900,72.1200,72.3900,435624.586
1777376700000,72.3800,72.4000,72.0900,72.3000,285985.748
1777377600000,72.3100,72.8900,72.1600,72.8700,311224.050
1777378500000,72.8800,73.5900,72.8300,73.1400,576173.298
1777379400000,73.1300,73.5600,72.9200,73.4800,308485.078
1777380300000,73.4900,73.7800,73.4700,73.5400,282332.297
1777381200000,73.5400,73.5400,72.5500,72.6400,553456.711
1777382100000,72.6300,72.8400,72.4600,72.7600,482706.360
1777383000000,72.7400,73.1600,72.4700,73.0300,574465.644
1777383900000,73.0200,73.2200,72.8100,72.9800,249921.803
1777384800000,72.9800,72.9900,72.6200,72.6200,264591.559
1777385700000,72.6300,72.7400,72.3100,72.6600,293384.025
1777386600000,72.6700,72.8100,72.3800,72.6500,200855.928
1777387500000,72.6500,73.0000,72.5400,73.0000,269599.220
1777388400000,73.0000,73.1600,72.7100,72.8000,188519.550
1777389300000,72.7900,72.9800,72.6800,72.9800,130193.497
1777390200000,72.9700,73.1300,72.8000,73.0700,191717.047
1777391100000,73.0700,73.2800,73.0100,73.2800,166089.586
1777392000000,73.2700,73.2800,73.0900,73.1600,96259.585
1777392900000,73.1700,73.1700,73.0200,73.0400,78705.730
1777393800000,73.0400,73.2000,73.0000,73.1900,51170.962
1777394700000,73.1900,73.4000,73.1500,73.2700,115688.373
1777395600000,73.2700,73.3400,73.1400,73.1900,76697.032
1777396500000,73.2000,73.5700,73.0400,73.4500,175231.299
1777397400000,73.4400,73.5800,73.4300,73.4900,62071.586
1777398300000,73.4800,73.5300,73.3100,73.3300,76445.466
1777399200000,73.3300,73.4300,73.2500,73.3200,54127.949
1777400100000,73.3300,73.4900,73.3000,73.4100,83297.091
1777401000000,73.4100,73.4300,73.2800,73.3700,29333.748
1777401900000,73.3700,73.4000,73.2400,73.2400,27475.420
1777402800000,73.2500,73.3600,73.2200,73.2700,32825.343
1777403700000,73.2700,73.2700,73.1600,73.2300,30761.058
1777404600000,73.2300,73.3700,73.2200,73.3500,25584.917
1777405500000,73.3500,73.3700,73.1700,73.2300,61243.947
1777406400000,73.2300,73.2900,73.1900,73.2200,24537.678
1777407300000,73.2300,73.2500,73.0600,73.1100,49892.836
1777408200000,73.1100,73.1600,73.0800,73.1100,20198.896
1777409100000,73.1100,73.2100,73.0800,73.1400,26556.686
1777410000000,73.1300,73.2300,73.1100,73.2100,27539.851
1777410900000,73.2100,73.2400,73.1900,73.2100,3420.925
1777411800000,73.2100,73.2800,73.1900,73.2300,14529.968
1777412700000,73.2400,73.3700,73.2100,73.2900,33352.660
1777413600000,73.2800,73.3300,73.1300,73.2800,77189.267
1777414500000,73.2700,73.2900,73.2100,73.2200,16284.370
1777415400000,73.2200,73.2900,73.1900,73.2100,17297.767
1777416300000,73.2100,73.2600,73.2000,73.2200,29751.111
1777417200000,73.2200,73.2300,73.1000,73.1700,82638.658
1777418100000,73.1600,73.2500,73.1600,73.2300,29379.468
1777419000000,73.2300,73.3000,73.1300,73.2000,55577.332
1777419900000,73.2000,73.3600,73.1800,73.3400,56891.276
1777420800000,73.3300,73.7500,73.3300,73.5600,350378.830
1777421700000,73.5600,73.5800,73.2000,73.2500,169318.520
1777422600000,73.2600,73.4200,73.2100,73.4000,63819.121
1777423500000,73.4100,73.4200,73.1900,73.2700,74239.028
1777424400000,73.2600,73.2600,72.8400,73.0300,294003.804
1777425300000,73.0200,73.3800,73.0100,73.1100,167099.900
1777426200000,73.1000,73.5000,73.0600,73.4600,174111.942
1777427100000,73.4600,73.4800,73.2100,73.3200,122412.782
1777428000000,73.3200,73.7800,73.3200,73.6400,190458.883
1777428900000,73.6400,73.8100,73.6100,73.6500,109300.894
1777429800000,73.6400,73.7900,73.6100,73.6900,129810.378
1777430700000,73.6900,73.8800,73.5700,73.6200,124563.962
1777431600000,73.6200,73.9200,73.5900,73.8900,86682.533
1777432500000,73.8800,73.9000,73.7800,73.8800,84782.613
1777433400000,73.8700,73.8700,73.6600,73.6900,47166.372
1777434300000,73.6900,73.7500,73.6500,73.6900,64224.879
1777435200000,73.7000,73.8800,73.6900,73.8300,65232.006
1777436100000,73.8300,73.8500,73.7200,73.8400,40210.367
1777437000000,73.8400,73.9600,73.8200,73.8500,61513.814
1777437900000,73.8500,73.9300,73.8400,73.9000,27775.820
1777438800000,73.8900,73.9400,73.7600,73.7700,50508.587
1777439700000,73.7800,73.8300,73.7300,73.8100,52815.443
1777440600000,73.8100,73.8500,73.6100,73.8400,103766.930
1777441500000,73.8500,74.0400,73.6600,73.6600,128303.124
1777442400000,73.6600,73.9000,73.6500,73.6900,119982.324
1777443300000,73.6800,73.7200,73.5900,73.6500,96545.878
1777444200000,73.6500,73.7100,73.5200,73.6100,121910.922
1777445100000,73.6200,73.6600,73.4100,73.5000,95261.397
1777446000000,73.5000,73.6500,73.3400,73.3700,144438.206
1777446900000,73.3800,73.4000,73.2100,73.3500,71765.371
1777447800000,73.3500,73.4300,73.1400,73.2000,129491.829
1777448700000,73.2100,73.2600,73.0400,73.0500,125760.034
1777449600000,73.0500,73.2500,72.7600,72.8200,363580.863
1777450500000,72.8200,72.9500,72.7300,72.7700,197783.419
1777451400000,72.7600,72.8500,72.5800,72.8400,238452.343
1777452300000,72.8300,73.0000,72.8300,72.9200,91069.243
1777453200000,72.9200,72.9800,72.8500,72.9300,53049.347
1777454100000,72.9300,73.0500,72.7900,72.8200,82023.971
1777455000000,72.8100,72.9500,72.7300,72.7300,88058.375
1777455900000,72.7300,72.7900,72.6400,72.7000,106292.870
1777456800000,72.7000,72.9100,72.6700,72.9100,80457.531
1777457700000,72.9100,73.0200,72.9000,72.9900,64571.049
1777458600000,72.9800,73.1500,72.9400,72.9500,165200.773
1777459500000,72.9500,73.0300,72.9200,73.0000,77996.254
1777460400000,73.0100,73.0400,72.6600,72.7400,224910.213
1777461300000,72.7400,72.8300,72.7000,72.7000,70189.480
1777462200000,72.6900,72.9100,72.6600,72.7700,107598.714
1777463100000,72.7700,72.7700,72.5600,72.6100,179445.107
1777464000000,72.6100,72.7900,72.5200,72.7400,148522.460
1777464900000,72.7400,72.8300,72.6000,72.6100,91820.218
1777465800000,72.6000,72.6000,72.4000,72.5100,194008.014
1777466700000,72.5000,72.5700,72.0200,72.1200,394196.120
1777467600000,72.1300,72.5000,72.1200,72.3100,252524.949
1777468500000,72.3100,72.4000,71.7600,71.8300,497104.188
1777469400000,71.8200,71.9000,71.4300,71.4400,546794.076
1777470300000,71.4400,71.8900,71.3500,71.6600,372611.097
1777471200000,71.6700,71.9000,71.5900,71.8600,230612.800
1777472100000,71.8600,72.0600,71.8100,71.9500,235733.153
1777473000000,71.9600,72.2000,71.8400,71.9900,157861.932
1777473900000,72.0000,72.0100,71.7200,71.9200,176608.272
1777474800000,71.9300,72.1300,71.5400,71.6800,209092.288
1777475700000,71.6700,71.8100,71.6200,71.7300,179441.231
1777476600000,71.7300,71.9700,71.6300,71.8500,121436.337
1777477500000,71.8500,71.9600,71.5100,71.6100,214863.880
1777478400000,71.6000,71.9200,71.5600,71.7600,110233.233
1777479300000,71.7600,71.9400,71.7300,71.8700,104844.034
1777480200000,71.8600,71.8700,71.6100,71.7400,128200.413
1777481100000,71.7400,71.7700,71.5800,71.6000,42703.289
1777482000000,71.6000,71.6600,71.4900,71.6100,72026.417
1777482900000,71.6100,71.7900,71.5400,71.6200,80237.648
1777483800000,71.6200,71.6900,71.5900,71.6300,41671.459
1777484700000,71.6300,71.6500,71.4100,71.5900,114337.373
1777485600000,71.5900,71.7000,71.0700,71.0800,279186.794
1777486500000,71.0800,71.4000,71.0700,71.2900,104364.675
1777487400000,71.2900,71.5700,71.0400,71.0400,368703.472
1777488300000,71.0400,71.5700,70.9800,71.5700,200607.928
1777489200000,71.5700,71.9100,71.5200,71.9000,153119.148
1777490100000,71.8900,71.9400,71.7400,71.7600,97551.854
1777491000000,71.7600,71.7900,71.5500,71.6300,130806.474
1777491900000,71.6400,71.7800,71.6200,71.7400,176286.559
1777492800000,71.7400,71.8200,71.4200,71.4500,202378.473
1777493700000,71.4500,71.5100,71.3100,71.4600,62060.020
1777494600000,71.4500,71.5400,71.4000,71.4300,29320.391
1777495500000,71.4300,71.4600,71.3800,71.4100,27929.148
1777496400000,71.4100,71.4400,71.3700,71.4400,11069.893
1777497300000,71.4400,71.4800,71.4200,71.4700,6140.635
1777498200000,71.4700,71.5900,71.4500,71.5200,9947.519
1777499100000,71.5200,71.6200,71.4200,71.4400,21542.483
1777500000000,71.4400,71.5400,71.3100,71.4800,70738.903
1777500900000,71.4900,71.6400,71.4800,71.5900,53946.949
1777501800000,71.5800,71.6600,71.5000,71.5700,66176.009
1777502700000,71.5800,71.6900,71.5500,71.6500,38298.586
1777503600000,71.6600,71.7000,71.6200,71.6900,23501.568
1777504500000,71.6900,71.7400,71.6100,71.6600,35434.921
1777505400000,71.6500,71.8200,71.6300,71.7900,66001.337
1777506300000,71.7900,71.9400,71.7500,71.9100,64907.104
1777507200000,71.9100,72.2400,71.8900,72.0000,256222.763
1777508100000,72.0000,72.2100,71.9600,72.2000,98431.803
1777509000000,72.2100,72.2800,72.1400,72.2100,79244.706
1777509900000,72.2200,72.3900,72.0600,72.1300,123887.748
1777510800000,72.1200,72.6200,72.1200,72.5900,308742.735
1777511700000,72.6000,73.0200,72.4100,72.9000,253801.586
1777512600000,72.9100,72.9900,72.6900,72.8100,177350.009
1777513500000,72.8000,73.0300,72.7000,72.9400,128619.032
1777514400000,72.9500,73.0300,72.8400,73.0000,133945.574
1777515300000,73.0000,73.0000,72.6600,72.6800,153357.726
1777516200000,72.6800,72.7100,72.2500,72.2700,326419.138
1777517100000,72.2700,72.3800,72.2300,72.3600,167264.729
1777518000000,72.3500,72.5200,72.2600,72.3500,144701.801
1777518900000,72.3600,72.4100,72.2500,72.3300,82036.102
1777519800000,72.3300,72.3500,72.0700,72.1400,131328.170
1777520700000,72.1300,72.1600,72.0600,72.1000,54697.662
1777521600000,72.1000,72.1600,71.9900,72.1200,93900.950
1777522500000,72.1200,72.1400,71.9200,71.9900,100558.517
1777523400000,71.9800,72.0200,71.7700,71.9000,134420.479
1777524300000,71.8900,71.9800,71.6500,71.6700,137853.490
1777525200000,71.6700,72.0500,71.6600,71.9900,117837.893
1777526100000,72.0000,72.0500,71.8900,71.9700,66897.598
1777527000000,71.9800,72.2300,71.9300,72.1700,163369.692
1777527900000,72.1700,72.4200,72.1700,72.2400,99223.844
1777528800000,72.2400,72.4000,72.1800,72.2900,187504.944
1777529700000,72.2900,72.4500,72.2400,72.4200,69471.082
1777530600000,72.4300,72.8600,72.4300,72.6000,271333.746
1777531500000,72.6000,73.0600,72.6000,73.0000,273998.804
1777532400000,73.0000,73.2200,72.8800,73.1100,293836.609
1777533300000,73.1000,73.1300,72.7700,72.9200,148147.422
1777534200000,72.9300,73.0700,72.8200,73.0200,91337.113
1777535100000,73.0300,73.3600,73.0200,73.1700,153832.697
1777536000000,73.1700,73.6900,73.1000,73.5000,330181.565
1777536900000,73.5000,73.5400,73.3200,73.4400,118733.994
1777537800000,73.4400,73.5700,73.3500,73.4400,102987.566
1777538700000,73.4400,73.5100,73.3800,73.4000,57318.424
1777539600000,73.4000,73.4900,73.2600,73.3500,73584.183
1777540500000,73.3400,73.5200,73.2000,73.5200,80004.147
1777541400000,73.5200,73.7300,73.3700,73.4100,186840.183
1777542300000,73.4100,73.5300,73.3700,73.5000,64567.792
1777543200000,73.5000,73.6600,73.4900,73.5800,66622.030
1777544100000,73.5800,73.8100,73.5700,73.8100,102794.852
1777545000000,73.8100,73.8600,73.6000,73.6500,96477.859
1777545900000,73.6500,73.7600,73.5600,73.7500,90102.827
1777546800000,73.7600,73.8800,73.5800,73.7000,150227.305
1777547700000,73.7000,73.9500,73.6500,73.9400,93278.270
1777548600000,73.9400,73.9700,73.5400,73.6200,141634.786
1777549500000,73.6100,73.7100,73.5300,73.6000,114453.921
1777550400000,73.6000,73.7500,73.5800,73.7000,82301.632
1777551300000,73.7100,73.8800,73.6500,73.8200,92721.394
1777552200000,73.8200,73.8700,73.5100,73.5200,172898.987
1777553100000,73.5100,73.6400,73.4100,73.5800,96172.434
1777554000000,73.5900,73.8200,73.5800,73.7600,129531.205
1777554900000,73.7600,73.8200,73.6100,73.7300,79023.941
1777555800000,73.7200,73.7500,73.2000,73.3600,190594.931
1777556700000,73.3500,73.3600,72.9300,73.0400,268452.112
1777557600000,73.0400,73.3800,73.0100,73.2200,179063.921
1777558500000,73.2300,73.4600,73.1000,73.4200,139464.191
1777559400000,73.4100,73.4100,72.9000,73.1000,150681.662
1777560300000,73.1000,73.3700,73.0900,73.2000,127312.199
1777561200000,73.2000,73.4000,73.0800,73.2400,122658.323
1777562100000,73.2500,73.4300,73.1700,73.3700,122174.461
1777563000000,73.3700,73.4900,73.2000,73.2600,94961.536
1777563900000,73.2500,73.2500,73.0800,73.2300,82261.279
1777564800000,73.2400,73.3100,73.1000,73.2000,93080.686
1777565700000,73.2000,73.2100,73.0800,73.2000,41679.372
1777566600000,73.2000,73.4100,73.1700,73.3400,51817.861
1777567500000,73.3300,73.4800,73.2900,73.3700,70920.547
1777568400000,73.3700,73.7000,73.3600,73.6100,143329.457
1777569300000,73.6000,73.6700,73.4500,73.6300,129429.511
1777570200000,73.6300,73.8300,73.5800,73.6000,85935.445
1777571100000,73.5900,73.7700,73.5800,73.7100,52326.109
1777572000000,73.7100,73.8900,73.7100,73.7900,53272.918
1777572900000,73.7900,73.8700,73.6100,73.6500,48552.300
1777573800000,73.6600,73.7400,73.6000,73.6500,43710.829
1777574700000,73.6400,73.8200,73.6300,73.7700,28237.922
1777575600000,73.7600,73.8900,73.7400,73.7500,42386.142
1777576500000,73.7500,73.7800,73.5900,73.6400,43545.566
1777577400000,73.6400,73.7800,73.5800,73.7800,49589.596
1777578300000,73.7700,73.8100,73.6700,73.7000,44413.459
1777579200000,73.7100,73.8000,73.6600,73.6700,37890.060
1777580100000,73.6600,73.7400,73.6600,73.6900,10818.086
1777581000000,73.6800,73.7100,73.6500,73.6800,12656.738
1777581900000,73.6900,73.8500,73.6900,73.8100,24381.909
1777582800000,73.8100,73.8200,73.7600,73.7900,12268.193
1777583700000,73.7900,73.8400,73.7900,73.8000,4203.262
1777584600000,73.7900,74.1300,73.7800,73.9300,39471.753
1777585500000,73.9300,73.9300,73.8000,73.8100,3715.508
1777586400000,73.8100,74.3800,73.8000,74.1500,346126.063
1777587300000,74.1500,74.2300,74.1300,74.2200,36695.587
1777588200000,74.2100,74.2300,74.0900,74.2200,31515.094
1777589100000,74.2300,74.2400,74.1400,74.2100,36287.145
1777590000000,74.2100,74.2400,74.1500,74.1700,39066.663
1777590900000,74.1700,74.2800,74.1600,74.2700,25738.348
1777591800000,74.2600,74.5300,74.2400,74.4200,107730.674
1777592700000,74.4200,74.5600,74.3600,74.3700,91118.081
1777593600000,74.3800,74.5600,74.3100,74.3600,120664.821
1777594500000,74.3500,74.6300,74.3300,74.5100,147224.300
1777595400000,74.5100,74.5100,74.2600,74.3200,78894.143
1777596300000,74.3200,74.4500,74.1900,74.2200,55712.308
1777597200000,74.2100,74.2700,74.1000,74.2100,122524.705
1777598100000,74.2000,74.2200,74.0900,74.1200,19772.642
1777599000000,74.1200,74.2700,74.1200,74.1900,29955.107
1777599900000,74.2000,74.2900,74.1700,74.2500,38169.746
1777600800000,74.2500,74.6000,74.2000,74.4800,55126.740
1777601700000,74.4800,74.6500,74.4600,74.5000,71208.741
1777602600000,74.5000,74.5400,74.2600,74.2900,35421.550
1777603500000,74.2900,74.2900,74.1200,74.2300,29805.361
1777604400000,74.2200,74.2800,74.1800,74.2700,19109.655
1777605300000,74.2700,74.4300,74.2600,74.4300,40226.464
1777606200000,74.4300,74.5400,74.3100,74.3400,47695.390
1777607100000,74.3400,74.4100,74.3100,74.3600,22785.968
1777608000000,74.3600,74.4100,74.1700,74.1900,24539.831
1777608900000,74.2000,74.2600,74.1400,74.1400,25343.206
1777609800000,74.1500,74.1600,73.8600,73.9600,74645.383
1777610700000,73.9500,73.9600,73.8000,73.9000,32883.101
1777611600000,73.9100,74.0400,73.8700,74.0300,23163.792
1777612500000,74.0300,74.0900,73.9500,74.0800,23722.574
1777613400000,74.0700,74.1000,73.9600,73.9700,23059.746
1777614300000,73.9600,74.1000,73.8200,73.8800,48638.958
1777615200000,73.8800,73.9400,73.7500,73.8600,48560.395
1777616100000,73.8600,73.9100,73.6600,73.7000,37056.123
1777617000000,73.7000,73.7500,73.4200,73.5400,92481.166
1777617900000,73.5400,73.6600,73.4100,73.5100,69476.815
1777618800000,73.5100,73.6600,73.4200,73.6300,75820.997
1777619700000,73.6300,73.7000,73.3800,73.5900,58345.630
1777620600000,73.5900,73.6000,73.3700,73.4200,51291.259
1777621500000,73.4200,73.4500,73.1400,73.2300,129933.323
1777622400000,73.2400,73.3700,73.2000,73.2500,75543.273
1777623300000,73.2500,73.3400,73.1600,73.1800,64816.202
1777624200000,73.1900,73.2700,73.1300,73.2300,58175.597
1777625100000,73.2300,73.2500,73.1200,73.2000,44367.019
1777626000000,73.2100,73.2200,73.0700,73.1500,60525.512
1777626900000,73.1500,73.3100,73.1400,73.2900,92609.717
1777627800000,73.2800,73.4000,73.2600,73.3500,56744.517
1777628700000,73.3400,73.4000,73.1900,73.2200,46134.678
1777629600000,73.2200,73.4000,73.2200,73.3800,22775.462
1777630500000,73.3700,73.4200,73.3600,73.3800,24069.256
1777631400000,73.3800,73.4200,73.3300,73.4000,34181.521
1777632300000,73.3900,73.4600,73.3600,73.3800,26645.416
1777633200000,73.3900,73.4100,73.2300,73.3500,37593.813
1777634100000,73.3400,73.7300,73.3100,73.6000,78982.753
1777635000000,73.6000,73.6600,73.5500,73.6100,44160.204
1777635900000,73.6100,73.7800,73.5600,73.7600,107701.013
1777636800000,73.7500,74.2700,73.7500,74.0700,209633.363
1777637700000,74.0800,75.3200,74.0500,74.9800,570658.144
1777638600000,74.9900,75.0200,74.4200,74.5000,313829.199
1777639500000,74.5000,74.5400,74.0800,74.3000,287498.954
1777640400000,74.2900,74.7900,74.2700,74.6500,274024.625
1777641300000,74.6500,74.8500,74.6100,74.8000,189294.668
1777642200000,74.8000,75.7400,74.7000,75.7300,603820.109
1777643100000,75.7200,76.4800,75.4300,76.3600,777324.427
1777644000000,76.3600,76.9400,76.2900,76.8700,439200.362
1777644900000,76.8800,77.0700,76.5600,76.5700,389634.136
1777645800000,76.5800,76.5900,75.9000,75.9300,406287.599
1777646700000,75.9200,76.0200,75.7400,75.8100,283336.707
1777647600000,75.8200,75.8300,75.3500,75.7200,336687.856
1777648500000,75.7200,75.9700,75.7200,75.7600,201879.136
1777649400000,75.7700,76.4000,75.7700,76.1600,357971.827
1777650300000,76.1600,76.3500,75.9300,76.1600,315092.664
1777651200000,76.1600,76.2300,75.9900,76.1000,161787.189
1777652100000,76.1000,76.3200,75.8400,75.8600,228713.042
1777653000000,75.8500,76.0500,75.6900,75.9500,150679.641
1777653900000,75.9500,76.2100,75.9200,76.1000,88263.073
1777654800000,76.1000,76.2600,76.0900,76.2400,83484.494
1777655700000,76.2400,76.2400,75.9000,76.0400,151389.738
1777656600000,76.0400,76.0500,75.9200,75.9800,36017.072
1777657500000,75.9900,76.2100,75.9700,76.0600,52055.659
1777658400000,76.0700,76.0900,75.7400,75.7600,57719.386
1777659300000,75.7600,76.0000,75.7300,76.0000,52661.054
1777660200000,75.9900,76.0000,75.7500,75.8100,57573.225
1777661100000,75.8100,75.9100,75.7100,75.8700,31608.515
1777662000000,75.8800,75.9200,75.7900,75.9200,27262.853
1777662900000,75.9100,75.9600,75.8300,75.8300,12337.464
1777663800000,75.8200,75.8400,75.5400,75.5600,45302.440
1777664700000,75.5500,75.6400,75.4500,75.5400,53990.922
1777665600000,75.5400,75.5900,75.3700,75.4700,37085.877
1777666500000,75.4700,75.5400,75.4500,75.4800,34934.014
1777667400000,75.4800,75.5300,75.4200,75.5000,28361.555
1777668300000,75.5000,75.5400,75.3200,75.3800,57092.903
1777669200000,75.3700,75.3700,75.3000,75.3400,11315.121
1777670100000,75.3500,75.3600,75.2900,75.3500,7669.938
1777671000000,75.3600,75.3800,75.2800,75.3000,10192.299
1777671900000,75.3000,75.4500,75.2900,75.4300,11474.805
1777672800000,75.4200,75.4400,75.3900,75.4000,4693.278
1777673700000,75.4000,75.4200,75.3900,75.4100,4432.118
1777674600000,75.4200,75.4200,75.4100,75.4200,1220.498
1777675500000,75.4200,75.4300,75.4100,75.4300,5089.560
1777676400000,75.4200,75.4300,75.4100,75.4200,3000.361
1777677300000,75.4100,75.4200,75.3800,75.3900,5188.634
1777678200000,75.3800,75.4200,75.3800,75.4100,5524.718
1777679100000,75.4100,75.4200,75.4000,75.4100,6869.528
1777680000000,75.4100,75.4200,75.4000,75.4100,2685.198
1777680900000,75.4100,75.4200,75.4000,75.4100,4127.469
1777681800000,75.4100,75.4100,75.4000,75.4100,2509.824
1777682700000,75.4100,75.4100,75.4000,75.4100,2328.497
1777683600000,75.4100,75.4200,75.4000,75.4000,4832.367
1777684500000,75.4100,75.4500,75.4000,75.4400,14862.066
1777685400000,75.4300,75.4400,75.4300,75.4400,2186.404
1777686300000,75.4300,75.4400,75.4200,75.4300,3418.007
1777687200000,75.4200,75.4300,75.4200,75.4300,2372.033
1777688100000,75.4300,75.4300,75.4200,75.4300,723.782
1777689000000,75.4200,75.4300,75.4100,75.4100,3911.276
1777689900000,75.4200,75.4300,75.4100,75.4300,5041.491
1777690800000,75.4300,75.4300,75.4200,75.4300,3415.285
1777691700000,75.4200,75.4300,75.4200,75.4200,757.395
1777692600000,75.4200,75.4300,75.4100,75.4200,2238.545
1777693500000,75.4100,75.4200,75.4000,75.4100,6489.472
1777694400000,75.4000,75.4100,75.3700,75.3800,8023.598
1777695300000,75.3800,75.4100,75.3800,75.4000,2230.609
1777696200000,75.4000,75.4100,75.4000,75.4100,1044.399
1777697100000,75.4100,75.4100,75.4000,75.4100,530.816
1777698000000,75.4000,75.4200,75.4000,75.4100,2420.946
1777698900000,75.4000,75.4100,75.3900,75.4100,2720.867
1777699800000,75.4100,75.4200,75.4000,75.4100,2282.329
1777700700000,75.4100,75.4200,75.4100,75.4200,768.623
1777701600000,75.4200,75.4300,75.4100,75.4300,6685.306
1777702500000,75.4300,75.4300,75.4200,75.4300,1114.526
1777703400000,75.4200,75.4300,75.4200,75.4200,492.949
1777704300000,75.4200,75.4300,75.4200,75.4300,475.793
1777705200000,75.4200,75.4300,75.4200,75.4300,706.911
1777706100000,75.4200,75.4300,75.4200,75.4200,1386.745
1777707000000,75.4200,75.4300,75.4100,75.4100,3791.822
1777707900000,75.4100,75.4200,75.4100,75.4200,327.148
1777708800000,75.4100,75.4200,75.4100,75.4200,2347.785
1777709700000,75.4100,75.4200,75.4100,75.4200,1225.414
1777710600000,75.4100,75.4200,75.4100,75.4100,220.170
1777711500000,75.4100,75.4200,75.4100,75.4200,2075.151
1777712400000,75.4200,75.4200,75.4100,75.4200,668.710
1777713300000,75.4100,75.4200,75.4100,75.4200,318.331
1777714200000,75.4100,75.4200,75.4000,75.4200,10767.541
1777715100000,75.4100,75.4200,75.4100,75.4200,896.006
1777716000000,75.4200,75.4200,75.4100,75.4100,770.149
1777716900000,75.4100,75.4200,75.4100,75.4100,759.199
1777717800000,75.4100,75.4200,75.4100,75.4200,523.647
1777718700000,75.4200,75.4200,75.4100,75.4200,312.973
1777719600000,75.4100,75.4200,75.4100,75.4100,1294.676
1777720500000,75.4100,75.4200,75.4100,75.4200,593.215
1777721400000,75.4100,75.4200,75.4100,75.4100,894.911
1777722300000,75.4100,75.4200,75.4100,75.4100,1693.534
1777723200000,75.4100,75.4200,75.4100,75.4200,571.780
1777724100000,75.4200,75.4200,75.4000,75.4100,2702.378
1777725000000,75.4100,75.4200,75.4100,75.4200,63.756
1777725900000,75.4100,75.4200,75.4100,75.4200,394.251
1777726800000,75.4100,75.4200,75.4100,75.4100,1007.294
1777727700000,75.4200,75.4200,75.4100,75.4200,945.257
1777728600000,75.4100,75.4200,75.4100,75.4200,1239.862
1777729500000,75.4100,75.4200,75.4100,75.4100,760.738
1777730400000,75.4200,75.4200,75.4100,75.4200,1711.387
1777731300000,75.4100,75.4200,75.4100,75.4200,2403.546
1777732200000,75.4100,75.4200,75.4100,75.4200,927.657
1777733100000,75.4200,75.4200,75.4100,75.4100,1539.791
1777734000000,75.4100,75.4200,75.4100,75.4200,278.522
1777734900000,75.4100,75.4200,75.4100,75.4200,294.597
1777735800000,75.4100,75.4300,75.4100,75.4300,4481.126
1777736700000,75.4200,75.4300,75.4200,75.4300,598.081
1777737600000,75.4200,75.4300,75.4200,75.4300,3780.556
1777738500000,75.4300,75.4400,75.4200,75.4400,8136.077
1777739400000,75.4400,75.4500,75.4300,75.4500,3472.575
1777740300000,75.4500,75.4500,75.4400,75.4500,961.097
1777741200000,75.4500,75.4500,75.4400,75.4500,328.914
1777742100000,75.4500,75.4500,75.4400,75.4500,1413.257
1777743000000,75.4500,75.4500,75.4400,75.4500,1071.750
1777743900000,75.4500,75.4500,75.4400,75.4500,563.924
1777744800000,75.4500,75.4500,75.4400,75.4500,965.652
1777745700000,75.4500,75.4500,75.4400,75.4500,3158.419
1777746600000,75.4500,75.4500,75.4300,75.4400,597.038
1777747500000,75.4400,75.4400,75.4300,75.4400,1468.430
1777748400000,75.4400,75.4400,75.4300,75.4400,1349.195
1777749300000,75.4400,75.4400,75.4300,75.4400,864.987
1777750200000,75.4400,75.4400,75.4300,75.4400,879.779
1777751100000,75.4400,75.4400,75.4300,75.4400,1009.363
1777752000000,75.4400,75.4400,75.4300,75.4300,1516.372
1777752900000,75.4400,75.4500,75.4300,75.4500,2812.662
1777753800000,75.4500,75.4500,75.4400,75.4500,2814.968
1777754700000,75.4400,75.4500,75.4300,75.4300,830.618
1777755600000,75.4300,75.4400,75.4300,75.4300,347.993
1777756500000,75.4400,75.4400,75.4300,75.4300,1023.492
1777757400000,75.4400,75.5500,75.4300,75.5000,19022.952
1777758300000,75.4900,75.5500,75.4900,75.5400,3356.581
1777759200000,75.5400,75.5500,75.5100,75.5100,2685.923
1777760100000,75.5100,75.5200,75.5000,75.5000,8593.794
1777761000000,75.5000,75.5300,75.5000,75.5300,8198.222
1777761900000,75.5300,75.5400,75.4800,75.5100,17251.773
1777762800000,75.5200,75.5400,75.5100,75.5100,7214.069
1777763700000,75.5100,75.5200,75.5100,75.5100,293.140
1777764600000,75.5100,75.5100,75.5000,75.5100,3809.239
1777765500000,75.5000,75.5100,75.4700,75.4700,13667.035
1777766400000,75.4800,75.5100,75.4700,75.5100,5287.723
1777767300000,75.5000,75.5100,75.5000,75.5000,3880.005
1777768200000,75.5000,75.5100,75.4900,75.4900,2070.523
1777769100000,75.4900,75.5000,75.4900,75.4900,413.691
1777770000000,75.4900,75.5000,75.4900,75.4900,2890.751
1777770900000,75.4900,75.5000,75.4900,75.4900,2510.046
1777771800000,75.4900,75.5000,75.4900,75.4900,1250.394
1777772700000,75.4900,75.5100,75.4900,75.5000,4540.559
1777773600000,75.5000,75.5100,75.5000,75.5100,1000.285
1777774500000,75.5100,75.5100,75.4900,75.5100,18822.265
1777775400000,75.5000,75.5100,75.5000,75.5000,3189.581
1777776300000,75.5000,75.5200,75.5000,75.5200,2477.808
1777777200000,75.5200,75.5200,75.5100,75.5200,1046.723
1777778100000,75.5100,75.5200,75.4800,75.4900,10136.535
1777779000000,75.4800,75.4900,75.4800,75.4800,82.370
1777779900000,75.4800,75.4900,75.4400,75.4600,17947.583
1777780800000,75.4600,75.5000,75.4500,75.4900,9562.960
1777781700000,75.4900,75.5000,75.4800,75.4900,1808.671
1777782600000,75.4800,75.4900,75.4700,75.4700,3337.072
1777783500000,75.4700,75.4800,75.4700,75.4800,81.938
1777784400000,75.4700,75.4800,75.4700,75.4700,413.860
1777785300000,75.4700,75.5000,75.4600,75.5000,9332.511
1777786200000,75.5000,75.5000,75.4800,75.5000,4406.837
1777787100000,75.5100,75.5100,75.5000,75.5100,844.375
1777788000000,75.5100,75.5100,75.4900,75.5000,2304.498
1777788900000,75.4900,75.5300,75.4900,75.5200,16707.728
1777789800000,75.5200,75.5300,75.5200,75.5300,1956.885
1777790700000,75.5200,75.5200,75.5100,75.5200,4512.153
1777791600000,75.5100,75.5400,75.5100,75.5400,4119.444
1777792500000,75.5400,75.5400,75.5300,75.5300,2082.407
1777793400000,75.5400,75.5400,75.5300,75.5300,1777.139
1777794300000,75.5300,75.5400,75.5000,75.5200,9707.039
1777795200000,75.5200,75.6200,75.5100,75.6100,13377.934
1777796100000,75.6200,75.6300,75.6000,75.6200,11294.092
1777797000000,75.6200,75.6300,75.6200,75.6300,2516.586
1777797900000,75.6300,75.6600,75.6200,75.6500,4286.094
1777798800000,75.6600,75.6800,75.6500,75.6800,6077.641
1777799700000,75.6800,75.6800,75.6200,75.6400,8877.715
1777800600000,75.6400,75.6600,75.6400,75.6500,5733.595
1777801500000,75.6600,75.6600,75.6400,75.6500,5964.032
1777802400000,75.6500,75.6500,75.6000,75.6300,6749.415
1777803300000,75.6300,75.6400,75.5800,75.5900,14453.676
1777804200000,75.6000,75.6000,75.5500,75.5800,18117.468
1777805100000,75.5900,75.6000,75.5700,75.5900,6224.822
1777806000000,75.5800,75.6000,75.5700,75.5700,5862.038
1777806900000,75.5700,75.5800,75.5400,75.5500,14705.598
1777807800000,75.5500,75.5700,75.5400,75.5600,11036.098
1777808700000,75.5700,75.5800,75.5500,75.5700,12456.768
1777809600000,75.5700,75.7200,75.5600,75.7000,28540.182
1777810500000,75.7000,75.7000,75.6700,75.7000,8129.686
1777811400000,75.7000,75.7900,75.6900,75.7400,18060.222
1777812300000,75.7400,75.7500,75.7100,75.7300,5406.989
1777813200000,75.7200,75.7600,75.7100,75.7500,8989.694
1777814100000,75.7500,75.7700,75.7200,75.7500,11606.542
1777815000000,75.7600,75.7600,75.7300,75.7500,11398.717
1777815900000,75.7400,75.7500,75.7300,75.7400,9673.324
1777816800000,75.7300,75.7700,75.7200,75.7300,16153.711
1777817700000,75.7200,75.7400,75.7200,75.7400,3517.129
1777818600000,75.7300,75.7400,75.7200,75.7300,2441.956
1777819500000,75.7200,75.7900,75.7100,75.7800,13696.572
1777820400000,75.7800,75.8000,75.7300,75.7300,20178.299
1777821300000,75.7300,75.7500,75.7100,75.7100,16068.972
1777822200000,75.7100,75.7600,75.7100,75.7500,11907.134
1777823100000,75.7600,75.7700,75.7400,75.7400,21082.931
1777824000000,75.7500,76.1300,75.7500,76.0700,77614.110
1777824900000,76.0700,76.1000,75.9600,76.0400,23297.539
1777825800000,76.0400,76.0900,76.0000,76.0100,20369.121
1777826700000,76.0000,76.0300,75.9000,75.9200,14915.760
1777827600000,75.9200,76.0200,75.9000,75.9100,30265.563
1777828500000,75.9000,75.9500,75.9000,75.9100,4600.619
1777829400000,75.9100,75.9600,75.9100,75.9600,3824.872
1777830300000,75.9500,75.9700,75.9300,75.9300,10613.956
1777831200000,75.9300,75.9400,75.9100,75.9100,6645.344
1777832100000,75.9200,75.9200,75.9100,75.9100,4109.852
1777833000000,75.9100,75.9300,75.9100,75.9100,5269.312
1777833900000,75.9200,75.9200,75.8700,75.8800,11608.862
1777834800000,75.8800,75.9000,75.8600,75.8900,6164.124
1777835700000,75.8900,75.9000,75.8800,75.8800,3242.176
1777836600000,75.8800,75.9100,75.8600,75.8800,20815.233
1777837500000,75.8800,75.9800,75.7400,75.7700,42468.599
1777838400000,75.7900,76.1600,75.7900,76.0800,86928.309
1777839300000,76.0900,76.1100,76.0100,76.0400,24245.822
1777840200000,76.0400,76.1900,75.9900,76.1300,33331.499
1777841100000,76.1300,76.4000,76.1000,76.2900,39721.334
1777842000000,76.2900,76.6500,76.2800,76.4500,44163.313
1777842900000,76.4500,76.6400,76.4500,76.4800,28886.093
1777843800000,76.4700,76.6700,76.4700,76.5400,24659.822
1777844700000,76.5400,76.5500,76.1900,76.1900,49208.629
1777845600000,76.1900,76.2300,75.4000,75.6700,588661.582
1777846500000,75.6700,75.8400,75.4000,75.6200,222809.223
1777847400000,75.6100,75.8700,75.5900,75.8600,109088.100
1777848300000,75.8600,75.9400,75.6800,75.7100,98754.641
1777849200000,75.7100,75.9500,75.5600,75.7100,172462.001
1777850100000,75.7200,75.8000,75.6200,75.7300,87018.747
1777851000000,75.7300,75.8200,75.6500,75.6800,107769.286
1777851900000,75.6700,75.7800,75.5900,75.6100,94720.508
1777852800000,75.6200,75.8600,75.4800,75.6600,259442.092
1777853700000,75.6500,75.7300,75.3600,75.4700,143521.030
1777854600000,75.4800,75.5900,75.4600,75.5000,68391.747
1777855500000,75.5000,75.7200,75.4800,75.6700,72630.442
1777856400000,75.6700,75.6800,75.1000,75.4900,252470.189
1777857300000,75.5000,75.5700,75.1600,75.2200,235563.049
1777858200000,75.2200,75.4500,75.1600,75.4300,154001.992
1777859100000,75.4300,75.8000,75.3900,75.7600,132460.593
1777860000000,75.7500,75.8600,75.5200,75.7000,152453.488
1777860900000,75.7000,75.7000,75.2300,75.2900,190670.298
1777861800000,75.2800,75.5900,75.2400,75.5900,109504.007
1777862700000,75.5900,75.7800,75.5200,75.6700,94531.573
1777863600000,75.6600,75.8500,75.6600,75.7900,38670.233
1777864500000,75.7900,75.8200,75.7100,75.7400,23424.496
1777865400000,75.7300,75.7900,75.5300,75.6800,34604.445
1777866300000,75.6900,75.9000,75.6900,75.8100,118593.554
1777867200000,75.8100,75.8400,75.6800,75.7400,43398.032
1777868100000,75.7400,75.8000,75.6500,75.6700,26686.445
1777869000000,75.6700,75.7600,75.5400,75.5800,29944.475
1777869900000,75.5800,75.6100,75.4500,75.4600,30804.480
1777870800000,75.4600,75.4900,75.3500,75.4000,31369.035
1777871700000,75.4000,75.6300,75.2500,75.3000,106365.764
1777872600000,75.3100,75.3800,75.2500,75.3600,101144.346
1777873500000,75.3500,75.4000,75.1700,75.3400,71286.990
1777874400000,75.3500,75.3900,75.0000,75.1200,170361.661
1777875300000,75.1300,75.1500,74.9400,75.0800,119064.617
1777876200000,75.0900,75.1600,74.8700,74.9300,160347.571
1777877100000,74.9400,75.0500,74.8600,74.9700,111938.767
1777878000000,74.9700,75.0200,74.8400,74.9200,158140.401
1777878900000,74.9100,74.9700,74.6500,74.7400,79965.957
1777879800000,74.7500,74.8600,74.6400,74.7100,123246.573
1777880700000,74.7100,74.7600,74.4700,74.5000,80037.961
1777881600000,74.5000,74.5400,74.2900,74.4500,153350.729
1777882500000,74.4400,74.4600,74.2300,74.3700,98584.348
1777883400000,74.3600,74.4700,74.2900,74.3600,99836.067
1777884300000,74.3700,74.5400,74.3300,74.4500,58580.346
1777885200000,74.4400,74.5700,74.3900,74.5700,74180.819
1777886100000,74.5600,74.5900,74.4900,74.5400,51823.461
1777887000000,74.5300,74.6100,74.5200,74.5800,41223.239
1777887900000,74.5800,74.6200,74.3400,74.3500,46982.543
1777888800000,74.3600,74.3800,72.7300,72.9900,884831.481
1777889700000,72.9900,73.0700,72.2600,73.0600,862069.412
1777890600000,73.0600,73.5600,72.9700,73.3900,395444.990
1777891500000,73.3800,73.6000,73.3500,73.3900,125953.353
1777892400000,73.3900,73.6900,73.3500,73.4800,190405.389
1777893300000,73.4800,73.6300,73.4200,73.4400,85131.375
1777894200000,73.4300,73.4700,73.0700,73.2200,174140.596
1777895100000,73.2100,73.4900,73.1700,73.4500,113846.242
1777896000000,73.4500,73.7800,73.4000,73.7600,100126.371
1777896900000,73.7500,74.3300,73.7200,73.9000,250245.608
1777897800000,73.8900,74.0200,73.7200,73.9800,119408.242
1777898700000,73.9800,74.0600,73.7600,73.7900,66612.475
1777899600000,73.7800,74.0900,73.4900,73.7100,324330.457
1777900500000,73.7100,73.7500,73.4100,73.4100,105285.670
1777901400000,73.4100,74.1000,73.3200,73.9000,288522.106
1777902300000,73.9000,74.0100,73.6200,73.9300,194414.865
1777903200000,73.9200,74.0400,73.6700,73.9600,139669.256
1777904100000,73.9600,74.6900,73.9400,74.2800,234537.010
1777905000000,74.2800,74.6400,74.2500,74.4100,141384.288
1777905900000,74.4100,74.4900,73.9100,73.9300,171240.471
1777906800000,73.9400,74.0700,73.7300,73.7700,245183.709
1777907700000,73.7600,74.1100,72.6900,73.4000,830460.733
1777908600000,73.4100,73.5100,73.1500,73.4600,263912.832
1777909500000,73.4500,73.4500,72.6600,72.9800,433541.447
1777910400000,72.9800,73.1900,72.6400,72.8200,370317.342
1777911300000,72.8100,73.3600,72.7500,73.1100,275582.266
1777912200000,73.1100,73.2400,72.9700,72.9900,103040.608
1777913100000,72.9800,73.0800,72.7500,72.8200,100568.758
1777914000000,72.8300,73.2200,72.8300,73.1200,136321.248
1777914900000,73.1200,73.3500,72.9500,73.0000,204327.674
1777915800000,72.9900,73.0700,72.8400,72.9700,56997.630
1777916700000,72.9600,73.0200,72.9100,72.9500,39495.600
1777917600000,72.9500,73.0600,72.8300,72.8300,38987.780
1777918500000,72.8300,72.8400,72.5800,72.7400,92714.377
1777919400000,72.7400,72.8300,72.6600,72.6900,39327.964
1777920300000,72.6900,72.8100,72.6200,72.8000,62715.543
1777921200000,72.8100,73.0700,72.7300,72.8700,72483.765
1777922100000,72.8800,73.0900,72.8500,72.9800,79826.094
1777923000000,72.9800,73.1100,72.9600,72.9900,39078.356
1777923900000,72.9900,73.0300,72.8800,72.9100,33676.401
1777924800000,72.9000,72.9000,72.7700,72.8200,26566.466
1777925700000,72.8200,72.8200,72.7500,72.7900,12162.584
1777926600000,72.7900,72.8600,72.7800,72.8600,14935.953
1777927500000,72.8600,72.8800,72.8100,72.8100,15254.312
1777928400000,72.8100,72.9400,72.8100,72.9400,8730.516
1777929300000,72.9400,72.9700,72.9000,72.9700,6410.802
1777930200000,72.9700,73.0600,72.9200,73.0100,14989.461
1777931100000,73.0100,73.0500,72.9500,72.9800,4060.949
1777932000000,72.9700,72.9700,72.8000,72.8900,45715.504
1777932900000,72.8900,72.9400,72.8500,72.8800,23119.969
1777933800000,72.8700,72.9400,72.8400,72.8500,33695.265
1777934700000,72.8500,72.8500,72.6500,72.7000,48294.820
1777935600000,72.6900,72.7500,72.5800,72.7400,76367.202
1777936500000,72.7400,72.7700,72.6900,72.7400,34357.791
1777937400000,72.7300,72.7600,72.6600,72.7000,25895.939
1777938300000,72.6900,72.7200,72.6000,72.6600,59462.157
1777939200000,72.6600,72.9200,72.6600,72.8700,116171.276
1777940100000,72.8700,72.8700,72.4500,72.5500,148789.203
1777941000000,72.5400,72.7700,72.5200,72.7700,65789.014
1777941900000,72.7700,72.9000,72.7700,72.8500,41450.240
1777942800000,72.8500,73.0400,72.7200,73.0300,56986.517
1777943700000,73.0200,73.0600,72.8500,72.8900,32103.357
1777944600000,72.8900,72.9800,72.6800,72.7900,78388.470
1777945500000,72.7900,72.9600,72.7800,72.9300,26471.689
1777946400000,72.9300,73.1000,72.8700,73.0400,57033.796
1777947300000,73.0400,73.1300,72.9600,73.1000,42937.945
1777948200000,73.1000,73.2800,73.0700,73.2500,67797.225
1777949100000,73.2600,73.2900,73.0900,73.1400,40740.096
1777950000000,73.1400,73.2200,73.0600,73.1300,34546.717
1777950900000,73.1400,73.1600,72.8200,72.9000,44879.457
1777951800000,72.8900,72.9800,72.8100,72.8900,61150.294
1777952700000,72.8900,72.9600,72.7200,72.7700,65871.183
1777953600000,72.7700,72.8700,72.7700,72.8000,36446.615
1777954500000,72.8100,72.8900,72.7800,72.8500,26740.400
1777955400000,72.8400,72.9100,72.7800,72.8600,28364.750
1777956300000,72.8500,72.9500,72.7600,72.8200,35752.754
1777957200000,72.8200,73.1100,72.7400,72.9900,70449.665
1777958100000,72.9900,73.0800,72.9000,73.0600,60822.217
1777959000000,73.0700,73.3900,73.0400,73.2700,150295.391
1777959900000,73.2600,73.3200,73.1700,73.1800,45206.984
1777960800000,73.1900,73.4400,72.9800,73.0700,138442.540
1777961700000,73.0700,73.1000,72.7200,72.8900,129688.648
1777962600000,72.8800,73.2700,72.8700,73.2200,82903.533
1777963500000,73.2300,73.3100,73.2000,73.2300,47868.645
1777964400000,73.2200,73.4600,73.2100,73.4300,93874.928
1777965300000,73.4300,73.5500,73.3700,73.3800,80193.264
1777966200000,73.3900,73.8100,73.3800,73.6000,106828.372
1777967100000,73.5900,73.6100,73.3500,73.4200,47324.214
1777968000000,73.4100,73.5300,73.3700,73.4900,31703.018
1777968900000,73.4800,73.5300,73.4200,73.4700,27279.275
1777969800000,73.4600,73.6300,73.4300,73.6000,48962.586
1777970700000,73.5900,73.8200,73.5800,73.7600,74171.596
1777971600000,73.7700,73.8100,73.6400,73.7200,57126.655
1777972500000,73.7200,73.7500,73.5900,73.6400,46558.617
1777973400000,73.6300,73.8600,73.6100,73.7900,68593.602
1777974300000,73.7900,73.8400,73.6800,73.7800,39428.262
1777975200000,73.7800,73.7900,73.6400,73.6900,40616.979
1777976100000,73.6900,73.7400,73.5800,73.5900,27753.278
1777977000000,73.6000,73.8000,73.4900,73.5100,75508.494
1777977900000,73.5000,73.5400,73.4400,73.4800,47034.482
1777978800000,73.4800,73.6700,73.3300,73.5900,95276.976
1777979700000,73.6000,73.7200,73.4700,73.6800,39848.207
1777980600000,73.6900,73.8200,73.6700,73.8100,31447.288
1777981500000,73.8100,73.8500,73.6600,73.7600,51435.070
1777982400000,73.7700,74.0700,73.5500,74.0100,231235.897
1777983300000,74.0100,74.0600,73.8100,74.0100,111407.364
1777984200000,74.0100,74.0400,73.5600,73.6300,103747.008
1777985100000,73.6300,73.6600,73.4300,73.5100,90389.338
1777986000000,73.5200,74.2400,73.4700,73.9200,205033.121
1777986900000,73.9200,74.0000,73.7200,73.8700,99610.623
1777987800000,73.8700,73.9400,73.4800,73.5500,154781.894
1777988700000,73.5400,73.8200,73.5100,73.7600,95276.377
1777989600000,73.7700,74.0300,73.5200,73.5900,310100.752
1777990500000,73.6000,74.0600,73.3200,73.8700,380714.939
1777991400000,73.8700,73.9500,73.6700,73.8800,110540.334
1777992300000,73.8800,73.8900,73.6600,73.8000,64442.852
1777993200000,73.8000,73.8800,73.6200,73.8000,52168.268
1777994100000,73.8000,73.8200,73.6200,73.7200,53688.110
1777995000000,73.7300,73.8000,73.5100,73.5300,68097.513
1777995900000,73.5300,73.6600,73.5000,73.5300,74479.595
1777996800000,73.5400,73.5700,73.3400,73.4300,86534.568
1777997700000,73.4300,73.4300,73.0600,73.1500,140769.423
1777998600000,73.1500,73.2400,72.9300,73.2000,136439.837
1777999500000,73.1900,73.2900,73.1600,73.1800,73343.933
1778000400000,73.1800,73.2100,73.0700,73.1900,62820.707
1778001300000,73.2000,73.3700,73.1400,73.1900,63925.103
1778002200000,73.2000,73.2800,73.1400,73.2100,33916.841
1778003100000,73.2100,73.2800,73.1300,73.1600,33013.531
1778004000000,73.1500,73.2700,73.1300,73.2700,30878.649
1778004900000,73.2700,73.3100,73.2200,73.3100,21676.411
1778005800000,73.3100,73.3100,73.1900,73.2100,24211.986
1778006700000,73.2100,73.2600,73.0100,73.0300,49179.567
1778007600000,73.0400,73.0600,72.8500,72.8900,65150.431
1778008500000,72.8800,72.9600,72.8600,72.9100,23418.475
1778009400000,72.9100,72.9800,72.9000,72.9200,19758.673
1778010300000,72.9200,73.0100,72.8700,72.9200,76055.571
1778011200000,72.9200,72.9700,72.8800,72.9400,20759.659
1778012100000,72.9300,73.0800,72.8900,73.0600,45359.725
1778013000000,73.0500,73.0900,72.9200,72.9300,72048.939
1778013900000,72.9300,72.9500,72.8600,72.9200,34175.796
1778014800000,72.9300,73.0400,72.9100,73.0300,24767.149
1778015700000,73.0300,73.0400,72.9700,72.9700,11810.509
1778016600000,72.9700,73.0700,72.9600,73.0300,15362.343
1778017500000,73.0300,73.1500,72.9600,73.0700,15822.737
1778018400000,73.0700,73.0800,72.7800,72.8800,65458.219
1778019300000,72.8800,72.9000,72.7100,72.7400,60481.076
1778020200000,72.7400,72.8800,72.7100,72.8300,65510.077
1778021100000,72.8200,73.6500,72.7400,73.3300,396098.409
1778022000000,73.3300,74.0400,73.2500,74.0100,345552.297
1778022900000,74.0100,74.1500,73.7900,73.8100,247979.774
1778023800000,73.8000,73.9400,73.7400,73.8100,86574.783
1778024700000,73.8200,74.0500,73.8000,73.9400,122214.903
1778025600000,73.9500,74.0100,73.6700,73.7600,130955.651
1778026500000,73.7500,74.0600,73.6700,73.9400,90692.208
1778027400000,73.9400,74.1700,73.9300,74.1100,55482.077
1778028300000,74.1000,74.5400,73.9800,74.5000,157330.676
1778029200000,74.4900,74.7800,74.2800,74.3500,209426.397
1778030100000,74.3500,75.0700,74.2800,74.9500,203257.253
1778031000000,74.9500,75.0800,74.8200,74.9100,153244.921
1778031900000,74.9100,75.1300,74.8000,74.8500,96706.368
1778032800000,74.8500,75.0300,74.8300,74.9100,59213.752
1778033700000,74.9100,74.9900,74.7900,74.8100,67953.805
1778034600000,74.8100,75.0600,74.6800,75.0200,135276.134
1778035500000,75.0200,75.3800,75.0000,75.3200,112693.677
1778036400000,75.3200,75.7900,75.2600,75.6800,179235.185
1778037300000,75.6800,75.6900,75.4300,75.5700,88971.355
1778038200000,75.5600,75.6500,75.4500,75.5800,92283.094
1778039100000,75.5800,75.6300,75.5000,75.5500,42531.970
1778040000000,75.5600,75.7300,75.5400,75.6900,37936.102
1778040900000,75.6900,75.8900,75.6300,75.8600,94913.255
1778041800000,75.8700,75.8700,75.7100,75.7300,60896.301
1778042700000,75.7300,75.8100,75.6700,75.6700,38786.144
1778043600000,75.6700,75.7900,75.6000,75.7500,74690.201
1778044500000,75.7500,75.7500,75.6200,75.6500,48170.642
1778045400000,75.6500,75.8700,75.4800,75.8000,122672.284
1778046300000,75.8000,76.0300,75.7900,75.9800,133539.756
1778047200000,75.9700,76.0200,75.8300,75.8600,120289.119
1778048100000,75.8500,75.9900,75.7900,75.9200,63522.835
1778049000000,75.9200,75.9300,75.6800,75.8000,63704.409
1778049900000,75.8000,75.9500,75.7800,75.9400,67346.837
1778050800000,75.9400,76.0000,75.7900,75.7900,51535.519
1778051700000,75.7800,76.0100,75.7600,75.9600,44761.127
1778052600000,75.9700,75.9800,75.8500,75.9800,36481.686
1778053500000,75.9900,76.3500,75.9900,76.3500,146397.943
1778054400000,76.3500,76.3900,76.1500,76.2100,100100.227
1778055300000,76.2100,76.2300,76.1400,76.1500,46674.025
1778056200000,76.1500,76.2000,76.0100,76.0700,50676.417
1778057100000,76.0600,77.2300,76.0600,77.0100,713391.127
1778058000000,77.0100,77.2100,76.7100,76.9000,157571.394
1778058900000,76.9000,77.0500,76.8500,76.9500,79175.692
1778059800000,76.9500,77.1200,76.8900,76.9900,113285.394
1778060700000,77.0000,77.3200,76.9600,77.2800,138852.058
1778061600000,77.2800,77.4300,77.2100,77.3600,151070.409
1778062500000,77.3600,77.4900,77.3400,77.4100,110455.394
1778063400000,77.4200,77.6900,77.4200,77.6100,205326.417
1778064300000,77.6200,77.8800,77.4200,77.6600,306580.816
1778065200000,77.6500,77.7600,77.4100,77.6400,221411.516
1778066100000,77.6300,77.6600,77.4900,77.4900,126682.724
1778067000000,77.5000,77.8200,77.2900,77.3200,256256.349
1778067900000,77.3300,77.3600,76.8500,76.8900,352972.717
1778068800000,76.9000,76.9400,76.3600,76.4300,489312.290
1778069700000,76.4300,76.7200,75.8500,76.6100,629421.656
1778070600000,76.6100,76.9300,76.5500,76.8300,251388.847
1778071500000,76.8400,76.9900,76.8000,76.9300,117951.775
1778072400000,76.9200,77.2900,76.4700,76.9300,588953.170
1778073300000,76.9400,77.1200,76.8100,76.9600,318630.911
1778074200000,76.9700,77.3900,76.8400,77.2100,317386.265
1778075100000,77.2200,77.5100,77.1200,77.3700,235500.338
1778076000000,77.3700,77.6800,77.0700,77.6100,367782.461
1778076900000,77.6000,77.7700,77.3800,77.4200,217819.959
1778077800000,77.4300,77.8300,77.4100,77.8000,237947.237
1778078700000,77.8100,77.8300,77.4900,77.5200,168687.247
1778079600000,77.5200,77.6200,77.1500,77.3200,196271.959
1778080500000,77.3100,77.5300,77.2600,77.3700,123182.560
1778081400000,77.3800,77.4800,77.2300,77.3700,124865.790
1778082300000,77.3800,77.4300,77.0700,77.0800,138029.914
1778083200000,77.0800,77.1900,76.9700,77.1300,116139.612
1778084100000,77.1200,77.2800,77.1000,77.2200,76729.766
1778085000000,77.2200,77.2900,77.1700,77.2300,44389.364
1778085900000,77.2200,77.2400,76.7800,76.8900,99508.040
1778086800000,76.8900,77.0700,76.7900,76.9800,70597.596
1778087700000,76.9800,77.0100,76.7900,76.9300,73229.434
1778088600000,76.9300,77.0200,76.8700,77.0200,44229.380
1778089500000,77.0200,77.1900,76.9900,77.1800,50354.268
1778090400000,77.1700,77.3300,77.1200,77.2900,49462.741
1778091300000,77.2900,77.3700,77.2300,77.2400,24770.924
1778092200000,77.2500,77.2800,77.1600,77.1900,23044.263
1778093100000,77.1900,77.2500,77.1100,77.1200,20098.612
1778094000000,77.1200,77.4200,77.1100,77.4100,33617.225
1778094900000,77.4200,77.5700,77.4100,77.5400,41003.874
1778095800000,77.5400,77.5700,77.4100,77.5300,58350.343
1778096700000,77.5400,77.5800,77.4600,77.5100,44240.541
1778097600000,77.5200,77.6600,77.5200,77.6300,25899.238
1778098500000,77.6400,77.6600,77.5600,77.5600,23176.116
1778099400000,77.5700,77.5800,77.4800,77.4900,12348.466
1778100300000,77.4800,77.5000,77.3000,77.4000,39250.325
1778101200000,77.4000,77.5300,77.3900,77.4900,26057.277
1778102100000,77.4900,77.5400,77.4700,77.5300,11902.131
1778103000000,77.5300,77.5400,77.4500,77.5100,16421.760
1778103900000,77.5100,77.5200,77.3900,77.4700,7317.455
1778104800000,77.4700,77.6600,77.3300,77.6600,104296.179
1778105700000,77.6500,77.6500,77.3800,77.4200,64654.264
1778106600000,77.4100,77.6000,77.4000,77.5500,58615.515
1778107500000,77.5400,77.5500,77.4200,77.4600,42516.795
1778108400000,77.4600,77.5400,77.4300,77.4800,35298.694
1778109300000,77.4700,77.5400,77.4300,77.4900,22432.124
1778110200000,77.4900,77.5000,77.4500,77.5000,18292.588
1778111100000,77.5000,77.7800,77.5000,77.6100,95703.846
1778112000000,77.6000,77.6500,77.2600,77.4600,96294.563
1778112900000,77.4600,77.4800,77.2500,77.2700,63670.929
1778113800000,77.2700,77.3500,77.1100,77.1900,82579.962
1778114700000,77.1900,77.3600,77.1400,77.2200,60778.951
1778115600000,77.2300,78.0000,77.0200,77.9200,256448.162
1778116500000,77.9200,78.2100,77.7300,77.7700,153617.803
1778117400000,77.7600,78.1900,77.7200,78.1300,105624.490
1778118300000,78.1300,78.3400,78.0800,78.1100,100516.042
1778119200000,78.1100,78.3300,77.6500,77.7800,131632.751
1778120100000,77.7800,77.9700,77.7700,77.8900,52294.873
1778121000000,77.8900,77.9400,77.6000,77.9000,66504.524
1778121900000,77.9000,78.0500,77.8600,77.9200,64481.812
1778122800000,77.9100,77.9600,77.7900,77.8300,51221.771
1778123700000,77.8300,78.0200,77.8300,77.9000,36617.987
1778124600000,77.9000,77.9100,77.7700,77.8000,75799.481
1778125500000,77.8000,77.8100,77.6400,77.6500,24554.638
1778126400000,77.6500,77.7700,77.5300,77.5300,81790.548
1778127300000,77.5400,77.7100,77.5200,77.6600,45493.925
1778128200000,77.6600,77.7600,77.5500,77.7500,39254.093
1778129100000,77.7500,77.7700,77.6900,77.7700,34378.993
1778130000000,77.7600,77.9800,77.7600,77.9500,53191.221
1778130900000,77.9500,77.9500,77.6100,77.7200,66390.212
1778131800000,77.7100,78.0400,77.6600,77.9700,142897.369
1778132700000,77.9800,78.0100,77.7200,77.8000,90665.763
1778133600000,77.7900,78.1800,77.7900,78.1100,97705.373
1778134500000,78.1200,78.5200,78.0900,78.5200,192436.931
1778135400000,78.5200,79.0400,78.4900,78.9500,293680.935
1778136300000,78.9400,78.9600,78.7600,78.8900,156003.411
1778137200000,78.8800,79.5300,78.7200,79.4600,325081.839
1778138100000,79.4700,79.5800,79.2900,79.3600,220319.590
1778139000000,79.3700,79.6400,79.3300,79.6100,118131.429
1778139900000,79.6000,79.7900,79.4800,79.7700,170099.193
1778140800000,79.7700,79.9100,79.6500,79.6600,189870.665
1778141700000,79.6600,79.7900,79.5600,79.7500,135508.259
1778142600000,79.7500,79.9000,79.6000,79.6000,87290.366
1778143500000,79.6000,79.7000,79.5400,79.6300,81965.400
1778144400000,79.6300,79.8000,79.4500,79.7600,110998.189
1778145300000,79.7600,79.8000,79.6900,79.7800,40642.163
1778146200000,79.7800,80.2700,79.7600,80.2300,240964.709
1778147100000,80.2400,80.3000,80.1700,80.2300,211734.272
1778148000000,80.2300,80.5100,80.1800,80.4900,173087.597
1778148900000,80.4900,80.5000,80.2500,80.3500,104798.475
1778149800000,80.3500,80.6100,80.2500,80.5900,120493.269
1778150700000,80.5900,80.6200,80.3400,80.3400,93661.591
1778151600000,80.3500,80.5600,80.3300,80.3800,92787.662
1778152500000,80.3800,80.8300,80.3100,80.7100,148525.772
1778153400000,80.7200,81.0300,80.6900,80.9000,191580.092
1778154300000,80.9100,81.0100,80.8200,80.9500,123880.452
1778155200000,80.9400,81.4400,80.9200,81.3900,214178.059
1778156100000,81.3900,81.7300,81.1400,81.5400,414290.783
1778157000000,81.5400,81.6200,81.2200,81.5900,168713.638
1778157900000,81.5900,81.6800,81.4500,81.4900,127846.941
1778158800000,81.5000,81.5000,80.8500,80.8900,413485.982
1778159700000,80.8900,81.3300,80.8900,81.0200,201469.322
1778160600000,81.0100,81.3500,80.8700,81.2500,236814.789
1778161500000,81.2600,81.4200,80.9100,81.3200,298676.476
1778162400000,81.3200,81.9100,81.2500,81.8400,268240.407
1778163300000,81.8400,81.8900,81.3400,81.7600,267358.296
1778164200000,81.7700,81.9800,81.6900,81.8200,216922.902
1778165100000,81.8100,82.1700,81.8000,82.0400,190728.569
1778166000000,82.0300,82.0500,81.5300,81.5500,167679.455
1778166900000,81.5500,81.6300,80.9600,81.0800,329433.470
1778167800000,81.0900,81.3600,80.9900,81.0100,210664.939
1778168700000,81.0100,81.0300,80.4000,80.4600,385247.537
1778169600000,80.4700,80.5400,79.8300,79.8800,495237.908
1778170500000,79.8900,80.2400,79.4000,80.0600,523749.019
1778171400000,80.0600,80.1200,79.7400,79.8500,197842.851
1778172300000,79.8400,80.0700,79.8100,79.9300,131662.937
1778173200000,79.9300,80.0800,79.6600,79.7300,196993.689
1778174100000,79.7300,79.8300,78.7500,79.1500,635056.663
1778175000000,79.1500,79.4800,78.9900,79.3400,364321.209
1778175900000,79.3400,79.8100,79.2700,79.7900,235475.800
1778176800000,79.7900,79.8400,79.6300,79.6700,150234.908
1778177700000,79.6700,79.7200,79.5100,79.6600,61247.099
1778178600000,79.6700,79.7400,79.2700,79.3600,133979.484
1778179500000,79.3600,79.3700,78.6900,79.2800,404872.377
1778180400000,79.2900,79.4000,79.0800,79.3100,112663.105
1778181300000,79.3100,79.3500,78.8100,79.0900,208828.698
1778182200000,79.1000,79.4000,79.0400,79.3300,112188.451
1778183100000,79.3400,79.3500,79.0400,79.1900,233168.591
1778184000000,79.1800,79.8900,79.1800,79.6500,177347.023
1778184900000,79.6500,79.8800,79.5900,79.8100,43773.878
1778185800000,79.8000,79.8700,79.1400,79.2700,189392.996
1778186700000,79.2700,79.3500,78.4700,78.4800,232797.612
1778187600000,78.4900,78.7500,78.4900,78.5800,103906.339
1778188500000,78.5800,78.6800,78.5200,78.6400,38589.871
1778189400000,78.6400,78.8200,78.4900,78.6600,61672.674
1778190300000,78.6600,78.7900,78.4800,78.5900,79233.519
1778191200000,78.5800,78.9600,78.2800,78.7600,386826.478
1778192100000,78.7600,78.9500,78.6900,78.8800,188530.414
1778193000000,78.8800,78.9300,78.5900,78.6500,151782.219
1778193900000,78.6500,78.6700,78.3200,78.5800,118165.196
1778194800000,78.5700,78.8800,78.5600,78.7600,92933.616
1778195700000,78.7700,79.1600,78.7700,79.1000,114344.678
1778196600000,79.1100,79.1800,79.0500,79.1000,59127.869
1778197500000,79.1100,79.3600,79.1100,79.2800,113900.856
1778198400000,79.2800,79.5400,79.1900,79.2300,199937.590
1778199300000,79.2400,79.2400,78.8500,78.9000,162549.432
1778200200000,78.9000,79.2600,78.8700,79.1100,94743.525
1778201100000,79.1100,79.1900,78.8800,79.1500,96174.924
1778202000000,79.1500,80.0500,79.1200,79.8200,306144.266
1778202900000,79.8300,80.0300,79.6900,79.9400,125430.120
1778203800000,79.9400,80.0900,79.6600,79.8000,155833.464
1778204700000,79.7900,80.2500,79.7800,80.0000,204360.286
1778205600000,80.0000,80.2400,79.9400,79.9800,121070.084
1778206500000,79.9700,79.9900,79.7400,79.8000,103136.915
1778207400000,79.8000,79.9200,79.4100,79.6000,182829.428
1778208300000,79.6000,79.9100,79.6000,79.7100,136535.975
1778209200000,79.7200,79.9200,79.6100,79.9200,76108.073
1778210100000,79.9200,80.0000,79.7800,79.8600,75644.321
1778211000000,79.8600,80.2100,79.8300,80.0200,88154.743
1778211900000,80.0300,80.0300,79.8200,79.9100,64797.472
1778212800000,79.9100,80.0100,79.7700,79.7700,50504.232
1778213700000,79.7600,79.9000,79.7300,79.8700,50442.667
1778214600000,79.8600,79.9000,79.3300,79.5600,110383.684
1778215500000,79.5600,79.7900,79.4800,79.6400,81416.444
1778216400000,79.6500,79.8200,79.6400,79.7400,91371.462
1778217300000,79.7300,79.9800,79.6800,79.9500,79481.791
1778218200000,79.9600,80.4500,79.9600,80.2600,239891.887
1778219100000,80.2500,80.5900,80.1900,80.4700,135698.584
1778220000000,80.4800,80.7300,80.1100,80.4400,235894.219
1778220900000,80.4300,80.7400,80.3700,80.7100,119718.517
1778221800000,80.7200,80.7200,80.4700,80.5500,87435.953
1778222700000,80.5600,80.5600,80.2800,80.3500,78359.486
1778223600000,80.3500,80.3800,79.9700,79.9700,130914.373
1778224500000,79.9800,80.1000,79.3700,79.6800,229650.663
1778225400000,79.6800,79.8500,79.4200,79.8500,115806.914
1778226300000,79.8500,80.0200,79.7900,79.9000,83940.589
1778227200000,79.9100,80.0400,79.8400,80.0300,91707.330
1778228100000,80.0300,80.3600,80.0200,80.2900,186400.013
1778229000000,80.3000,80.3700,80.1300,80.1300,68590.670
1778229900000,80.1400,80.2800,80.1100,80.1700,62790.563
1778230800000,80.1800,80.3800,80.0900,80.3300,86923.440
1778231700000,80.3400,80.6300,80.3000,80.4900,133862.243
1778232600000,80.5000,80.5100,80.2400,80.3800,138667.285
1778233500000,80.3700,80.3800,80.0700,80.2300,100097.110
1778234400000,80.2300,80.4000,80.2000,80.3600,78355.135
1778235300000,80.3700,80.7100,80.3700,80.5600,94940.682
1778236200000,80.5600,80.8900,80.5500,80.7700,103141.614
1778237100000,80.7700,80.8000,80.4100,80.6300,113511.129
1778238000000,80.6400,80.8000,80.4900,80.5800,102223.483
1778238900000,80.5800,80.7000,80.5600,80.6300,77362.135
1778239800000,80.6300,80.7700,80.5500,80.6400,59655.604
1778240700000,80.6400,80.7800,80.5000,80.7600,89705.951
1778241600000,80.7600,80.8600,80.4600,80.5600,119269.107
1778242500000,80.5500,80.7100,80.3700,80.6100,107838.146
1778243400000,80.6000,81.4400,80.4200,81.2200,440423.749
1778244300000,81.2300,81.5200,81.0600,81.1700,220642.642
1778245200000,81.1700,81.2700,80.5700,80.6300,302364.739
1778246100000,80.6200,81.1100,80.5900,80.9900,156126.828
1778247000000,81.0000,81.6100,80.9700,81.2600,330220.181
1778247900000,81.2600,81.5600,81.1600,81.5400,240761.125
1778248800000,81.5300,81.5800,80.5400,80.9900,350063.703
1778249700000,80.9900,81.1000,80.6300,80.6400,253798.815
1778250600000,80.6300,80.9800,80.5200,80.9300,223075.909
1778251500000,80.9300,80.9400,80.5700,80.6300,153316.043
1778252400000,80.6200,80.8600,80.1400,80.2200,291548.277
1778253300000,80.2300,80.3600,80.0300,80.3600,288452.302
1778254200000,80.3600,80.4500,79.9400,80.0400,283194.073
1778255100000,80.0300,80.1700,79.9300,79.9600,180113.189
1778256000000,79.9600,80.2200,79.9200,80.1900,117388.538
1778256900000,80.1900,80.5100,80.1900,80.5100,122258.664
1778257800000,80.5000,80.5400,80.2900,80.3500,106866.764
1778258700000,80.3500,80.4000,80.1000,80.1400,85594.633
1778259600000,80.1400,80.2400,80.0700,80.0900,96681.979
1778260500000,80.0900,80.4500,80.0900,80.4200,80720.499
1778261400000,80.4100,80.5200,80.3500,80.4100,56964.242
1778262300000,80.4100,80.4900,80.3800,80.3900,30459.041
1778263200000,80.4000,80.8900,80.3800,80.8200,191342.110
1778264100000,80.8300,80.8700,80.5700,80.6500,67219.273
1778265000000,80.6400,80.6700,80.5400,80.5600,26958.466
1778265900000,80.5500,80.6300,80.4900,80.5500,128913.588
1778266800000,80.5500,80.6600,80.4500,80.4700,61562.114
1778267700000,80.4700,80.6400,80.4700,80.5800,56053.455
1778268600000,80.5800,80.7800,80.5300,80.7800,59612.235
1778269500000,80.7900,80.8300,80.6300,80.6700,48527.328
1778270400000,80.6700,80.6700,80.4100,80.4600,40900.570
1778271300000,80.4500,80.4600,80.3500,80.4100,38497.432
1778272200000,80.4000,80.4800,80.3700,80.4400,33472.975
1778273100000,80.4500,80.4600,80.3600,80.4000,13115.473
1778274000000,80.4000,80.4200,80.3600,80.4200,9827.736
1778274900000,80.4200,80.4300,80.3700,80.4000,11433.807
1778275800000,80.4000,80.4100,80.2700,80.2700,9414.684
1778276700000,80.2700,80.3400,80.2700,80.3100,1892.349
1778277600000,80.3100,80.3800,80.2900,80.3600,13220.500
1778278500000,80.3600,80.3700,80.3400,80.3700,7554.530
1778279400000,80.3600,80.4100,80.3600,80.4000,9966.810
1778280300000,80.4000,80.4400,80.3700,80.4000,9456.809
1778281200000,80.4100,80.4300,80.4000,80.4100,5817.762
1778282100000,80.4100,80.4200,80.4000,80.4100,2243.700
1778283000000,80.4000,80.4300,80.4000,80.4200,2237.992
1778283900000,80.4100,80.4500,80.4000,80.4100,9191.946
1778284800000,80.4100,80.4400,80.4000,80.4300,4380.065
1778285700000,80.4400,80.4500,80.4200,80.4500,5663.270
1778286600000,80.4400,80.4500,80.3700,80.4300,15035.068
1778287500000,80.4300,80.4400,80.4200,80.4200,4485.375
1778288400000,80.4300,80.4500,80.4200,80.4500,9276.197
1778289300000,80.4500,80.4500,80.4400,80.4500,3080.719
1778290200000,80.4500,80.4500,80.4300,80.4500,4955.885
1778291100000,80.4400,80.4600,80.4400,80.4500,5114.460
1778292000000,80.4600,80.4700,80.4500,80.4600,3055.540
1778292900000,80.4600,80.4700,80.4500,80.4600,3638.619
1778293800000,80.4600,80.5500,80.4600,80.5400,21198.723
1778294700000,80.5400,80.6300,80.5400,80.6200,11382.937
1778295600000,80.6300,80.6300,80.5800,80.5900,8965.647
1778296500000,80.5900,80.5900,80.5000,80.5100,3377.531
1778297400000,80.5000,80.5100,80.4900,80.5000,1382.749
1778298300000,80.4900,80.5400,80.4800,80.5000,10406.462
1778299200000,80.5000,80.5200,80.4900,80.5100,1971.523
1778300100000,80.5000,80.5200,80.4900,80.4900,3185.969
1778301000000,80.4900,80.5200,80.4700,80.5100,5144.239
1778301900000,80.5000,80.5200,80.4700,80.4700,5860.030
1778302800000,80.4700,80.4900,80.4700,80.4800,2803.521
1778303700000,80.4900,80.5000,80.4800,80.5000,1289.095
1778304600000,80.4900,80.5000,80.4700,80.4800,3480.179
1778305500000,80.4900,80.5000,80.4800,80.4800,3580.568
1778306400000,80.4800,80.4900,80.4800,80.4900,907.162
1778307300000,80.4800,80.4900,80.4800,80.4900,1224.046
1778308200000,80.4900,80.5000,80.4800,80.5000,2125.022
1778309100000,80.4900,80.5000,80.4800,80.4800,3471.566
1778310000000,80.4800,80.4900,80.4800,80.4800,1988.982
1778310900000,80.4900,80.4900,80.4800,80.4900,413.895
1778311800000,80.4900,80.5100,80.4800,80.5100,2513.707
1778312700000,80.5100,80.5100,80.5000,80.5100,1428.396
1778313600000,80.5000,80.5100,80.5000,80.5000,601.942
1778314500000,80.5000,80.5100,80.4800,80.5000,3441.111
1778315400000,80.5000,80.5000,80.4800,80.4900,1850.827
1778316300000,80.4800,80.4900,80.4800,80.4900,437.266
1778317200000,80.4900,80.4900,80.4800,80.4800,526.709
1778318100000,80.4900,80.4900,80.4800,80.4800,1153.190
1778319000000,80.4800,80.4900,80.4800,80.4900,745.881
1778319900000,80.4900,80.5000,80.4800,80.4900,778.876
1778320800000,80.4900,80.5000,80.4900,80.5000,1641.009
1778321700000,80.5000,80.5100,80.4900,80.5100,979.104
1778322600000,80.5000,80.5100,80.5000,80.5000,478.098
1778323500000,80.5000,80.5100,80.5000,80.5000,1605.864
1778324400000,80.5000,80.5200,80.5000,80.5100,1701.475
1778325300000,80.5100,80.5200,80.5100,80.5200,236.881
1778326200000,80.5200,80.5200,80.5100,80.5100,719.904
1778327100000,80.5100,80.5200,80.5100,80.5200,2554.589
1778328000000,80.5200,80.7000,80.5100,80.6000,23959.837
1778328900000,80.6000,80.6900,80.5300,80.5400,24483.954
1778329800000,80.5400,80.5500,80.5300,80.5400,1273.571
1778330700000,80.5400,80.5500,80.5100,80.5100,9038.229
1778331600000,80.5100,80.5200,80.5100,80.5100,980.752
1778332500000,80.5100,80.5200,80.5000,80.5000,1535.839
1778333400000,80.5000,80.5300,80.4900,80.5200,4978.936
1778334300000,80.5200,80.5300,80.5200,80.5200,349.155
1778335200000,80.5200,80.5300,80.5200,80.5300,464.352
1778336100000,80.5200,80.5300,80.5200,80.5200,715.143
1778337000000,80.5200,80.5300,80.4900,80.5000,5337.528
1778337900000,80.4900,80.5000,80.3300,80.4500,27361.801
1778338800000,80.4400,80.4400,80.4100,80.4200,1715.856
1778339700000,80.4100,80.4200,80.3800,80.4100,4278.658
1778340600000,80.4000,80.4300,80.4000,80.4300,1270.604
1778341500000,80.4200,80.4500,80.4200,80.4500,668.016
1778342400000,80.4500,80.4800,80.4400,80.4800,1853.289
1778343300000,80.4700,80.5700,80.4700,80.5100,14883.111
1778344200000,80.5100,80.5400,80.5100,80.5400,1662.382
1778345100000,80.5300,80.6000,80.5300,80.5900,10992.913
1778346000000,80.5800,80.6100,80.4900,80.5500,10950.962
1778346900000,80.5500,80.5600,80.5400,80.5400,638.316
1778347800000,80.5300,80.5400,80.4900,80.5100,5753.617
1778348700000,80.5200,80.5300,80.5100,80.5300,666.603
1778349600000,80.5200,80.5300,80.5100,80.5200,1430.665
1778350500000,80.5100,80.5700,80.5100,80.5600,3295.577
1778351400000,80.5700,80.5700,80.5600,80.5700,1499.311
1778352300000,80.5700,80.5700,80.5600,80.5600,164.551
1778353200000,80.5600,80.6000,80.5600,80.5800,4467.679
1778354100000,80.5800,80.6200,80.5500,80.6200,4933.578
1778355000000,80.6200,80.6400,80.6000,80.6300,4598.762
1778355900000,80.6400,80.6400,80.6100,80.6200,2270.031
1778356800000,80.6300,80.6300,80.6100,80.6200,1879.023
1778357700000,80.6200,80.6200,80.6100,80.6200,176.860
1778358600000,80.6200,80.6200,80.6100,80.6200,405.295
1778359500000,80.6200,80.6200,80.6100,80.6200,217.738
1778360400000,80.6200,80.6200,80.6100,80.6100,264.401
1778361300000,80.6200,80.6200,80.6100,80.6200,364.233
1778362200000,80.6200,80.6500,80.6100,80.6400,5502.023
1778363100000,80.6500,80.6800,80.6400,80.6600,1615.153
1778364000000,80.6500,80.6600,80.5700,80.6100,3416.408
1778364900000,80.6200,80.6200,80.5600,80.5800,3612.154
1778365800000,80.5900,80.6200,80.5800,80.6000,897.802
1778366700000,80.6000,80.6100,80.5800,80.5900,967.992
1778367600000,80.6000,80.6000,80.5800,80.5800,1196.974
1778368500000,80.5900,80.5900,80.5500,80.5600,2663.291
1778369400000,80.5600,80.5700,80.5600,80.5600,151.603
1778370300000,80.5700,80.5800,80.5600,80.5800,647.325
1778371200000,80.5800,80.5900,80.5700,80.5700,3096.392
1778372100000,80.5800,80.5800,80.5700,80.5700,627.770
1778373000000,80.5800,80.6000,80.5700,80.6000,3806.309
1778373900000,80.6000,80.6000,80.5900,80.6000,369.808
1778374800000,80.5900,80.6000,80.5700,80.5800,646.895
1778375700000,80.5700,80.5800,80.5700,80.5700,241.302
1778376600000,80.5800,80.5800,80.5600,80.5700,1188.197
1778377500000,80.5600,80.5700,80.5600,80.5700,360.747
1778378400000,80.5600,80.5700,80.5600,80.5600,419.461
1778379300000,80.5600,80.5700,80.5600,80.5700,185.924
1778380200000,80.5700,80.5900,80.5600,80.5900,1736.207
1778381100000,80.5800,80.5900,80.5800,80.5800,287.977
1778382000000,80.5900,80.6000,80.5700,80.5800,3852.288
1778382900000,80.5800,80.6000,80.5800,80.6000,3354.637
1778383800000,80.6000,80.6000,80.5900,80.6000,1230.473
1778384700000,80.6000,80.6000,80.5900,80.6000,2014.971
1778385600000,80.6000,80.6000,80.5900,80.6000,3516.820
1778386500000,80.5900,80.6200,80.5900,80.6200,8203.707
1778387400000,80.6100,80.6500,80.5800,80.5900,16383.048
1778388300000,80.5900,80.6100,80.5900,80.5900,618.784
1778389200000,80.6000,80.6000,80.5900,80.5900,2354.757
1778390100000,80.5900,80.6000,80.5800,80.5900,1758.219
1778391000000,80.6000,80.6000,80.5800,80.5900,528.548
1778391900000,80.5900,80.6000,80.5700,80.6000,3007.844
1778392800000,80.6000,80.6100,80.5900,80.6000,3006.937
1778393700000,80.6000,80.6000,80.5800,80.5900,1378.713
1778394600000,80.5900,80.5900,80.5700,80.5800,351.321
1778395500000,80.5800,80.5800,80.5700,80.5800,1061.483
1778396400000,80.5800,80.5800,80.5700,80.5800,562.021
1778397300000,80.5800,80.5900,80.5700,80.5800,483.873
1778398200000,80.5900,80.5900,80.5800,80.5800,619.998
1778399100000,80.5900,80.6300,80.5800,80.6300,5666.580
1778400000000,80.6300,80.6500,80.6000,80.6400,3216.964
1778400900000,80.6400,80.6500,80.6200,80.6300,1515.998
1778401800000,80.6300,80.6300,80.6200,80.6300,307.655
1778402700000,80.6300,80.6300,80.6200,80.6300,1080.477
1778403600000,80.6300,80.6400,80.6200,80.6300,2647.895
1778404500000,80.6300,80.7300,80.6300,80.7100,20902.943
1778405400000,80.7100,80.7100,80.6700,80.6700,2722.547
1778406300000,80.6700,80.7000,80.6600,80.6900,3482.708
1778407200000,80.6800,80.7000,80.6800,80.7000,1394.148
1778408100000,80.7000,80.7000,80.6800,80.6900,2507.771
1778409000000,80.7000,80.7000,80.6700,80.6800,1544.573
1778409900000,80.6800,80.7100,80.6700,80.6900,2228.507
1778410800000,80.6900,80.7100,80.6800,80.6900,4017.453
1778411700000,80.6900,80.7200,80.6800,80.7000,1862.993
1778412600000,80.7100,80.7400,80.7000,80.7300,4573.361
1778413500000,80.7400,80.9000,80.7300,80.8200,18819.180
1778414400000,80.8200,80.8500,80.7000,80.8400,12595.114
1778415300000,80.8400,80.8800,80.8200,80.8400,5386.102
1778416200000,80.8300,80.8600,80.8300,80.8500,2882.350
1778417100000,80.8400,80.9700,80.8400,80.9500,14748.706
1778418000000,80.9500,81.7400,80.9500,81.5700,158778.230
1778418900000,81.5800,81.5900,81.2600,81.4400,51058.887
1778419800000,81.4400,81.4400,81.2300,81.2600,11130.270
1778420700000,81.2700,81.2700,81.1500,81.2200,21632.349
1778421600000,81.2300,81.2400,81.1000,81.1400,13654.779
1778422500000,81.1500,81.2800,81.1000,81.2500,9647.667
1778423400000,81.2500,81.3100,81.1300,81.2600,13645.122
1778424300000,81.2700,81.4100,81.2700,81.3600,16687.795
1778425200000,81.3600,81.3600,81.1600,81.2400,22645.352
1778426100000,81.2400,81.2800,81.2000,81.2500,6172.812
1778427000000,81.2400,81.2500,81.1500,81.1900,8744.590
1778427900000,81.2000,81.4000,81.1900,81.3000,12869.013
1778428800000,81.3000,81.4600,81.2600,81.2900,17504.161
1778429700000,81.2900,81.4700,81.2900,81.4200,27749.881
1778430600000,81.4200,81.5100,81.4200,81.4800,13001.879
1778431500000,81.4700,81.5000,81.4600,81.4800,7079.546
1778432400000,81.4700,81.5000,81.4600,81.4800,8333.716
1778433300000,81.4800,81.6200,81.4800,81.5800,19661.763
1778434200000,81.5700,81.5900,81.4700,81.5600,15808.285
1778435100000,81.5500,81.6300,81.5200,81.5500,8225.878
1778436000000,81.5500,81.6000,81.3800,81.4400,20534.656
1778436900000,81.4300,81.4800,81.3300,81.4700,23065.173
1778437800000,81.4700,81.5300,81.1200,81.2300,46791.869
1778438700000,81.2300,81.2700,81.1700,81.2200,11127.923
1778439600000,81.2200,81.2300,80.9500,81.0300,21648.097
1778440500000,81.0200,81.0800,80.9100,81.0500,21940.534
1778441400000,81.0500,81.0700,80.9900,81.0100,2832.271
1778442300000,81.0000,81.0700,80.9900,81.0600,3662.413
1778443200000,81.0700,81.1600,80.8300,80.9000,26268.507
1778444100000,80.8900,80.9000,80.6800,80.7400,34613.056
1778445000000,80.7400,80.7500,80.4800,80.4800,28572.619
1778445900000,80.4800,80.4800,80.2000,80.3500,53423.472
1778446800000,80.3500,80.3700,80.1400,80.1900,74462.613
1778447700000,80.2000,80.3900,80.1600,80.3000,67755.224
1778448600000,80.3100,80.4900,80.2200,80.2800,36362.541
1778449500000,80.2700,80.3000,80.0100,80.1400,88137.547
1778450400000,80.1400,80.1800,79.1600,79.5800,710026.974
1778451300000,79.5700,80.1400,79.3200,79.8200,303971.644
1778452200000,79.8200,79.9500,79.7000,79.9000,115824.052
1778453100000,79.9000,80.1200,79.8600,80.0500,129653.895
1778454000000,80.0500,80.2700,80.0000,80.1500,132722.091
1778454900000,80.1600,80.4100,80.1400,80.2800,86133.100
1778455800000,80.2900,80.4000,80.2400,80.2600,83000.273
1778456700000,80.2500,80.3000,79.9600,80.0300,80777.824
1778457600000,80.0400,80.2400,79.8800,80.0000,229918.646
1778458500000,80.0000,80.2800,79.8400,80.1600,151239.645
1778459400000,80.1700,80.6200,80.1200,80.3200,199116.437
1778460300000,80.3200,80.3600,79.6200,80.0700,269632.406
1778461200000,80.0700,80.4500,79.6200,80.0600,407801.337
1778462100000,80.0600,80.8100,79.9800,80.6900,196104.687
1778463000000,80.6900,80.8300,80.5000,80.7800,250309.920
1778463900000,80.7900,80.9300,80.5200,80.8300,267746.167
1778464800000,80.8400,81.2900,80.7000,81.0000,269906.236
1778465700000,81.0000,81.1300,80.8700,81.1300,72074.486
1778466600000,81.1200,81.6700,81.1200,81.3300,175412.273
1778467500000,81.3300,81.5000,80.9400,81.0300,243498.349
1778468400000,81.0200,81.1900,80.7600,81.0900,156052.121
1778469300000,81.1000,81.1000,80.8700,81.0500,111899.083
1778470200000,81.0600,81.0700,80.6400,80.8100,162064.888
1778471100000,80.8100,80.8500,80.6000,80.7000,92696.931
1778472000000,80.7000,80.7300,80.5600,80.5700,85122.050
1778472900000,80.5600,80.6500,80.3900,80.4800,104714.722
1778473800000,80.4800,80.4800,80.2600,80.4300,106778.140
1778474700000,80.4300,80.5400,80.3500,80.3500,63008.499
1778475600000,80.3600,80.6000,80.2800,80.3900,96367.373
1778476500000,80.3900,80.4600,80.2100,80.2200,87442.350
1778477400000,80.2200,80.7500,80.0600,80.1100,285603.590
1778478300000,80.1200,80.2500,79.8100,79.9500,230549.893
1778479200000,79.9600,80.4200,79.9100,80.3600,113858.021
1778480100000,80.3600,80.5100,80.3100,80.5000,63851.788
1778481000000,80.5100,80.6500,80.4500,80.5500,57109.188
1778481900000,80.5400,80.7800,80.5100,80.6700,89007.848
1778482800000,80.6700,80.7600,80.4400,80.5000,52920.586
1778483700000,80.4900,80.6500,80.4300,80.5700,33273.126
1778484600000,80.5700,80.6200,80.4000,80.4300,45242.411
1778485500000,80.4400,80.4500,80.2200,80.3600,46720.202
1778486400000,80.3600,80.5900,80.2700,80.5400,97112.722
1778487300000,80.5400,80.7300,80.4700,80.4700,111648.798
1778488200000,80.4600,80.5800,80.4100,80.4400,75234.294
1778489100000,80.4400,80.4600,80.3300,80.3300,41038.425
1778490000000,80.3300,80.3700,80.1900,80.3400,64596.576
1778490900000,80.3400,80.3800,80.1800,80.2100,40304.999
1778491800000,80.2100,80.3900,80.0700,80.3900,98596.946
1778492700000,80.3800,80.4700,80.1200,80.1900,102098.123
1778493600000,80.1800,80.3300,80.1600,80.3000,38898.930
1778494500000,80.3100,80.4800,80.2700,80.4200,53169.621
1778495400000,80.4300,80.6000,80.3900,80.5100,85518.380
1778496300000,80.5100,80.6000,80.4100,80.4400,50448.248
1778497200000,80.4400,80.5800,80.4000,80.5200,66262.269
1778498100000,80.5200,80.7000,80.4600,80.6900,46707.065
1778499000000,80.6900,81.4300,80.6300,81.2300,269001.759
1778499900000,81.2300,81.4100,80.9300,81.3900,122734.550
1778500800000,81.4000,81.5700,81.1300,81.1700,188762.332
1778501700000,81.1800,83.0900,81.1500,83.0000,1219218.120
1778502600000,83.0000,83.3400,82.8400,82.8700,629741.685
1778503500000,82.8700,83.9600,82.8200,83.7400,518306.154
1778504400000,83.7400,85.2700,83.6000,85.1900,857060.572
1778505300000,85.1800,85.3800,84.8600,85.2200,505587.618
1778506200000,85.2300,85.9500,85.0600,85.8500,673001.079
1778507100000,85.8600,85.9000,85.4600,85.6200,388420.719
1778508000000,85.6200,85.6400,84.4400,85.1300,728120.830
1778508900000,85.1200,85.1500,84.6100,84.6400,262742.975
1778509800000,84.6300,85.0800,84.2300,85.0100,389338.611
1778510700000,85.0200,85.0600,84.7400,84.9400,216213.864
1778511600000,84.9300,85.5800,84.8600,85.2300,331145.660
1778512500000,85.2300,85.8800,85.1500,85.6900,277932.776
1778513400000,85.6900,86.0200,85.6000,85.7200,275663.276
1778514300000,85.7200,86.0800,85.6100,86.0100,290728.986
1778515200000,86.0100,86.0700,85.6300,85.6900,198748.933
1778516100000,85.6800,85.7000,85.4900,85.5500,192908.757
1778517000000,85.5500,85.6800,85.0500,85.1200,299897.823
1778517900000,85.1200,85.3100,85.0200,85.2200,199228.322
1778518800000,85.2200,85.3100,85.0600,85.0900,165078.674
1778519700000,85.0800,85.4800,85.0200,85.4100,173511.599
1778520600000,85.4000,85.6500,85.4000,85.6000,104391.289
1778521500000,85.6000,85.6800,85.5300,85.6700,74037.366
1778522400000,85.6800,85.9400,85.5800,85.6700,120590.462
1778523300000,85.6700,85.9100,85.5500,85.9000,135294.795
1778524200000,85.8900,85.9800,85.8500,85.9100,40032.219
1778525100000,85.9100,86.1600,85.8100,85.8100,141747.876
1778526000000,85.8100,86.1400,85.8000,86.0000,63517.632
1778526900000,86.0000,86.0700,85.9500,86.0300,42851.877
1778527800000,86.0300,86.1300,85.8400,86.0800,112935.934
1778528700000,86.0700,86.2300,86.0700,86.2000,114517.737
1778529600000,86.2000,86.2100,85.6900,85.8900,107564.360
1778530500000,85.8900,86.0500,85.8500,86.0500,34603.601
1778531400000,86.0400,86.2800,86.0400,86.2100,68755.855
1778532300000,86.2100,86.3100,86.0700,86.1400,57174.107
1778533200000,86.1300,86.2500,86.0900,86.2200,22944.339
1778534100000,86.2300,86.2700,86.0600,86.1600,19603.378
1778535000000,86.1600,86.2600,86.0900,86.1400,23820.089
1778535900000,86.1400,86.9200,86.1400,86.2400,118096.315
1778536800000,86.2300,86.4500,86.1600,86.2700,98204.998
1778537700000,86.2600,86.5100,86.2500,86.4400,48162.732
1778538600000,86.4400,86.8300,86.3800,86.8300,124740.319
1778539500000,86.8300,87.0900,86.8000,86.9600,200258.285
1778540400000,86.9700,87.2100,86.1300,86.4500,283469.420
1778541300000,86.4500,86.7900,86.4500,86.7000,118815.956
1778542200000,86.7100,87.2800,86.6400,86.9300,191348.688
1778543100000,86.9300,87.2600,86.7900,87.2100,83541.903
1778544000000,87.2000,87.2000,86.4900,86.8100,256042.515
1778544900000,86.8100,87.0900,86.3000,86.6400,163247.527
1778545800000,86.6400,86.7000,86.3500,86.3800,150643.989
1778546700000,86.3900,86.5300,86.0100,86.0900,185792.188
1778547600000,86.0900,86.9400,85.9100,86.7900,475812.685
1778548500000,86.7900,87.1200,86.4200,86.4300,372979.210
1778549400000,86.4400,86.7200,85.5400,86.1500,447762.083
1778550300000,86.1400,86.2300,85.9200,86.0700,217124.899
1778551200000,86.0700,86.5300,86.0700,86.3200,168353.739
1778552100000,86.3300,86.3700,85.9600,86.0900,145231.038
1778553000000,86.0900,86.2800,85.5700,86.0000,232237.278
1778553900000,86.0100,86.4800,85.9300,86.3300,211308.255
1778554800000,86.3300,86.4800,86.1500,86.3500,140756.404
1778555700000,86.3500,86.3500,85.9700,86.0800,128425.834
1778556600000,86.0900,86.4900,86.0800,86.3100,105156.631
1778557500000,86.3000,86.3400,85.9500,86.1600,123125.108
1778558400000,86.1500,86.3600,86.1000,86.2600,118195.030
1778559300000,86.2600,86.5700,86.1200,86.1800,149080.541
1778560200000,86.1900,86.3800,86.1400,86.2800,69684.592
1778561100000,86.2800,86.3300,85.9200,86.0700,102164.417
1778562000000,86.0600,86.2900,85.7000,85.8100,166133.610
1778562900000,85.8000,85.9300,85.7000,85.8800,116119.013
1778563800000,85.8800,86.2100,85.5500,85.6500,284322.389
1778564700000,85.6400,85.7900,85.2100,85.5600,354999.338
1778565600000,85.5600,85.5600,84.7700,84.9000,423679.741
1778566500000,84.9000,85.1800,84.7300,84.7600,289888.291
1778567400000,84.7700,84.8900,84.3800,84.5400,344637.574
1778568300000,84.5300,84.7100,83.8100,84.2400,494474.174
1778569200000,84.2400,84.3200,83.5400,84.1800,442543.959
1778570100000,84.1900,84.4400,84.0400,84.3000,172795.606
1778571000000,84.3000,84.4600,84.1100,84.3600,122777.342
1778571900000,84.3600,84.7800,84.2100,84.5400,292841.370
1778572800000,84.5400,84.8100,84.1400,84.2500,187767.753
1778573700000,84.2600,84.5000,84.0900,84.3400,210888.090
1778574600000,84.3300,84.3800,83.9800,84.2400,110119.649
1778575500000,84.2500,84.4900,84.1600,84.3600,77338.564
1778576400000,84.3600,84.3800,84.1200,84.1200,71502.611
1778577300000,84.1300,84.2300,83.9200,84.0600,111162.000
1778578200000,84.0700,84.4900,84.0400,84.0700,125850.377
1778579100000,84.0800,84.2600,83.8800,84.0100,148148.334
1778580000000,84.0100,84.4700,84.0100,84.4100,83402.934
1778580900000,84.4100,84.4100,84.0100,84.0900,84624.742
1778581800000,84.0800,84.0800,83.6300,83.7400,203859.452
1778582700000,83.7400,83.8500,83.6100,83.8100,155107.871
1778583600000,83.8200,83.9800,83.1800,83.5100,380616.167
1778584500000,83.5100,83.7100,83.3400,83.7100,118229.363
1778585400000,83.7000,84.0700,83.6800,84.0000,120168.719
1778586300000,84.0000,84.2300,83.8500,84.1800,120909.929
1778587200000,84.1800,84.2200,83.5500,83.7200,191223.316
1778588100000,83.7100,84.1000,83.6100,83.9800,228105.446
1778589000000,83.9800,84.5300,83.3900,84.3100,511248.414
1778589900000,84.3000,84.8600,84.2900,84.5100,380314.209
1778590800000,84.5000,84.9600,84.2700,84.4100,284716.738
1778591700000,84.4100,84.5900,84.0100,84.5400,274040.836
1778592600000,84.5400,85.3800,84.4900,85.2800,432194.409
1778593500000,85.2800,85.4100,84.4800,84.5400,329116.426
1778594400000,84.5400,85.4800,84.3500,85.3900,304823.638
1778595300000,85.4000,85.4200,84.9400,85.0500,233943.937
1778596200000,85.0500,85.1900,84.5800,85.0800,327360.204
1778597100000,85.0700,85.0700,84.3000,84.4300,316282.152
1778598000000,84.4300,84.5300,84.1200,84.1300,404844.522
1778598900000,84.1400,84.1600,83.1100,83.7200,828985.589
1778599800000,83.7200,84.2200,83.6200,84.1500,300381.284
1778600700000,84.1600,84.2900,84.0200,84.2000,142668.316
1778601600000,84.2100,84.6200,84.1200,84.5500,178117.561
1778602500000,84.5500,84.6200,84.3600,84.4400,127676.434
1778603400000,84.4500,84.5800,84.3100,84.3900,96381.912
1778604300000,84.3900,84.7600,84.1900,84.6800,188466.623
1778605200000,84.6900,85.0700,84.6900,84.9700,175570.777
1778606100000,84.9700,85.1600,84.9000,84.9700,117500.515
1778607000000,84.9700,85.3500,84.8800,85.3400,117088.770
1778607900000,85.3300,85.3700,85.0900,85.1200,80234.120
1778608800000,85.1200,85.3200,84.9300,85.1000,126009.341
1778609700000,85.1000,85.4900,85.0600,85.4100,110427.538
1778610600000,85.4000,86.0100,85.3800,85.9400,220883.197
1778611500000,85.9400,86.2500,85.7400,86.1300,156025.226
1778612400000,86.1400,86.5700,86.1400,86.3900,133561.819
1778613300000,86.4000,86.4300,86.0800,86.3200,143681.932
1778614200000,86.3200,86.6900,86.3200,86.6400,118234.381
1778615100000,86.6400,86.8900,86.6200,86.8000,82750.873
1778616000000,86.8000,86.8800,86.6000,86.6900,49781.120
1778616900000,86.6900,86.7800,86.5800,86.6000,37465.872
1778617800000,86.6000,86.6500,86.5100,86.6000,36112.056
1778618700000,86.6100,86.6500,86.5100,86.5900,28377.218
1778619600000,86.5900,86.6000,86.4900,86.5000,34166.045
1778620500000,86.5000,86.5200,86.5000,86.5100,6960.398
1778621400000,86.5100,86.5500,86.5000,86.5200,8984.692
1778622300000,86.5200,86.6200,86.4400,86.5100,19722.563
1778623200000,86.5200,86.9100,86.5000,86.7600,179550.618
1778624100000,86.7500,87.0100,86.7500,86.9000,148911.158
1778625000000,86.9000,86.9700,86.8300,86.8400,61498.504
1778625900000,86.8400,87.0600,86.8100,86.8200,70297.005
1778626800000,86.8200,86.9400,86.7400,86.7400,101320.973
1778627700000,86.7400,86.9100,86.6500,86.8900,82939.594
1778628600000,86.8800,87.1600,86.8500,87.1400,179148.611
1778629500000,87.1300,87.3700,86.9500,87.2300,219098.184
1778630400000,87.2200,87.6000,87.0400,87.2300,440376.954
1778631300000,87.2400,87.6500,87.2200,87.5500,327472.529
1778632200000,87.5400,87.7600,87.3400,87.5400,269965.632
1778633100000,87.5300,87.5700,87.2100,87.2700,181708.654
1778634000000,87.2700,87.9100,87.0700,87.6100,854920.278
1778634900000,87.6100,87.7100,86.8500,86.9000,305795.546
1778635800000,86.8900,87.2100,86.6100,87.1500,320060.082
1778636700000,87.1600,87.3300,86.7400,86.8300,163181.590
1778637600000,86.8200,87.2500,86.7600,86.9200,177682.068
1778638500000,86.9200,87.1100,86.8700,86.9600,65329.347
1778639400000,86.9700,86.9800,86.6300,86.6600,133030.391
1778640300000,86.6500,86.6800,86.0100,86.2200,256642.174
1778641200000,86.2300,86.4300,86.1000,86.4000,152519.856
1778642100000,86.4100,86.6900,86.3100,86.5900,102842.776
1778643000000,86.5900,87.0200,86.5700,86.9300,131668.509
1778643900000,86.9200,87.0000,86.5700,86.6600,128135.090
1778644800000,86.6600,86.8400,86.6600,86.7300,47416.384
1778645700000,86.7300,86.8400,86.6600,86.7100,68303.749
1778646600000,86.7000,86.7800,86.4200,86.4400,80206.364
1778647500000,86.4400,86.6100,86.4000,86.4200,114350.051
1778648400000,86.4100,86.7800,86.3300,86.6300,92525.180
1778649300000,86.6300,86.6500,86.1700,86.1800,98389.565
1778650200000,86.1700,86.2900,85.7000,86.0500,366213.672
1778651100000,86.0500,86.5200,86.0400,86.4900,122989.092
1778652000000,86.5000,86.7300,86.3600,86.7200,138273.986
1778652900000,86.7200,86.9500,86.5600,86.6000,145049.291
1778653800000,86.6000,86.9300,86.5800,86.8300,122765.918
1778654700000,86.8300,86.8900,86.5200,86.6600,86447.046
1778655600000,86.6600,86.8200,86.5500,86.7200,88812.682
1778656500000,86.7200,87.0000,86.7100,86.8700,77638.400
1778657400000,86.8600,86.8600,86.6100,86.6900,48423.157
1778658300000,86.6900,86.7500,86.3700,86.5900,91999.773
1778659200000,86.5800,86.6400,86.4300,86.5600,64794.321
1778660100000,86.5500,86.6000,86.2800,86.3800,73086.849
1778661000000,86.3800,86.5700,86.2900,86.3600,67016.997
1778661900000,86.3500,86.6400,86.3000,86.5500,81601.572
1778662800000,86.5600,86.6000,86.2800,86.3200,69882.667
1778663700000,86.3100,86.5400,86.1900,86.4400,99318.536
1778664600000,86.4300,86.6600,86.3300,86.6400,96462.345
1778665500000,86.6300,86.9300,86.6000,86.8500,77026.008
1778666400000,86.8500,87.5500,86.8400,87.1600,275833.317
1778667300000,87.1600,87.2900,86.8900,86.9800,113569.780
1778668200000,86.9800,87.0300,86.7900,86.8800,138662.727
1778669100000,86.8700,86.9500,86.6900,86.7400,67401.926
1778670000000,86.7500,87.1800,86.6700,87.1600,155987.258
1778670900000,87.1600,87.1800,86.8700,87.1000,105710.653
1778671800000,87.1100,87.6000,87.0700,87.4700,208236.364
1778672700000,87.4600,87.6600,87.1000,87.1600,144223.545
1778673600000,87.1500,87.3600,87.0200,87.1200,129689.655
1778674500000,87.1200,87.1300,86.4000,86.7900,312047.655
1778675400000,86.8000,86.8200,86.0300,86.4400,561833.055
1778676300000,86.4400,86.6100,86.1000,86.4500,185356.140
1778677200000,86.4400,87.0200,86.4300,86.9900,205221.947
1778678100000,87.0000,87.1400,86.8800,86.9600,131395.224
1778679000000,86.9500,87.4000,86.5400,87.1100,315997.587
1778679900000,87.1100,87.2600,86.5700,87.1200,257040.730
1778680800000,87.1300,87.6200,86.8900,87.5300,277824.089
1778681700000,87.5400,87.8100,87.1500,87.7700,318663.513
1778682600000,87.7600,88.3200,87.7100,87.9600,420584.268
1778683500000,87.9700,88.2900,87.7700,87.9000,238151.250
1778684400000,87.9100,88.6900,87.8500,88.4000,300020.812
1778685300000,88.4000,88.5300,88.2900,88.4100,152316.958
1778686200000,88.4200,88.7500,88.2200,88.6700,162329.345
1778687100000,88.6600,88.8400,88.6100,88.8200,141987.163
1778688000000,88.8300,89.2900,88.8000,89.2300,298056.694
1778688900000,89.2400,89.4300,88.9800,89.3200,343735.681
1778689800000,89.3300,89.3600,88.9300,89.0200,271286.301
1778690700000,89.0300,89.1600,88.5800,88.6600,314385.865
1778691600000,88.6600,89.1900,88.6600,89.1500,189342.118
1778692500000,89.1500,89.1500,88.5100,88.5600,245121.235
1778693400000,88.5700,88.5800,87.9800,88.0100,284745.856
1778694300000,88.0200,88.1800,87.8800,87.9400,206999.645
1778695200000,87.9400,88.3700,87.8900,88.3100,117837.263
1778696100000,88.3100,88.3600,88.0200,88.2500,124706.225
1778697000000,88.2500,88.3100,87.7600,87.8100,107724.948
1778697900000,87.8100,87.9100,87.3600,87.6400,227871.301
1778698800000,87.6500,88.0000,87.6200,87.9900,70655.608
1778699700000,88.0000,88.0200,87.8100,87.8800,55417.531
1778700600000,87.8700,87.9100,87.7100,87.8300,36683.692
1778701500000,87.8200,87.8700,87.6600,87.7300,64867.341
1778702400000,87.7200,87.7400,87.5300,87.6700,87865.303
1778703300000,87.6800,87.8600,87.6500,87.7100,39223.124
1778704200000,87.7000,87.7500,87.5200,87.6300,34851.187
1778705100000,87.6400,87.6600,87.4900,87.5700,33340.436
1778706000000,87.5700,87.6700,87.5600,87.6300,34766.202
1778706900000,87.6300,87.6300,87.5200,87.5700,9987.802
1778707800000,87.5600,87.6500,87.5600,87.6200,11037.922
1778708700000,87.6300,87.6600,87.5700,87.6100,20258.981
1778709600000,87.6000,87.8000,87.5800,87.7500,102592.252
1778710500000,87.7500,88.0000,87.7300,87.9100,45603.391
1778711400000,87.9000,88.0500,87.8600,88.0400,32825.186
1778712300000,88.0300,88.0500,87.9000,87.9700,80660.295
1778713200000,87.9600,88.0400,87.8300,87.9600,57904.934
1778714100000,87.9600,87.9700,87.6400,87.7600,36226.700
1778715000000,87.7600,87.8300,87.6600,87.6700,119145.221
1778715900000,87.6600,87.7800,87.4500,87.7700,147575.946
1778716800000,87.7600,87.9000,87.4200,87.8000,226721.837
1778717700000,87.8100,88.0200,87.4700,87.5500,149656.155
1778718600000,87.5500,87.7300,87.3700,87.7300,107433.651
1778719500000,87.7300,88.1900,87.5900,88.0900,271924.431
1778720400000,88.0900,88.4900,87.0000,87.3300,911365.596
1778721300000,87.3200,87.8100,87.1100,87.6200,352395.419
1778722200000,87.6200,87.7000,87.1800,87.4700,283111.796
1778723100000,87.4800,87.7700,87.0800,87.3700,243434.083
1778724000000,87.3700,87.5300,87.1200,87.2200,160374.302
1778724900000,87.2300,87.5700,87.1700,87.5300,129475.149
1778725800000,87.5300,87.8200,87.1900,87.3700,196197.837
1778726700000,87.3600,87.4600,86.8800,87.1400,299430.860
1778727600000,87.1400,87.3800,86.6600,86.7500,324883.984
1778728500000,86.7600,87.1600,86.6300,87.1400,220608.696
1778729400000,87.1400,87.2100,86.4600,86.5900,254469.948
1778730300000,86.5900,86.7200,86.4200,86.4800,161172.430
1778731200000,86.4800,86.7800,86.3100,86.7300,166381.033
1778732100000,86.7300,87.3800,86.7300,87.1600,137454.884
1778733000000,87.1600,87.4200,87.0400,87.1500,161031.644
1778733900000,87.1500,87.2700,86.9400,86.9500,113678.188
1778734800000,86.9500,87.2700,86.9000,86.9700,108018.049
1778735700000,86.9600,87.1400,86.9000,86.9900,82286.220
1778736600000,86.9800,87.4500,86.9200,87.3900,189474.108
1778737500000,87.4000,87.5900,87.0100,87.0200,153458.850
1778738400000,87.0100,87.3700,86.9700,87.1600,126893.007
1778739300000,87.1600,87.3200,87.0700,87.1800,50817.705
1778740200000,87.1900,87.3700,87.0400,87.3600,64072.132
1778741100000,87.3600,87.5000,87.0400,87.2500,123454.790
1778742000000,87.2500,87.2800,86.7300,86.8300,158186.258
1778742900000,86.8400,87.3800,86.7600,87.3200,128566.692
1778743800000,87.3200,87.6300,87.1300,87.4000,203805.488
1778744700000,87.3900,87.4300,86.9700,87.0400,110628.276
1778745600000,87.0400,87.3600,86.9800,87.3300,68248.477
1778746500000,87.3400,87.4800,87.2600,87.4700,72608.537
1778747400000,87.4600,87.5900,87.1400,87.1800,51189.641
1778748300000,87.1800,87.2200,87.0500,87.0700,75692.450
1778749200000,87.0600,87.3000,86.9400,87.1300,116194.989
1778750100000,87.1200,87.2300,87.0300,87.0400,62366.097
1778751000000,87.0300,87.3300,86.7400,87.2200,186018.082
1778751900000,87.2300,87.5100,87.2300,87.2400,139842.530
1778752800000,87.2400,87.3300,86.9700,87.0500,172439.021
1778753700000,87.0500,87.1400,86.8800,86.9900,110557.239
1778754600000,86.9900,87.0800,86.8700,86.9300,102506.422
1778755500000,86.9400,87.2500,86.8800,87.1900,209199.113
1778756400000,87.1900,87.3000,86.7700,87.0300,231379.640
1778757300000,87.0300,87.0400,86.5300,86.6500,107325.296
1778758200000,86.6500,86.9100,86.5500,86.8300,110820.191
1778759100000,86.8200,87.1100,86.7300,86.7400,138517.701
1778760000000,86.7400,87.0400,86.6900,86.9600,183141.288
1778760900000,86.9600,87.0900,86.6600,86.7000,151227.768
1778761800000,86.7000,86.7900,86.3100,86.3200,353672.523
1778762700000,86.3200,86.7200,86.1700,86.5900,246401.947
1778763600000,86.5800,86.7800,85.9400,86.3600,419940.801
1778764500000,86.3600,86.3900,85.3300,85.4800,589863.377
1778765400000,85.4800,85.4800,84.2000,84.5500,939122.839
1778766300000,84.5500,84.9300,83.8700,83.9900,614380.034
1778767200000,83.9900,84.6800,83.9000,84.6200,443304.707
1778768100000,84.6200,85.1300,84.5400,84.7200,451335.227
1778769000000,84.7200,85.0200,84.6600,84.8300,179923.669
1778769900000,84.8300,85.0300,84.5200,84.5200,307485.155
1778770800000,84.5200,84.9000,84.4500,84.8400,352728.534
1778771700000,84.8400,85.2600,84.7100,85.1400,194846.610
1778772600000,85.1400,85.4000,84.9700,85.0700,142402.547
1778773500000,85.0700,85.1100,84.8300,84.9300,146992.188
1778774400000,84.9400,85.0200,84.6600,84.8600,161552.279
1778775300000,84.8600,85.0500,84.6700,84.7300,90556.654
1778776200000,84.7300,84.7700,84.3600,84.6600,138999.865
1778777100000,84.6600,84.8600,84.5600,84.8200,72764.657
1778778000000,84.8200,85.0000,84.6300,84.6700,66069.968
1778778900000,84.6600,84.9000,84.6200,84.7700,62134.322
1778779800000,84.7700,84.9900,84.7100,84.9600,37000.743
1778780700000,84.9500,84.9600,84.8100,84.8200,33978.345
1778781600000,84.8200,84.8200,84.3800,84.6700,206081.501
1778782500000,84.6700,84.7700,84.5600,84.5600,35281.848
1778783400000,84.5700,84.6200,84.3900,84.3900,51764.711
1778784300000,84.3900,84.5100,84.2100,84.5100,126514.717
1778785200000,84.5100,84.5100,84.0900,84.1600,64973.640
1778786100000,84.1600,84.2700,84.0400,84.0500,91349.384
1778787000000,84.0400,84.1400,83.5300,83.5800,272242.840
1778787900000,83.5800,83.7800,83.3900,83.5400,223944.051
1778788800000,83.5500,83.7400,83.3300,83.3400,97716.853
1778789700000,83.3400,83.4400,83.2900,83.3800,71731.842
1778790600000,83.3800,83.5800,83.1300,83.5400,126192.467
1778791500000,83.5400,83.6800,83.5200,83.5900,65452.882
1778792400000,83.6000,83.9500,83.6000,83.9100,44825.724
1778793300000,83.9000,83.9000,83.8000,83.8300,17416.472
1778794200000,83.8300,83.8400,83.7000,83.7300,11373.162
1778795100000,83.7400,83.7800,83.7000,83.7000,4119.911
1778796000000,83.7100,83.7300,83.4300,83.6400,144689.588
1778796900000,83.6400,83.7000,83.6000,83.6900,34838.274
1778797800000,83.6900,83.9300,83.6800,83.9300,36874.530
1778798700000,83.9200,83.9400,83.7000,83.8200,35256.551
1778799600000,83.8200,83.8600,83.6500,83.6500,39437.244
1778800500000,83.6600,83.8800,83.4700,83.8600,100150.520
1778801400000,83.8600,83.9000,82.7100,83.7500,435735.416
1778802300000,83.7400,83.7500,83.2300,83.5400,292186.586
1778803200000,83.5400,83.6300,83.1500,83.3500,291594.074
1778804100000,83.3600,83.7400,82.9500,82.9700,258028.700
1778805000000,82.9700,82.9900,82.0100,82.3300,594167.787
1778805900000,82.3300,82.6100,81.8100,82.5300,441313.741
1778806800000,82.5300,82.6000,81.2100,81.5600,720866.360
1778807700000,81.5600,81.7200,81.0700,81.0900,351765.699
1778808600000,81.0800,81.6800,81.0500,81.6600,260200.298
1778809500000,81.6700,81.7100,80.7100,80.9000,445476.854
1778810400000,80.9000,81.3100,80.7700,81.1700,205200.055
1778811300000,81.1700,81.3200,80.9800,81.1600,125762.471
1778812200000,81.1600,81.3800,81.0700,81.3500,145212.893
1778813100000,81.3600,81.7300,81.2200,81.4700,230609.240
1778814000000,81.4600,81.7100,81.4200,81.5100,134798.335
1778814900000,81.5000,81.5200,81.0200,81.0700,164203.515
1778815800000,81.0700,81.5100,80.9300,81.3000,169894.878
1778816700000,81.3100,81.5200,81.1400,81.4800,104002.768
1778817600000,81.4800,81.6000,81.3000,81.5900,99918.220
1778818500000,81.5800,81.6100,81.1700,81.4000,131640.521
1778819400000,81.4000,81.5200,81.0500,81.0900,73322.184
1778820300000,81.1000,81.3300,81.0200,81.0800,116202.388
1778821200000,81.0800,81.0800,80.3400,80.5000,331021.725
1778822100000,80.4900,80.6400,80.1200,80.3000,266152.254
1778823000000,80.3100,80.3500,77.8400,78.2600,1693116.558
1778823900000,78.2700,78.6200,77.7900,78.0300,884071.818
1778824800000,78.0300,78.5200,77.6600,78.5000,898078.084
1778825700000,78.5000,78.9000,78.3800,78.4600,444385.204
1778826600000,78.4600,78.8000,78.4000,78.5800,294985.174
1778827500000,78.5800,78.8100,78.3000,78.4700,210772.536
1778828400000,78.4700,79.3400,78.2100,79.2900,399481.179
1778829300000,79.2900,79.4300,79.0300,79.2500,379906.913
1778830200000,79.2500,79.2600,78.9600,79.1600,269206.834
1778831100000,79.1600,79.2200,78.8200,78.9900,184679.182
1778832000000,78.9900,79.0500,78.3700,78.6700,340213.098
1778832900000,78.6600,78.6700,78.0600,78.2200,386417.777
1778833800000,78.2200,78.7500,77.9500,78.7400,363929.204
1778834700000,78.7400,78.7800,78.1300,78.2700,207436.824
1778835600000,78.2700,78.5900,77.8900,78.0300,235572.724
1778836500000,78.0400,78.1300,77.4200,78.0600,452244.385
1778837400000,78.0500,78.1200,77.4300,77.5200,307876.968
1778838300000,77.5300,77.6900,76.8800,77.5400,691625.407
1778839200000,77.5500,78.2500,77.4900,78.2000,269058.330
1778840100000,78.2100,78.7400,78.1000,78.5100,387629.892
1778841000000,78.5100,78.7100,78.2900,78.7100,193869.474
1778841900000,78.7000,79.1900,78.6400,78.9600,564460.403
1778842800000,78.9500,79.1100,78.7300,78.8200,202330.269
1778843700000,78.8100,79.0200,78.5500,78.6700,134679.575
1778844600000,78.6700,78.6900,78.3300,78.3900,120882.151
1778845500000,78.3900,78.6800,78.3700,78.4400,105851.318
1778846400000,78.4300,78.4300,78.0600,78.1100,160898.369
1778847300000,78.1100,78.6700,78.0900,78.4200,201255.348
1778848200000,78.4200,78.4700,77.6200,77.6600,349228.047
1778849100000,77.6600,77.8500,77.3200,77.3500,358222.052
1778850000000,77.3400,77.4300,76.4900,76.9900,982869.425
1778850900000,77.0000,77.4600,76.6900,77.1600,373553.025
1778851800000,77.1700,77.2300,76.1000,76.1400,759291.378
1778852700000,76.1400,76.8900,75.8900,76.5200,697957.698
1778853600000,76.5200,76.9200,76.1500,76.7700,477606.662
1778854500000,76.7700,77.1900,76.4200,76.9800,432542.069
1778855400000,76.9900,77.1100,76.5200,76.6500,248743.829
1778856300000,76.6500,77.0000,76.2800,76.9300,205855.507
1778857200000,76.9300,77.0300,76.5100,76.6200,229422.046
1778858100000,76.6100,76.7000,76.3300,76.5200,169627.885
1778859000000,76.5100,76.7000,76.3700,76.5700,143070.970
1778859900000,76.5700,76.6100,76.0800,76.3200,184520.598
1778860800000,76.3200,76.4400,75.9600,76.1200,208794.915
1778861700000,76.1200,76.5700,76.0800,76.4000,214585.920
1778862600000,76.4100,76.5700,76.3900,76.4800,106877.202
1778863500000,76.4900,76.5400,76.2700,76.4000,110019.624
1778864400000,76.4000,76.8300,76.3300,76.8200,174328.878
1778865300000,76.8200,77.4300,76.7500,77.2300,293228.533
1778866200000,77.2300,77.4700,77.1200,77.3200,179928.559
1778867100000,77.3300,77.3800,77.0500,77.1900,83123.582
1778868000000,77.1900,77.2800,77.0700,77.2400,130095.804
1778868900000,77.2400,77.2800,76.9200,77.0700,74020.837
1778869800000,77.0700,77.0800,76.7700,76.9400,91671.724
1778870700000,76.9400,77.1000,76.8300,76.9900,38246.043
1778871600000,77.0000,77.0100,76.5700,76.6100,69578.211
1778872500000,76.6100,76.7300,76.5000,76.5900,49047.099
1778873400000,76.6000,76.7500,76.5700,76.5900,49315.834
1778874300000,76.5900,76.6100,76.3600,76.3800,90044.230
1778875200000,76.3800,76.3800,75.7900,75.9700,278952.333
1778876100000,75.9600,76.0700,75.8000,76.0600,86011.050
1778877000000,76.0600,76.2200,76.0600,76.1100,69819.780
1778877900000,76.1200,76.1700,75.9300,76.0200,83061.544
1778878800000,76.0200,76.1200,75.9800,76.0800,39863.329
1778879700000,76.0700,76.2100,76.0500,76.0700,51315.698
1778880600000,76.0600,76.1300,76.0100,76.0700,28378.270
1778881500000,76.0600,76.2400,76.0600,76.1700,18127.877
1778882400000,76.1700,76.2900,76.1700,76.2300,17352.766
1778883300000,76.2200,76.2500,76.1800,76.2100,10736.930
1778884200000,76.2200,76.2200,76.1600,76.1600,5013.474
1778885100000,76.1500,76.1800,76.1400,76.1600,5249.641
1778886000000,76.1700,76.2300,76.1500,76.1900,7753.074
1778886900000,76.1900,76.2100,76.1600,76.1700,12184.998
1778887800000,76.1700,76.2200,76.1500,76.1800,6067.552
1778888700000,76.1800,76.1900,76.1100,76.1200,9853.971
1778889600000,76.1100,76.1200,76.0800,76.1000,5676.446
1778890500000,76.1000,76.1100,75.9100,75.9400,31059.854
1778891400000,75.9300,76.2100,75.9300,76.1900,18685.274
1778892300000,76.1900,76.1900,76.0700,76.0800,8012.157
1778893200000,76.0700,76.2000,76.0600,76.1500,6407.358
1778894100000,76.1500,76.1600,76.0700,76.0700,2765.186
1778895000000,76.0700,76.1900,76.0200,76.1400,11913.730
1778895900000,76.1400,76.2000,76.1300,76.2000,7362.796
1778896800000,76.1900,76.2100,76.1300,76.2100,11284.875
1778897700000,76.2100,76.2400,76.2000,76.2200,6636.029
1778898600000,76.2200,76.2200,76.1700,76.1700,3708.573
1778899500000,76.1700,76.1900,76.1200,76.1700,4198.518
1778900400000,76.1700,76.2300,76.1700,76.2300,2649.633
1778901300000,76.2200,76.2800,76.2100,76.2200,7010.503
1778902200000,76.2100,76.2200,76.1300,76.1800,10325.255
1778903100000,76.1800,76.2300,76.1700,76.2200,5397.231
1778904000000,76.2100,76.2400,76.1800,76.2000,5953.634
1778904900000,76.2000,76.2000,76.1100,76.1400,13037.777
1778905800000,76.1300,76.1900,76.1300,76.1800,6373.923
1778906700000,76.1800,76.1900,76.1600,76.1800,3049.574
1778907600000,76.1800,76.2300,76.1700,76.1900,8195.744
1778908500000,76.1900,76.2000,76.1700,76.1800,1912.444
1778909400000,76.1700,76.2200,76.1400,76.1700,7219.187
1778910300000,76.1600,76.1700,76.1200,76.1300,3826.463
1778911200000,76.1200,76.1300,76.0800,76.0800,6909.638
1778912100000,76.0800,76.0900,76.0000,76.0200,20217.454
1778913000000,76.0200,76.0600,75.9600,76.0500,20422.936
1778913900000,76.0500,76.0600,75.9400,75.9500,20750.949
1778914800000,75.9600,75.9800,75.3700,75.6100,164646.954
1778915700000,75.6100,75.8700,75.5200,75.8000,85267.476
1778916600000,75.8000,75.8900,75.8000,75.8700,23649.943
1778917500000,75.8700,75.9500,75.8400,75.8800,41155.918
1778918400000,75.8800,75.9100,75.8300,75.8800,13857.600
1778919300000,75.8800,75.9000,75.8400,75.9000,7078.983
1778920200000,75.9000,75.9400,75.8900,75.9400,10422.648
1778921100000,75.9400,75.9500,75.9100,75.9300,11437.666
1778922000000,75.9300,75.9300,75.8100,75.8500,18400.459
1778922900000,75.8600,75.8900,75.6400,75.7200,62676.568
1778923800000,75.7200,75.8100,75.7100,75.7800,11333.586
1778924700000,75.7800,75.7800,75.6200,75.6800,15975.215
1778925600000,75.6700,75.7400,75.4500,75.5900,90294.552
1778926500000,75.5900,75.6500,75.5600,75.6300,18807.713
1778927400000,75.6300,75.6800,75.5600,75.6200,10469.951
1778928300000,75.6200,75.6400,75.5600,75.5700,7835.792
1778929200000,75.5600,75.6500,75.5600,75.6200,26392.300
1778930100000,75.6300,75.7500,75.6200,75.7300,13132.368
1778931000000,75.7200,75.8500,75.7100,75.8100,8961.288
1778931900000,75.8100,75.8100,75.6800,75.7900,15937.378
1778932800000,75.7900,75.7900,75.7100,75.7600,5671.940
1778933700000,75.7500,75.7600,75.6900,75.7400,11728.805
1778934600000,75.7300,75.7700,75.7000,75.7000,3216.404
1778935500000,75.7000,75.7300,75.6700,75.7300,9397.921
1778936400000,75.7300,75.8000,75.7100,75.7900,8623.846
1778937300000,75.8000,75.8300,75.7800,75.7800,5603.864
1778938200000,75.7700,75.8300,75.7400,75.7600,5781.670
1778939100000,75.7700,75.8000,75.7600,75.7600,2460.386
1778940000000,75.7600,75.7800,75.7300,75.7600,4427.909
1778940900000,75.7600,75.8500,75.7500,75.8500,20774.430
1778941800000,75.8500,75.8800,75.7800,75.8300,13267.116
1778942700000,75.8200,75.8400,75.7400,75.7700,3367.563
1778943600000,75.7600,75.8300,75.7600,75.8000,3756.985
1778944500000,75.8000,75.8100,75.6800,75.7100,12021.799
1778945400000,75.7000,75.8800,75.7000,75.8400,22040.777
1778946300000,75.8500,75.8700,75.8000,75.8100,2588.404
1778947200000,75.8100,75.9200,75.8000,75.8600,16858.312
1778948100000,75.8600,75.8600,75.8200,75.8200,1953.817
1778949000000,75.8200,75.8300,75.7400,75.7600,4950.381
1778949900000,75.7600,75.8400,75.7500,75.8400,2069.607
1778950800000,75.8300,75.8400,75.8200,75.8300,1520.250
1778951700000,75.8400,75.8600,75.8200,75.8600,2191.056
1778952600000,75.8500,75.8900,75.8400,75.8400,4849.469
1778953500000,75.8400,75.8600,75.8000,75.8000,2338.691
1778954400000,75.8000,75.8700,75.8000,75.8500,2568.690
1778955300000,75.8500,75.8600,75.8400,75.8500,826.369
1778956200000,75.8400,75.9100,75.8400,75.9100,1709.403
1778957100000,75.9100,75.9300,75.8900,75.9200,3401.074
1778958000000,75.9200,75.9300,75.9200,75.9300,1790.842
1778958900000,75.9300,75.9300,75.8800,75.8900,2006.925
1778959800000,75.8900,75.9200,75.8700,75.9100,1827.386
1778960700000,75.9000,75.9100,75.8500,75.8800,2600.050
1778961600000,75.8800,75.9300,75.8700,75.9000,5841.909
1778962500000,75.8900,75.9000,75.8300,75.8600,7993.112
1778963400000,75.8600,75.8600,75.7900,75.8200,3544.233
1778964300000,75.8200,75.8300,75.7500,75.7600,4082.760
1778965200000,75.7600,75.7700,75.6800,75.6900,3105.413
1778966100000,75.6900,75.7300,75.6600,75.7000,6072.219
1778967000000,75.7000,75.7300,75.6000,75.6100,10805.706
1778967900000,75.6000,75.7000,75.6000,75.7000,2604.297
1778968800000,75.7000,75.7700,75.6400,75.7100,12624.854
1778969700000,75.7000,75.7400,75.7000,75.7200,1050.110
1778970600000,75.7200,75.7400,75.7200,75.7400,761.936
1778971500000,75.7400,75.7400,75.7300,75.7400,258.722
1778972400000,75.7300,75.7400,75.7100,75.7100,1874.203
1778973300000,75.7100,75.7400,75.7100,75.7300,1208.370
1778974200000,75.7200,75.7500,75.6900,75.7000,6090.625
1778975100000,75.7000,75.7100,75.6600,75.6600,2920.707
1778976000000,75.6600,75.7400,75.6600,75.7100,10831.509
1778976900000,75.7000,75.7200,75.6900,75.7200,2128.351
1778977800000,75.7200,75.7400,75.7100,75.7400,2494.788
1778978700000,75.7300,75.7500,75.7200,75.7300,4869.424
1778979600000,75.7200,75.7400,75.7200,75.7300,2708.012
1778980500000,75.7300,75.7300,75.7100,75.7100,1433.679
1778981400000,75.7100,75.7200,75.6200,75.6300,7463.203
1778982300000,75.6300,75.6800,75.6000,75.6700,9225.829
1778983200000,75.6600,75.7100,75.6600,75.6900,6690.144
1778984100000,75.6900,75.7000,75.6800,75.6800,1014.794
1778985000000,75.6900,75.6900,75.6500,75.6500,7105.638
1778985900000,75.6600,75.7200,75.6500,75.7200,9221.660
1778986800000,75.7100,75.7300,75.7100,75.7300,1716.714
1778987700000,75.7300,75.8100,75.7300,75.8000,10813.300
1778988600000,75.8100,75.8500,75.7700,75.8300,14345.321
1778989500000,75.8300,75.8300,75.7200,75.7800,11812.426
1778990400000,75.7800,75.8400,75.7700,75.8400,5827.725
1778991300000,75.8400,75.8400,75.7900,75.8100,3431.425
1778992200000,75.8000,75.8100,75.7700,75.7800,1527.193
1778993100000,75.7800,75.8300,75.7800,75.7900,6547.998
1778994000000,75.7900,75.8500,75.7800,75.8000,7649.696
1778994900000,75.8100,75.8100,75.7100,75.7200,6909.533
1778995800000,75.7100,75.7200,75.6900,75.7100,4360.587
1778996700000,75.7100,75.7200,75.6700,75.6700,3131.483
1778997600000,75.6800,75.7500,75.6500,75.7400,10697.091
1778998500000,75.7400,75.7500,75.7100,75.7100,2777.349
1778999400000,75.7000,75.7300,75.6800,75.6900,6200.487
1779000300000,75.6900,75.7300,75.6900,75.7300,5845.807
1779001200000,75.7200,75.7300,75.7200,75.7300,1587.950
1779002100000,75.7200,75.7300,75.6900,75.7200,2663.639
1779003000000,75.7300,75.7300,75.7000,75.7100,697.205
1779003900000,75.7100,75.7300,75.7100,75.7100,2430.864
1779004800000,75.7200,75.7300,75.7100,75.7200,2466.335
1779005700000,75.7300,75.7300,75.7100,75.7300,3269.197
1779006600000,75.7300,75.7400,75.7200,75.7400,2497.634
1779007500000,75.7400,75.7400,75.7300,75.7400,733.587
1779008400000,75.7400,75.7400,75.7300,75.7400,2184.782
1779009300000,75.7400,75.7400,75.6000,75.7000,29374.773
1779010200000,75.7000,75.7000,75.6300,75.6500,9482.013
1779011100000,75.6500,75.7100,75.6400,75.7100,9824.410
1779012000000,75.7000,75.7500,75.7000,75.7400,5823.552
1779012900000,75.7400,75.7500,75.7300,75.7500,4097.305
1779013800000,75.7400,75.7800,75.7400,75.7600,9978.591
1779014700000,75.7600,75.7600,75.7100,75.7300,6240.142
1779015600000,75.7200,75.7700,75.7200,75.7500,9239.990
1779016500000,75.7500,75.7600,75.7400,75.7500,3991.721
1779017400000,75.7500,75.7600,75.7400,75.7600,1059.467
1779018300000,75.7600,75.7600,75.7500,75.7600,1345.628
1779019200000,75.7600,75.7600,75.7500,75.7500,2656.858
1779020100000,75.7600,75.7700,75.7600,75.7700,4626.622
1779021000000,75.7700,75.8400,75.7600,75.8300,8709.034
1779021900000,75.8400,75.8700,75.8200,75.8700,19409.527
1779022800000,75.8600,75.8700,75.8000,75.8300,11574.558
1779023700000,75.8200,75.8500,75.7500,75.7800,26524.281
1779024600000,75.7700,75.8000,75.7700,75.8000,2605.754
1779025500000,75.8000,75.8700,75.7900,75.8500,11385.788
1779026400000,75.8400,75.8500,75.7900,75.8100,12471.745
1779027300000,75.8000,75.8200,75.7600,75.8200,8187.571
1779028200000,75.8200,75.8200,75.6700,75.6800,19888.296
1779029100000,75.6800,75.7500,75.6600,75.7200,9209.317
1779030000000,75.7100,75.7400,75.7000,75.7300,5901.501
1779030900000,75.7300,75.7500,75.7100,75.7400,3811.283
1779031800000,75.7500,75.7700,75.6900,75.6900,7856.014
1779032700000,75.7000,75.7300,75.6900,75.7100,3055.084
1779033600000,75.7200,75.7300,75.6600,75.6800,8534.904
1779034500000,75.6800,75.6900,75.6200,75.6900,9043.544
1779035400000,75.6800,75.7500,75.6800,75.7500,14195.187
1779036300000,75.7500,75.7700,75.7200,75.7300,5228.898
1779037200000,75.7200,75.7300,75.6700,75.6900,5524.631
1779038100000,75.6900,75.6900,75.6700,75.6900,2462.775
1779039000000,75.6800,75.7800,75.6800,75.7100,8800.974
1779039900000,75.7200,75.8000,75.7200,75.7700,8133.379
1779040800000,75.7700,75.7800,75.6800,75.7200,6818.032
1779041700000,75.7300,75.7400,75.6700,75.7100,6435.993
1779042600000,75.7000,75.7500,75.6900,75.7200,3131.300
1779043500000,75.7200,75.7200,75.6500,75.6900,4016.583
1779044400000,75.6900,75.7100,75.6500,75.6700,9400.024
1779045300000,75.6700,75.7400,75.6500,75.7300,12133.877
1779046200000,75.7300,75.7400,75.7000,75.7400,3801.382
1779047100000,75.7400,75.7500,75.7000,75.7500,5516.042
1779048000000,75.7500,75.7500,75.6600,75.7200,10338.633
1779048900000,75.7200,75.7200,75.7000,75.7000,1339.866
1779049800000,75.7100,75.7300,75.6700,75.7100,7490.524
1779050700000,75.7100,75.7300,75.6800,75.6800,3188.846
1779051600000,75.6700,75.7500,75.6700,75.7500,3269.921
1779052500000,75.7500,75.7900,75.7400,75.7900,3525.685
1779053400000,75.7900,75.9500,75.6400,75.7200,32252.469
1779054300000,75.7100,75.9000,75.1200,75.6000,142264.007
1779055200000,75.6100,76.6000,75.2500,76.3800,507015.217
1779056100000,76.3800,76.5000,76.0600,76.2900,174003.089
1779057000000,76.2800,76.8600,76.2800,76.7000,235547.992
1779057900000,76.6900,76.9400,76.6700,76.8300,190367.435
1779058800000,76.8300,76.8700,76.5000,76.6700,159634.925
1779059700000,76.6700,76.6800,76.1300,76.2300,213399.778
1779060600000,76.2300,76.6800,76.0900,76.6200,316256.182
1779061500000,76.6300,76.9800,76.2100,76.6800,349210.055
1779062400000,76.6700,76.9300,76.2500,76.3500,393858.962
1779063300000,76.3500,76.4100,75.0100,75.1500,583861.365
1779064200000,75.1600,75.3400,74.0600,74.1400,1246856.455
1779065100000,74.1500,75.5600,74.0600,75.4200,541949.384
1779066000000,75.4200,75.4900,74.0800,74.1300,754703.103
1779066900000,74.1300,74.5200,73.8500,74.1700,501781.076
1779067800000,74.1700,74.6900,74.0900,74.6700,233539.698
1779068700000,74.6600,75.5000,74.5700,74.8900,322669.483
1779069600000,74.8900,75.2300,74.6600,75.0800,194173.085
1779070500000,75.0800,75.4400,74.9500,75.1900,332802.133
1779071400000,75.1800,75.5200,74.9300,75.2700,432502.311
1779072300000,75.2700,75.5700,74.9700,75.0400,211930.673
1779073200000,75.0400,75.2500,74.7500,74.8800,175019.373
1779074100000,74.8900,75.2200,74.7800,75.0100,234912.168
1779075000000,75.0200,75.1300,74.4100,75.0900,313814.200
1779075900000,75.0800,75.3100,74.9500,75.2900,127721.965
1779076800000,75.2800,75.7200,75.2700,75.6200,236761.882
1779077700000,75.6300,75.7200,75.0600,75.2200,114137.667
1779078600000,75.2200,75.6000,75.2000,75.4400,102854.718
1779079500000,75.4400,75.4700,75.1300,75.4200,68283.538
1779080400000,75.4200,75.5500,75.2300,75.3700,111907.487
1779081300000,75.3600,75.6600,75.2000,75.5400,145344.496
1779082200000,75.5500,75.7100,75.2900,75.3600,144716.136
1779083100000,75.3600,75.4700,74.8900,74.9400,179085.280
1779084000000,74.9300,75.2500,74.8800,75.1600,140040.424
1779084900000,75.1500,75.5500,75.0700,75.2600,113846.857
1779085800000,75.2600,75.6000,75.1500,75.5200,91029.700
1779086700000,75.5200,76.2100,75.4900,76.1800,244666.590
1779087600000,76.1800,76.2400,75.7300,75.7900,226350.121
1779088500000,75.7800,76.1100,75.6300,76.0700,157663.279
1779089400000,76.0700,76.3700,75.9400,75.9400,233734.289
1779090300000,75.9400,76.1200,75.8300,76.0000,120694.739
1779091200000,76.0000,76.1800,75.8400,75.9900,92691.808
1779092100000,75.9800,76.2500,75.8500,76.1100,90501.222
1779093000000,76.1200,76.3500,76.0600,76.0700,143711.548
1779093900000,76.0600,76.4000,76.0600,76.2200,87897.361
1779094800000,76.2100,76.2800,75.9300,76.0600,88404.170
1779095700000,76.0600,76.1500,75.9000,75.9400,64756.505
1779096600000,75.9400,75.9900,75.7400,75.8600,92884.723
1779097500000,75.8700,75.9300,75.6900,75.8800,118952.785
1779098400000,75.8800,75.9500,75.6000,75.8100,100640.722
1779099300000,75.8200,75.8800,75.6600,75.7300,59146.392
1779100200000,75.7300,75.9700,75.4600,75.9500,105514.137
1779101100000,75.9600,76.2300,75.7600,75.8000,135845.366
1779102000000,75.7900,75.9100,75.4300,75.9100,228976.651
1779102900000,75.9000,76.0100,75.7100,75.7600,84897.465
1779103800000,75.7500,77.1500,75.7400,76.9800,624476.207
1779104700000,76.9900,77.0000,76.4600,76.5000,339265.413
1779105600000,76.5100,76.7200,76.3700,76.6700,212179.152
1779106500000,76.6700,77.0000,76.3900,76.8100,245316.984
1779107400000,76.8200,77.4600,76.7700,77.4500,336972.072
1779108300000,77.4500,77.6000,77.0200,77.5100,345996.719
1779109200000,77.5200,77.8400,77.2700,77.6000,578154.337
1779110100000,77.6000,77.8800,77.4500,77.7000,280246.483
1779111000000,77.7100,78.0500,77.5100,77.6200,441066.336
1779111900000,77.6200,78.2900,77.5100,77.8900,411341.814
1779112800000,77.8900,77.9600,77.1500,77.3000,469593.230
1779113700000,77.3000,77.5100,76.8500,77.1600,371306.274
1779114600000,77.1500,77.2100,76.3400,76.6500,451631.455
1779115500000,76.6400,76.8200,76.2700,76.7300,210523.340
1779116400000,76.7300,76.8300,76.1800,76.6100,424478.358
1779117300000,76.6000,76.7200,76.3500,76.3600,194851.640
1779118200000,76.3500,76.8700,76.3200,76.6800,155812.672
1779119100000,76.6800,76.9800,76.6600,76.9100,101149.601
1779120000000,76.9200,77.0200,76.6500,77.0000,128686.964
1779120900000,77.0000,77.1000,76.3300,76.4600,212119.687
1779121800000,76.4700,77.0000,76.3600,76.7100,142541.936
1779122700000,76.7100,77.1700,76.6900,76.9900,107609.419
1779123600000,76.9900,77.2500,76.8900,77.1400,130317.713
1779124500000,77.1400,77.2800,77.0300,77.1000,109330.772
1779125400000,77.1000,77.1500,76.9900,77.1100,34787.553
1779126300000,77.1000,77.1400,76.9400,77.0100,36506.982
1779127200000,77.0000,77.0100,76.8200,76.8700,44895.787
1779128100000,76.8800,76.9000,76.6600,76.8900,90027.986
1779129000000,76.9000,76.9400,76.7600,76.8600,62206.413
1779129900000,76.8600,76.9300,76.4700,76.5600,68905.694
1779130800000,76.5700,77.7000,76.5300,77.3400,546824.114
1779131700000,77.3400,77.4100,76.9300,77.0700,122698.625
1779132600000,77.0700,77.4400,77.0400,77.3700,79510.630
1779133500000,77.3600,77.5700,77.3500,77.4100,100874.702
1779134400000,77.4100,77.5900,77.3900,77.5700,38351.198
1779135300000,77.5700,77.7700,77.5700,77.6400,52853.672
1779136200000,77.6300,77.6600,77.5200,77.6400,30502.876
1779137100000,77.6500,77.7900,77.5500,77.7400,54038.000
1779138000000,77.7400,77.7800,77.6400,77.6500,36552.061
1779138900000,77.6600,77.7200,77.6600,77.7200,8451.835
1779139800000,77.7100,77.7700,77.6500,77.7000,19605.431
1779140700000,77.7000,77.7600,77.6700,77.7000,8228.557
1779141600000,77.7000,78.0800,77.6800,78.0000,184939.907
1779142500000,78.0000,78.0600,77.9000,78.0500,48802.749
1779143400000,78.0500,78.3000,78.0100,78.2500,112412.837
1779144300000,78.2600,78.2800,78.1100,78.2300,41219.192
1779145200000,78.2300,78.9300,78.2300,78.8400,226599.908
1779146100000,78.8500,78.8700,78.6400,78.7200,63159.807
1779147000000,78.7200,78.9400,78.6200,78.8900,89819.888
1779147900000,78.9000,78.9300,78.5800,78.7200,59576.665
1779148800000,78.7200,78.9300,78.4100,78.5500,213635.710
1779149700000,78.5400,78.8100,78.3700,78.4900,121256.821
1779150600000,78.5000,78.6400,78.1900,78.2600,110409.128
1779151500000,78.2600,78.2900,77.5300,77.5900,178422.557
1779152400000,77.5800,77.8200,77.2400,77.5800,448752.738
1779153300000,77.5900,77.7000,77.0800,77.2000,246322.310
1779154200000,77.2100,77.6500,76.9400,77.5600,207070.063
1779155100000,77.5700,77.5900,77.1800,77.2100,127749.490
1779156000000,77.2000,77.2500,76.6500,76.7900,291483.334
1779156900000,76.7900,76.9000,76.5900,76.7000,154138.977
1779157800000,76.7000,76.7900,76.3100,76.5700,243675.639
1779158700000,76.5700,76.6600,76.2700,76.4100,194472.657
1779159600000,76.4100,76.6000,76.1800,76.5900,191630.566
1779160500000,76.6000,76.7600,76.3900,76.5700,161546.770
1779161400000,76.5800,76.6500,76.3700,76.4200,117015.121
1779162300000,76.4200,76.5300,76.2500,76.2900,114407.789
1779163200000,76.2900,76.3000,76.0700,76.2200,157599.979
1779164100000,76.2200,76.3400,76.0700,76.1300,100483.454
1779165000000,76.1400,76.3000,76.0500,76.1600,75394.392
1779165900000,76.1700,76.3500,76.1600,76.3200,55846.971
1779166800000,76.3200,76.4900,76.2400,76.4200,73920.105
1779167700000,76.4100,76.4400,75.8900,76.1800,180320.737
1779168600000,76.1900,76.2500,75.7800,76.0400,269481.117
1779169500000,76.0500,76.5100,75.8400,76.3800,304240.098
1779170400000,76.3900,76.6400,76.1100,76.5500,197639.997
1779171300000,76.5400,76.7500,76.4200,76.4200,176234.403
1779172200000,76.4200,76.5800,76.3300,76.5400,133741.714
1779173100000,76.5400,76.5500,76.1200,76.3600,111946.393
1779174000000,76.3700,76.3700,75.9500,76.1200,192651.728
1779174900000,76.1300,76.1700,75.8600,76.0900,111241.261
1779175800000,76.0900,76.1400,75.8400,75.8900,108145.546
1779176700000,75.8900,76.5400,75.8700,76.5300,217825.333
1779177600000,76.5400,76.6200,76.0200,76.1600,150208.452
1779178500000,76.1600,76.2000,75.9200,76.0600,122229.879
1779179400000,76.0600,76.2800,76.0000,76.2500,74840.898
1779180300000,76.2600,76.3300,76.0600,76.0800,69701.103
1779181200000,76.0700,76.0800,75.5500,75.7800,207350.789
1779182100000,75.7900,76.1000,75.6400,75.8000,177728.882
1779183000000,75.8000,75.8800,75.5800,75.6600,172427.862
1779183900000,75.6600,75.9600,75.6500,75.8900,91071.512
1779184800000,75.8900,76.0400,75.7800,75.9500,108379.632
1779185700000,75.9500,76.0000,75.8200,75.9700,49733.596
1779186600000,75.9700,76.1200,75.5100,75.6300,185864.625
1779187500000,75.6300,76.1500,75.5600,76.1500,191502.044
1779188400000,76.1400,76.3300,75.9700,76.1300,179119.194
1779189300000,76.1300,76.2100,75.9600,76.0800,57822.099
1779190200000,76.0800,76.1400,75.9200,76.0700,66040.339
1779191100000,76.0600,76.0900,75.8200,75.8300,59247.713
1779192000000,75.8400,76.2400,75.7100,76.1600,127220.547
1779192900000,76.1600,76.3800,75.9500,76.2800,120246.191
1779193800000,76.2700,76.4300,76.1100,76.1400,152612.972
1779194700000,76.1500,76.2600,76.0600,76.1200,95819.172
1779195600000,76.1200,76.1300,75.3600,75.7000,329864.887
1779196500000,75.7000,75.7600,73.6200,73.7700,1140674.396
1779197400000,73.7700,73.8700,73.1400,73.5100,1570214.216
1779198300000,73.5200,74.6300,73.5100,74.4200,835266.237
1779199200000,74.4200,74.9400,74.1800,74.2900,643764.211
1779200100000,74.2800,74.5000,73.9900,74.3000,373153.815
1779201000000,74.3000,74.4600,73.9800,74.1900,324700.071
1779201900000,74.1800,74.2300,73.7300,74.1700,294580.107
1779202800000,74.1700,74.3200,73.8500,74.2100,266863.292
1779203700000,74.2100,74.5100,74.1300,74.3400,243434.717
1779204600000,74.3400,74.6100,74.3000,74.4100,145909.730
1779205500000,74.4200,74.5900,74.2600,74.5300,89642.814
1779206400000,74.5400,74.7100,74.3000,74.3600,139325.099
1779207300000,74.3700,74.6700,74.2800,74.6500,93410.124
1779208200000,74.6400,74.7800,74.5400,74.6500,100364.965
1779209100000,74.6500,74.7600,74.6100,74.7000,44440.491
1779210000000,74.7000,74.9300,74.7000,74.9100,106351.579
1779210900000,74.9200,74.9800,74.7100,74.7400,108109.505
1779211800000,74.7300,74.8000,74.5400,74.6200,91095.469
1779212700000,74.6100,74.6200,74.4600,74.5500,49396.521
1779213600000,74.5500,74.6200,74.5100,74.5300,29972.023
1779214500000,74.5300,74.5500,74.1600,74.3100,127357.631
1779215400000,74.3100,74.5100,74.1800,74.4800,81128.154
1779216300000,74.4800,74.5000,74.1100,74.1900,81086.727
1779217200000,74.1900,74.3100,74.1600,74.2400,54784.635
1779218100000,74.2400,74.2500,74.0100,74.0900,64396.691
1779219000000,74.0900,74.3100,74.0600,74.2100,59868.431
1779219900000,74.2200,74.2400,73.9200,74.0300,84542.655
1779220800000,74.0300,74.0300,73.8200,73.9600,68659.243
1779221700000,73.9600,74.0300,73.8600,74.0200,33834.892
1779222600000,74.0200,74.0300,73.8900,73.9100,33541.887
1779223500000,73.9200,73.9200,73.7100,73.7600,66827.297
1779224400000,73.7700,74.0400,73.7700,73.9600,36420.090
1779225300000,73.9600,74.0400,73.9400,74.0400,7467.397
1779226200000,74.0400,74.0700,73.9800,74.0200,14864.342
1779227100000,74.0200,74.1200,73.9300,74.1200,18475.854
1779228000000,74.1100,74.1200,73.8400,74.0100,77195.541
1779228900000,74.0200,74.0200,73.8400,73.9500,61749.834
1779229800000,73.9400,74.1400,73.9000,74.0100,83633.123
1779230700000,74.0000,74.1200,73.9200,74.1100,69629.150
1779231600000,74.1000,74.2400,74.0000,74.2100,69601.372
1779232500000,74.2100,74.2600,74.1500,74.2000,27278.086
1779233400000,74.2100,74.5100,74.2100,74.4400,80700.857
1779234300000,74.4300,74.5100,74.1700,74.2800,72301.718
1779235200000,74.2700,74.3600,73.9600,74.1200,137769.285
1779236100000,74.1200,74.4800,73.9300,74.4700,154340.020
1779237000000,74.4800,74.6600,74.3600,74.4800,240319.547
1779237900000,74.4800,74.7000,74.4100,74.6700,133579.484
1779238800000,74.6700,74.9600,74.0500,74.3300,561367.828
1779239700000,74.3400,74.5900,73.6900,73.7100,250703.545
1779240600000,73.7200,73.9700,73.4600,73.7200,306945.351
1779241500000,73.7300,74.4400,73.6200,74.2500,364404.592
1779242400000,74.2600,74.4100,73.8800,74.0500,100550.388
1779243300000,74.0500,74.2400,73.9200,74.0700,69151.346
1779244200000,74.0700,74.1300,73.2100,73.2900,330596.718
1779245100000,73.2900,73.5500,73.2700,73.5200,145565.521
1779246000000,73.5100,73.5300,73.2000,73.4900,129213.854
1779246900000,73.5000,73.8600,73.4600,73.8100,89775.714
1779247800000,73.8000,73.9400,73.7000,73.8700,84454.852
1779248700000,73.8700,73.8800,73.5900,73.6000,86211.554
1779249600000,73.6100,73.9500,73.6100,73.8400,72864.124
1779250500000,73.8500,73.8700,73.5800,73.6800,69130.686
1779251400000,73.6900,73.7400,73.5200,73.6800,66461.150
1779252300000,73.6800,73.6900,73.5400,73.6500,52634.253
1779253200000,73.6400,74.1100,73.6400,73.9500,159352.437
1779254100000,73.9600,74.1500,73.8600,73.8800,106883.951
1779255000000,73.8900,74.5900,73.8900,74.2900,439118.193
1779255900000,74.2900,74.4000,74.0600,74.3000,142974.364
1779256800000,74.2900,74.5800,74.1900,74.5800,188472.166
1779257700000,74.5900,74.9300,74.5900,74.7500,352188.571
1779258600000,74.7500,74.8000,74.4700,74.7900,189098.041
1779259500000,74.7900,75.4900,74.7500,75.2700,425849.184
1779260400000,75.2600,75.5000,75.1000,75.2500,230385.316
1779261300000,75.2500,75.2900,75.0400,75.1700,150439.324
1779262200000,75.1900,75.2300,74.9000,75.0500,101120.291
1779263100000,75.0500,75.1200,74.9400,75.0400,58221.806
1779264000000,75.0500,75.2600,74.9700,75.1700,149240.931
1779264900000,75.1700,75.4600,75.0900,75.4600,173526.833
1779265800000,75.4700,75.5900,75.2200,75.4600,173793.876
1779266700000,75.4600,75.6200,75.4000,75.4000,166292.378
1779267600000,75.4000,75.5000,75.2200,75.2200,146735.954
1779268500000,75.2200,75.4200,75.2100,75.3200,98657.287
1779269400000,75.3200,75.5900,75.3100,75.4400,115431.299
1779270300000,75.4300,75.6600,75.3900,75.5000,106560.485
1779271200000,75.5000,75.6700,75.4300,75.4600,83811.520
1779272100000,75.4500,75.6000,75.4300,75.4500,80075.918
1779273000000,75.4600,75.7700,75.4400,75.7300,210005.248
1779273900000,75.7400,75.7800,75.6400,75.7600,119654.779
1779274800000,75.7600,75.8700,75.6600,75.7100,169589.265
1779275700000,75.7100,75.8300,75.5300,75.8000,134779.035
1779276600000,75.8000,75.8500,75.6300,75.7500,128160.561
1779277500000,75.7500,75.8600,75.6200,75.8300,135151.848
1779278400000,75.8200,75.8700,75.5100,75.5500,97783.876
1779279300000,75.5500,75.7600,75.4500,75.5400,158592.990
1779280200000,75.5400,75.7900,75.5300,75.6400,158626.587
1779281100000,75.6400,75.7800,75.4900,75.5500,97112.441
1779282000000,75.5500,75.8600,75.0900,75.4600,498397.274
1779282900000,75.4600,75.4600,74.9700,74.9900,223549.077
1779283800000,74.9800,75.2200,74.7100,75.0500,426359.198
1779284700000,75.0500,75.2300,74.7600,74.8900,302398.493
1779285600000,74.9000,75.0200,74.4700,74.8300,479442.384
1779286500000,74.8300,75.9800,74.8300,75.9000,1353986.115
1779287400000,75.8900,76.6700,75.8900,76.0700,881429.162
1779288300000,76.0800,76.5100,75.9500,76.1500,381476.833
1779289200000,76.1500,76.3600,75.6900,75.7400,264391.219
1779290100000,75.7500,76.6600,75.7400,75.8300,988868.049
1779291000000,75.8300,76.1200,75.8200,76.0500,154168.531
1779291900000,76.0600,76.1700,75.6700,75.7700,158609.118
1779292800000,75.7800,76.0500,75.7600,75.9600,118498.810
1779293700000,75.9500,75.9500,75.6000,75.7000,210685.498
1779294600000,75.7000,75.9400,75.6400,75.9200,72674.812
1779295500000,75.9300,75.9900,75.7900,75.9900,111075.475
1779296400000,75.9900,76.2700,75.8400,76.1200,178891.754
1779297300000,76.1100,76.2000,75.8400,76.0000,183304.218
1779298200000,76.0000,76.1300,75.8900,75.9900,161174.581
1779299100000,75.9900,76.0800,75.8700,75.8800,38562.397
1779300000000,75.8800,76.1500,75.7800,76.1000,75667.404
1779300900000,76.0900,76.2400,76.0000,76.1600,73658.636
1779301800000,76.1700,76.4400,76.1600,76.1700,113788.854
1779302700000,76.1700,76.3400,76.1500,76.2300,45165.949
1779303600000,76.2300,76.3600,76.2200,76.2900,49488.004
1779304500000,76.2900,76.3300,76.0800,76.1200,41965.232
1779305400000,76.1200,76.3200,76.0500,76.1800,91130.127
1779306300000,76.1800,76.1800,75.9700,76.0000,71256.617
1779307200000,76.0000,76.1400,75.9600,76.0600,40221.862
1779308100000,76.0600,76.1000,75.8200,76.0200,105780.410
1779309000000,76.0100,76.0200,75.8600,75.9000,22322.512
1779309900000,75.9000,75.9400,75.8400,75.8900,33657.754
1779310800000,75.9000,75.9600,75.8900,75.9300,20311.530
1779311700000,75.9200,75.9300,75.8700,75.9000,11802.056
1779312600000,75.8900,75.9200,75.8600,75.9000,9505.516
1779313500000,75.9000,75.9600,75.8900,75.9300,8777.700
1779314400000,75.9300,75.9700,75.3100,75.5400,219982.675
1779315300000,75.5500,75.5800,75.3200,75.5300,127537.552
1779316200000,75.5200,75.7700,75.5200,75.7400,90977.538
1779317100000,75.7300,75.7900,75.6000,75.7600,65144.829
1779318000000,75.7500,75.8200,75.6300,75.7000,45840.345
1779318900000,75.7000,75.7400,75.4900,75.6200,63794.525
1779319800000,75.6300,75.9400,75.6100,75.9100,86026.449
1779320700000,75.9100,76.0400,75.8100,75.9900,84963.451
1779321600000,75.9900,76.0400,75.5400,75.7100,229045.890
1779322500000,75.7100,76.0500,75.4300,75.7600,265559.164
1779323400000,75.7600,75.9500,75.6400,75.8900,145416.918
1779324300000,75.8900,76.2400,75.7700,76.1500,231553.526
1779325200000,76.1600,76.6800,75.8400,76.6200,723855.144
1779326100000,76.6300,76.7900,76.4200,76.7100,259886.538
1779327000000,76.7200,76.9800,76.5200,76.6200,309323.125
1779327900000,76.6300,76.6600,76.3000,76.4300,206419.676
1779328800000,76.4400,76.6100,76.2700,76.3600,184734.567
1779329700000,76.3600,76.3700,76.0000,76.0100,158854.126
1779330600000,76.0100,76.0900,75.3800,75.4600,534197.951
1779331500000,75.4600,75.5400,75.2500,75.4400,301285.745
1779332400000,75.4400,75.7000,75.3500,75.6200,134109.481
1779333300000,75.6100,75.7400,75.3500,75.5400,140679.864
1779334200000,75.5400,75.6600,75.4800,75.6200,105229.136
1779335100000,75.6200,75.6600,75.3600,75.3800,100770.391
1779336000000,75.3800,75.6700,75.3300,75.6400,97444.624
1779336900000,75.6400,75.8200,75.5800,75.7700,83916.819
1779337800000,75.7800,75.8100,75.5200,75.6500,72069.187
1779338700000,75.6500,75.8000,75.5900,75.7600,87774.059
1779339600000,75.7600,75.8200,75.5000,75.5600,99701.413
1779340500000,75.5500,75.5600,75.1700,75.2100,115588.176
1779341400000,75.2200,75.3200,75.0100,75.3100,296257.332
1779342300000,75.3000,75.5300,74.9900,75.4300,235908.461
1779343200000,75.4200,75.5800,75.2400,75.3200,160147.714
1779344100000,75.3200,75.6700,75.1700,75.2100,239566.659
1779345000000,75.2100,75.2900,74.8700,75.1500,318829.409
1779345900000,75.1400,75.1700,74.8300,74.9400,212307.683
1779346800000,74.9500,75.1900,74.9200,75.0100,180605.074
1779347700000,75.0100,75.1300,74.9400,74.9500,94959.452
1779348600000,74.9600,75.0600,74.9000,74.9700,165414.221
1779349500000,74.9700,75.0400,74.8200,74.8700,104999.803
1779350400000,74.8700,75.5100,74.7400,75.4200,287722.725
1779351300000,75.4200,75.5700,75.2800,75.5200,330121.382
1779352200000,75.5200,75.5300,75.2900,75.3800,182251.031
1779353100000,75.3900,75.6200,75.3100,75.5700,180553.778
1779354000000,75.5700,75.7100,75.4900,75.6100,122804.657
1779354900000,75.6000,75.7400,75.5700,75.7000,76372.708
1779355800000,75.7000,75.9100,75.4100,75.4400,125608.235
1779356700000,75.4500,75.5400,75.4000,75.4900,87603.420
1779357600000,75.4900,75.5600,75.4100,75.5500,83183.573
1779358500000,75.5500,75.6300,74.7800,75.0300,349376.652
1779359400000,75.0400,75.1000,74.6100,75.0000,373142.096
1779360300000,75.0000,75.0300,74.7300,74.7800,323099.097
1779361200000,74.7800,75.0900,74.7400,74.9500,219584.365
1779362100000,74.9400,75.1900,74.9300,74.9400,111928.384
1779363000000,74.9500,75.0400,74.8000,74.9200,88678.369
1779363900000,74.9200,75.1300,74.9000,75.0500,54334.308
1779364800000,75.0600,75.1700,74.9400,75.0000,89391.599
1779365700000,75.0100,75.0200,74.7400,74.8500,122083.978
1779366600000,74.8500,75.2200,74.8300,75.1000,308993.161
1779367500000,75.1000,75.1900,74.7500,74.7700,160092.286
1779368400000,74.7700,75.2600,74.5200,74.9400,362783.106
1779369300000,74.9400,75.1500,74.7000,74.8800,199415.289
1779370200000,74.8900,74.8900,74.4800,74.7400,404549.045
1779371100000,74.7500,75.7700,74.7300,75.4600,675847.282
1779372000000,75.4600,75.4800,75.0700,75.2600,345915.618
1779372900000,75.2600,75.3200,74.9500,75.2200,219919.463
1779373800000,75.2200,75.3200,74.9800,75.0500,153246.397
1779374700000,75.0400,75.2400,74.9200,75.1700,141028.406
1779375600000,75.1700,75.6000,74.9600,75.4200,287098.746
1779376500000,75.4200,75.5700,75.2500,75.3200,218352.491
1779377400000,75.3100,75.4500,75.2900,75.3600,86840.560
1779378300000,75.3600,75.6300,75.3500,75.5800,93760.190
1779379200000,75.5900,76.0600,75.5900,75.8400,307328.828
1779380100000,75.8300,75.9300,75.7200,75.8500,74383.165
1779381000000,75.8500,76.0500,75.8400,75.9900,92057.732
1779381900000,76.0000,76.0800,75.9000,76.0400,85576.208
1779382800000,76.0500,76.5300,75.9500,76.2900,352100.285
1779383700000,76.2900,77.0300,76.2600,76.6600,780898.088
1779384600000,76.6600,76.9400,76.5600,76.9000,290533.947
1779385500000,76.9000,77.2000,76.7600,76.8500,342847.937
1779386400000,76.8500,76.9800,76.5800,76.7700,268964.531
1779387300000,76.7700,77.0400,76.7400,76.9800,119899.727
1779388200000,76.9800,76.9900,76.7400,76.9000,110781.329
1779389100000,76.9100,76.9300,76.1200,76.3600,382584.662
1779390000000,76.3500,76.5300,76.2800,76.5000,138616.297
1779390900000,76.5000,76.7000,76.4900,76.5800,87944.845
1779391800000,76.5800,76.7900,76.5700,76.7200,65716.248
1779392700000,76.7200,76.9300,76.5400,76.8000,207797.661
1779393600000,76.8000,76.8100,76.6200,76.6700,87328.623
1779394500000,76.6700,76.6900,76.6200,76.6600,34276.282
1779395400000,76.6600,76.6700,76.6100,76.6400,21231.057
1779396300000,76.6500,76.7300,76.6300,76.7100,18770.745
1779397200000,76.7100,76.7600,76.6600,76.6900,22768.844
1779398100000,76.7000,76.7300,76.6800,76.7200,10625.247
1779399000000,76.7200,76.7300,76.6900,76.7000,10824.191
1779399900000,76.6900,76.7400,76.6700,76.7200,11725.814
1779400800000,76.7100,76.8800,76.6600,76.7100,77580.555
1779401700000,76.7200,76.7800,76.6600,76.7300,18705.077
1779402600000,76.7300,76.8900,76.6300,76.8600,48278.557
1779403500000,76.8500,76.8800,76.7300,76.8000,53525.005
1779404400000,76.8100,76.8600,76.7600,76.8000,41150.376
1779405300000,76.7900,76.8400,76.6000,76.7000,64137.164
1779406200000,76.7100,76.7100,76.5300,76.5300,74915.283
1779407100000,76.5300,76.7100,76.5300,76.6900,39972.353
1779408000000,76.6900,76.7100,76.4400,76.4500,65463.946
1779408900000,76.4500,76.6400,76.4000,76.6100,77879.207
1779409800000,76.6000,76.7000,76.4900,76.5100,41026.066
1779410700000,76.5100,76.5200,76.2700,76.2700,64884.933
1779411600000,76.2700,76.5600,76.0300,76.2100,195686.036
1779412500000,76.2200,76.4700,76.1400,76.3900,70593.086
1779413400000,76.3800,76.3800,76.0800,76.2700,107919.161
1779414300000,76.2700,76.7200,76.2600,76.4600,110102.218
1779415200000,76.4600,76.5400,76.2600,76.3500,90611.710
1779416100000,76.3600,76.4400,76.2100,76.2500,35442.415
1779417000000,76.2400,76.3400,75.9600,76.2200,110241.753
1779417900000,76.2200,76.4000,76.1700,76.3700,55852.731
1779418800000,76.3700,76.4300,76.2200,76.2500,67894.055
1779419700000,76.2600,76.2900,76.0600,76.1800,55921.735
1779420600000,76.1800,76.4800,76.1800,76.4700,71121.002
1779421500000,76.4600,76.5500,76.4000,76.5300,36820.426
1779422400000,76.5300,76.6800,76.5100,76.6400,62843.271
1779423300000,76.6300,76.7300,76.5300,76.6800,77681.591
1779424200000,76.6900,76.7300,76.5900,76.6600,49124.094
1779425100000,76.6600,76.6600,76.5700,76.6100,21472.402
1779426000000,76.6100,76.6800,76.5300,76.5600,48177.109
1779426900000,76.5700,76.5900,76.4800,76.5400,49383.651
1779427800000,76.5300,77.1200,76.4600,76.9000,356585.325
1779428700000,76.9100,77.0200,75.8900,75.9600,497374.531
1779429600000,75.9700,76.4400,75.8100,76.3600,304335.966
1779430500000,76.3500,76.5600,76.2600,76.5300,146791.908
1779431400000,76.5300,76.6400,76.2800,76.4800,158662.940
1779432300000,76.4800,76.4900,76.2700,76.3500,132063.747
1779433200000,76.3500,76.3500,75.9800,76.0200,198149.012
1779434100000,76.0300,76.2600,76.0200,76.1900,84509.661
1779435000000,76.1800,76.1800,75.8500,75.9100,116730.181
1779435900000,75.9100,76.0700,75.8300,76.0400,78609.342
1779436800000,76.0500,76.1600,75.9900,76.0400,66785.343
1779437700000,76.0300,76.2700,75.9800,76.0800,127168.862
1779438600000,76.0900,76.1200,75.7500,76.0300,182980.278
1779439500000,76.0300,76.1400,75.9400,75.9700,72490.268
1779440400000,75.9700,75.9900,75.7700,75.7700,108091.285
1779441300000,75.7600,75.8500,75.6500,75.7800,108522.040
1779442200000,75.7800,76.0500,75.6900,76.0100,75231.132
1779443100000,76.0100,76.1800,75.9700,76.0700,60957.287
1779444000000,76.0800,76.2700,75.9600,76.2100,80896.453
1779444900000,76.2100,76.2700,76.0200,76.0400,74638.866
1779445800000,76.0400,76.0800,75.8400,75.8500,86444.935
1779446700000,75.8500,75.9300,75.8100,75.9200,93037.025
1779447600000,75.9200,76.0200,75.7700,75.8200,126443.855
1779448500000,75.8300,75.8700,75.7200,75.8100,61527.596
1779449400000,75.8100,76.0200,75.7200,75.9100,86291.721
1779450300000,75.9000,76.0500,75.8600,75.8700,84820.679
1779451200000,75.8600,76.1800,75.7800,76.1500,334785.239
1779452100000,76.1500,76.4200,75.8600,75.8700,332736.345
1779453000000,75.8800,75.9000,75.5000,75.7800,386382.361
1779453900000,75.7800,76.2200,75.7200,76.2200,169336.645
1779454800000,76.2200,76.5200,75.9300,76.3000,518916.824
1779455700000,76.3000,76.4000,76.1500,76.1600,146143.574
1779456600000,76.1500,76.3500,75.7600,76.0400,367006.749
1779457500000,76.0400,76.1300,75.7900,76.0600,171888.600
1779458400000,76.0600,76.0600,75.3200,75.4300,444552.080
1779459300000,75.4200,75.6000,74.9900,75.2800,612274.893
1779460200000,75.2800,75.5100,75.2000,75.4900,137938.219
1779461100000,75.4900,75.5900,75.3000,75.3200,91439.279
1779462000000,75.3300,75.7100,75.3000,75.5900,112523.685
1779462900000,75.6000,75.9300,75.5800,75.9000,129409.678
1779463800000,75.9100,75.9500,75.7400,75.7800,118410.068
1779464700000,75.7900,76.0300,75.7300,75.9900,97895.223
1779465600000,76.0000,76.0700,75.8800,75.9900,167059.262
1779466500000,75.9900,76.2500,75.8600,76.2000,177986.223
1779467400000,76.2100,76.3200,75.8600,75.8900,166182.493
1779468300000,75.9000,75.9900,75.7800,75.9400,70950.832
1779469200000,75.9400,76.1500,75.9400,76.0900,45517.305
1779470100000,76.0900,76.3000,75.8400,76.2900,202601.909
1779471000000,76.2900,76.3800,75.9800,76.0400,122047.309
1779471900000,76.0300,76.0800,75.9600,76.0100,46527.670
1779472800000,76.0200,76.0400,75.8500,76.0000,76081.466
1779473700000,75.9900,76.0800,75.9300,76.0100,23026.924
1779474600000,76.0000,76.1400,75.9000,75.9900,72586.733
1779475500000,75.9800,76.0000,75.8700,75.9400,48760.059
1779476400000,75.9500,75.9800,75.6200,75.6400,127366.582
1779477300000,75.6300,75.7100,75.5600,75.5900,25160.608
1779478200000,75.5900,75.7300,75.4500,75.6900,74184.662
1779479100000,75.6900,75.7200,75.6000,75.6300,26248.540
1779480000000,75.6400,75.6600,75.4700,75.5700,39630.183
1779480900000,75.5700,75.6300,75.5100,75.6200,16289.474
1779481800000,75.6200,75.6300,75.4300,75.4800,69392.529
1779482700000,75.4900,75.5900,75.4600,75.5800,24496.989
1779483600000,75.5800,75.6000,75.5200,75.5400,14812.752
1779484500000,75.5500,75.5700,75.5200,75.5200,5593.325
1779485400000,75.5200,75.6000,75.5200,75.6000,10978.370
1779486300000,75.6000,75.6200,75.5900,75.6100,4670.468
1779487200000,75.6100,75.6300,75.5700,75.6100,5838.261
1779488100000,75.6100,75.6300,75.5900,75.6000,7410.101
1779489000000,75.6000,75.6100,75.5100,75.5100,13628.368
1779489900000,75.5100,75.5600,75.5100,75.5600,7541.772
1779490800000,75.5500,75.5800,75.5400,75.5600,4962.517
1779491700000,75.5600,75.5700,75.5400,75.5400,5058.518
1779492600000,75.5400,75.5500,75.4900,75.5000,5001.029
1779493500000,75.5000,75.5000,75.4000,75.5000,15879.900
1779494400000,75.4900,75.5500,75.4800,75.5100,10563.523
1779495300000,75.5200,75.5500,75.4800,75.5500,9969.460
1779496200000,75.5500,75.5600,75.5100,75.5200,8330.982
1779497100000,75.5200,75.5500,75.5100,75.5500,1737.216
1779498000000,75.5500,75.5800,75.5400,75.5400,4847.468
1779498900000,75.5400,75.5500,75.5100,75.5400,6570.023
1779499800000,75.5500,75.6100,75.5400,75.6000,8473.956
1779500700000,75.6100,75.6400,75.5900,75.6400,2425.190
1779501600000,75.6400,75.6500,75.5900,75.5900,5020.403
1779502500000,75.6000,75.6100,75.5700,75.5700,3343.575
1779503400000,75.5800,75.6100,75.5500,75.6100,4085.199
1779504300000,75.6100,75.7000,75.6100,75.6800,11033.764
1779505200000,75.6800,75.7200,75.6700,75.6800,7303.277
1779506100000,75.6900,75.6900,75.6100,75.6200,5070.469
1779507000000,75.6100,75.6600,75.6100,75.6600,6034.075
1779507900000,75.6600,75.6600,75.6400,75.6500,2046.027
1779508800000,75.6500,75.6600,75.6400,75.6500,1538.721
1779509700000,75.6600,75.6600,75.6500,75.6500,852.836
1779510600000,75.6500,75.6600,75.6500,75.6500,553.309
1779511500000,75.6600,75.6600,75.6500,75.6600,1141.713
1779512400000,75.6600,75.6600,75.6500,75.6600,1522.598
1779513300000,75.6600,75.6600,75.6500,75.6500,1605.811
1779514200000,75.6600,75.6900,75.6500,75.6500,5118.797
1779515100000,75.6600,75.6600,75.6100,75.6500,4678.095
1779516000000,75.6500,75.6500,75.6400,75.6400,891.382
1779516900000,75.6400,75.6600,75.6400,75.6500,2753.260
1779517800000,75.6600,75.6600,75.6500,75.6500,2742.445
1779518700000,75.6500,75.6600,75.6100,75.6100,5743.826
1779519600000,75.6200,75.6200,75.5500,75.5800,5465.142
1779520500000,75.5800,75.5800,75.5500,75.5700,3339.965
1779521400000,75.5700,75.5800,75.5400,75.5500,4304.850
1779522300000,75.5400,75.5500,75.3100,75.4300,88464.729
1779523200000,75.4400,75.4400,75.3700,75.3900,13194.993
1779524100000,75.3900,75.4300,75.3800,75.3900,7570.906
1779525000000,75.4000,75.4100,75.3600,75.3700,6732.930
1779525900000,75.3700,75.4000,75.3700,75.3900,6943.223
1779526800000,75.3900,75.3900,75.3800,75.3900,4902.080
1779527700000,75.4000,75.4200,75.3200,75.3900,39886.457
1779528600000,75.4000,75.4100,75.3900,75.4100,2206.555
1779529500000,75.4100,75.4100,75.3800,75.3900,6129.786
1779530400000,75.3900,75.4000,75.3800,75.3900,659.083
1779531300000,75.3800,75.3900,75.3800,75.3900,2402.845
1779532200000,75.3900,75.4000,75.3800,75.3900,2901.485
1779533100000,75.3900,75.4000,75.3800,75.3900,1957.882
1779534000000,75.3900,75.4900,75.3800,75.4900,33857.720
1779534900000,75.4900,75.5500,75.4800,75.5300,6480.452
1779535800000,75.5400,75.5400,75.4800,75.4900,5096.476
1779536700000,75.4900,75.5200,75.4800,75.5100,3147.647
1779537600000,75.5100,75.5200,75.4700,75.4800,3607.270
1779538500000,75.4700,75.4700,75.4500,75.4700,2059.493
1779539400000,75.4700,75.4800,75.4600,75.4800,921.103
1779540300000,75.4800,75.4800,75.4600,75.4700,2912.806
1779541200000,75.4800,75.5000,75.4700,75.4900,4033.907
1779542100000,75.4900,75.5100,75.4900,75.4900,3832.284
1779543000000,75.5000,75.5000,75.4800,75.4800,871.412
1779543900000,75.4900,75.5500,75.4800,75.5500,9178.867
1779544800000,75.5500,75.6200,75.5400,75.6000,6805.176
1779545700000,75.6000,75.6200,75.5800,75.6200,9447.580
1779546600000,75.6100,75.7000,75.6100,75.6500,43339.620
1779547500000,75.6600,75.7000,75.6000,75.6900,24159.994
1779548400000,75.6900,75.8100,75.6600,75.8000,35383.053
1779549300000,75.7900,75.8800,75.7700,75.7700,17797.774
1779550200000,75.7800,75.8000,75.7100,75.8000,11271.003
1779551100000,75.8000,75.8000,75.7600,75.7900,4875.947
1779552000000,75.7900,75.8000,75.6900,75.7000,9604.664
1779552900000,75.7000,75.7100,75.6700,75.6800,3575.028
1779553800000,75.6800,75.7400,75.6700,75.7300,4222.049
1779554700000,75.7300,75.7300,75.6800,75.7200,4548.158
1779555600000,75.7200,75.7500,75.7100,75.7500,4189.317
1779556500000,75.7500,75.8000,75.7400,75.8000,2318.894
1779557400000,75.7900,75.8000,75.7600,75.7600,2497.100
1779558300000,75.7700,75.7700,75.7600,75.7700,1384.347
1779559200000,75.7600,75.8600,75.7600,75.8600,10624.132
1779560100000,75.8600,76.0300,75.8500,75.9900,40846.186
1779561000000,75.9900,76.0500,75.9300,75.9700,35457.485
1779561900000,75.9700,75.9900,75.9000,75.9100,37223.938
1779562800000,75.9100,75.9600,75.8800,75.9300,13957.518
1779563700000,75.9400,76.0500,75.9300,76.0000,9062.614
1779564600000,76.0000,76.0400,75.9600,75.9600,7410.177
1779565500000,75.9600,75.9700,75.9400,75.9500,2029.898
1779566400000,75.9500,76.0800,75.9400,76.0200,9647.414
1779567300000,76.0300,76.1200,76.0200,76.0800,8718.413
1779568200000,76.0800,77.2300,76.0800,77.2100,212861.790
1779569100000,77.2100,77.7700,77.0000,77.7200,125686.797
1779570000000,77.7200,77.8000,77.4000,77.4300,125567.348
1779570900000,77.4300,77.4500,76.9600,76.9700,121117.222
1779571800000,76.9700,77.1000,76.6900,76.8300,63176.213
1779572700000,76.8200,76.9500,76.6900,76.7500,34304.677
1779573600000,76.7600,76.9900,76.7500,76.8800,39459.229
1779574500000,76.8800,76.9100,76.8100,76.8100,16456.613
1779575400000,76.8100,77.0000,76.7800,76.9700,31201.060
1779576300000,76.9700,77.0600,76.9600,76.9900,25929.639
1779577200000,77.0000,77.1000,76.9600,77.0400,13791.584
1779578100000,77.0500,77.1900,77.0300,77.1400,17676.114
1779579000000,77.1500,77.2700,77.0900,77.2200,24256.605
1779579900000,77.2200,77.6200,77.2200,77.5400,41138.230
1779580800000,77.5400,77.7100,77.3900,77.4300,44313.761
1779581700000,77.4300,77.4300,77.2300,77.2500,18859.116
1779582600000,77.2600,77.3400,77.2400,77.2500,16155.532
1779583500000,77.2400,77.4300,77.2400,77.3900,20531.228
1779584400000,77.3900,77.4700,77.1400,77.3200,47483.247
1779585300000,77.3300,77.5200,77.3200,77.4400,23160.289
1779586200000,77.4400,77.4700,77.3700,77.3700,8143.696
1779587100000,77.3800,77.5100,77.3600,77.5000,17642.819
1779588000000,77.5000,77.5600,77.4800,77.5100,13224.673
1779588900000,77.5200,77.5400,77.4200,77.4800,19768.731
1779589800000,77.4700,77.5000,77.4200,77.4200,8985.569
1779590700000,77.4200,77.4600,77.4100,77.4400,9704.389
1779591600000,77.4500,77.6400,77.4400,77.6300,9760.146
1779592500000,77.6400,77.8800,77.5700,77.7700,60977.343
1779593400000,77.7600,77.8300,77.5900,77.6500,41321.888
1779594300000,77.6500,77.7000,77.5900,77.6400,25585.853
1779595200000,77.6500,77.7100,77.5100,77.5200,15196.774
1779596100000,77.5200,77.5600,77.4700,77.5300,6888.558
1779597000000,77.5300,77.5900,77.4800,77.5100,10519.439
1779597900000,77.5000,77.5400,77.4600,77.4600,8539.531
1779598800000,77.4600,77.5400,77.4400,77.4900,13777.452
1779599700000,77.4900,77.5000,77.4500,77.4600,6784.420
1779600600000,77.4600,77.4800,77.4500,77.4700,9386.846
1779601500000,77.4600,77.5500,77.4100,77.5200,25056.714
1779602400000,77.5200,77.5500,77.5000,77.5100,6873.663
1779603300000,77.5100,77.5700,77.4300,77.4400,14550.745
1779604200000,77.4400,77.4500,77.3600,77.4100,21181.229
1779605100000,77.4200,77.6100,77.3700,77.5900,19194.052
1779606000000,77.6000,77.6000,77.4000,77.4100,21811.397
1779606900000,77.4100,77.4200,77.2200,77.3000,29003.942
1779607800000,77.3000,77.3400,77.2200,77.2900,27869.349
1779608700000,77.2900,77.4200,77.2900,77.3800,25533.521
1779609600000,77.3700,77.4100,77.3600,77.4000,4651.819
1779610500000,77.4100,77.4400,77.3700,77.4200,7112.187
1779611400000,77.4200,77.4300,77.3000,77.3400,8763.517
1779612300000,77.3500,77.3800,77.2400,77.2900,10400.301
1779613200000,77.3000,77.3300,77.2900,77.3100,3227.481
1779614100000,77.3100,77.3300,77.2400,77.2500,6072.300
1779615000000,77.2500,77.3000,77.1800,77.3000,9319.500
1779615900000,77.2900,77.4200,77.2500,77.4200,21691.148
1779616800000,77.4200,77.5100,77.3100,77.4000,18573.395
1779617700000,77.3900,77.4700,77.3700,77.4300,6929.104
1779618600000,77.4400,77.4500,77.3500,77.3500,9696.836
1779619500000,77.3500,77.3700,77.3300,77.3700,2057.628
1779620400000,77.3700,77.4000,77.3600,77.3900,3040.233
1779621300000,77.4000,77.5200,77.3900,77.4900,11786.063
1779622200000,77.4900,77.5000,77.3800,77.4000,14109.723
1779623100000,77.3900,77.4300,77.3500,77.3600,5890.940
1779624000000,77.3600,77.4000,77.3300,77.3600,8459.520
1779624900000,77.3500,77.3600,77.2600,77.3000,8357.964
1779625800000,77.3000,77.3400,77.2200,77.2400,11277.039
1779626700000,77.2500,77.2500,76.8600,77.0000,74929.931
1779627600000,77.0000,77.0200,76.9600,77.0000,17768.829
1779628500000,77.0000,77.1400,76.8600,76.9000,51143.954
1779629400000,76.8900,76.9100,76.7300,76.7900,48850.936
1779630300000,76.8000,76.9000,76.7400,76.8200,29083.114
1779631200000,76.8300,76.9500,76.2200,76.2400,99878.769
1779632100000,76.2500,76.2500,75.8900,76.1700,189145.204
1779633000000,76.1800,76.3900,76.1600,76.3800,35256.018
1779633900000,76.3800,76.3800,76.2100,76.2600,31050.492
1779634800000,76.2700,76.3800,76.1300,76.3300,22162.195
1779635700000,76.3300,76.7000,76.3200,76.6700,86665.676
1779636600000,76.6800,76.7500,76.5600,76.5800,30374.770
1779637500000,76.5800,76.8000,76.5800,76.6900,29163.628
1779638400000,76.6800,76.8200,76.6600,76.7100,13560.334
1779639300000,76.7100,76.8400,76.7000,76.7300,18037.103
1779640200000,76.7200,76.8500,76.6100,76.6300,28931.694
1779641100000,76.6300,76.7800,76.6200,76.7600,10833.283
1779642000000,76.7500,76.7600,76.6500,76.6700,9789.994
1779642900000,76.6700,76.6800,76.5200,76.6300,16512.315
1779643800000,76.6200,76.6800,76.6000,76.6800,7121.838
1779644700000,76.6800,76.6900,76.6300,76.6600,3881.456
1779645600000,76.6500,76.6900,76.6300,76.6900,5877.229
1779646500000,76.6900,76.6900,76.5600,76.6100,6760.058
1779647400000,76.6000,76.6500,76.5400,76.6000,5602.855
1779648300000,76.5900,76.6000,76.5300,76.5500,3394.433
1779649200000,76.5400,76.5500,76.3800,76.3900,15828.290
1779650100000,76.3800,76.4800,76.3800,76.3900,11612.390
1779651000000,76.4000,76.4000,76.2900,76.3700,10913.263
1779651900000,76.3600,76.4500,76.3500,76.3900,8968.685
1779652800000,76.3900,76.4700,76.3200,76.3600,12442.718
1779653700000,76.3600,76.3800,76.3200,76.3400,11214.922
1779654600000,76.3400,76.3600,76.3100,76.3300,4776.626
1779655500000,76.3300,76.3400,76.2500,76.3000,8250.827
1779656400000,76.3000,76.6400,76.2500,76.6400,20030.834
1779657300000,76.6400,76.7900,76.4500,76.4600,89455.217
1779658200000,76.4500,76.5000,76.1600,76.2600,45880.154
1779659100000,76.2500,76.3000,76.0300,76.0900,36243.154
1779660000000,76.1000,77.4400,76.1000,77.3900,606967.097
1779660900000,77.4000,77.5800,77.3000,77.3500,183271.681
1779661800000,77.3600,77.5600,77.3600,77.5000,73999.924
1779662700000,77.5000,77.9000,77.4700,77.8800,102335.755
1779663600000,77.8900,78.4100,77.8800,78.3400,152657.881
1779664500000,78.3400,78.6600,78.3300,78.5400,200837.626
1779665400000,78.5500,78.8800,78.5300,78.7600,160086.606
1779666300000,78.7500,78.7800,78.1500,78.2500,196132.954
1779667200000,78.2400,78.6200,78.2000,78.4300,158671.048
1779668100000,78.4300,78.6000,78.3900,78.4800,65731.469
1779669000000,78.4900,78.7100,78.4700,78.5200,39565.797
1779669900000,78.5200,78.8200,78.0200,78.2400,199055.596
1779670800000,78.2400,78.6100,78.0500,78.2600,452646.886
1779671700000,78.2600,78.3600,78.0100,78.2600,176415.750
1779672600000,78.2500,78.3600,78.0000,78.0300,154827.245
1779673500000,78.0200,78.1400,77.7700,77.8700,198873.036
1779674400000,77.8700,78.1000,77.7600,77.8700,120789.002
1779675300000,77.8700,78.0000,77.7600,77.9500,46878.527
1779676200000,77.9600,78.0200,77.8000,77.9400,148200.845
1779677100000,77.9400,77.9800,77.5200,77.6400,96649.632
1779678000000,77.6400,77.7800,77.3700,77.5900,154059.469
1779678900000,77.5900,77.8700,77.5600,77.7400,111925.434
1779679800000,77.7300,77.8700,77.5700,77.6000,84175.844
1779680700000,77.6000,77.7600,77.5500,77.7000,54345.533
1779681600000,77.6900,77.8300,77.6600,77.7300,32136.389
1779682500000,77.7300,77.9400,77.7100,77.8600,66910.889
1779683400000,77.8600,77.9900,77.8500,77.9500,40829.463
1779684300000,77.9500,78.0500,77.9300,77.9800,39671.797
1779685200000,77.9700,77.9900,77.7900,77.8300,39071.977
1779686100000,77.8400,77.8900,77.6200,77.6500,52082.671
1779687000000,77.6600,77.8600,77.4900,77.7200,82339.049
1779687900000,77.7100,77.8000,77.5700,77.5800,47836.261
1779688800000,77.5700,77.6500,77.4300,77.5500,70780.974
1779689700000,77.5400,77.6400,77.4500,77.4600,58183.226
1779690600000,77.4600,77.6100,77.4100,77.5600,46814.490
1779691500000,77.5700,77.7700,77.5600,77.7500,67164.986
1779692400000,77.7500,77.8800,77.7000,77.7300,56820.349
1779693300000,77.7200,77.7400,77.3900,77.6500,121823.399
1779694200000,77.6500,77.9800,77.6400,77.8700,72889.589
1779695100000,77.8700,78.0000,77.7900,77.9900,87338.235
1779696000000,77.9900,77.9900,77.8200,77.8600,49926.852
1779696900000,77.8600,77.9300,77.7700,77.9300,43110.223
1779697800000,77.9300,78.0600,77.8800,78.0400,78583.728
1779698700000,78.0400,78.1100,77.9100,77.9500,48154.220
1779699600000,77.9600,78.0400,77.9200,77.9700,31276.535
1779700500000,77.9700,77.9900,77.8400,77.8900,46507.279
1779701400000,77.9000,78.0400,77.8800,78.0200,27373.277
1779702300000,78.0200,78.1700,77.9800,78.1200,77065.883
1779703200000,78.1100,78.2600,78.0800,78.1900,55648.645
1779704100000,78.2000,78.2600,78.1800,78.2400,38728.408
1779705000000,78.2400,78.2900,78.1900,78.2100,33109.630
1779705900000,78.2100,78.2700,78.1700,78.1800,50890.688
1779706800000,78.1800,78.2800,78.0800,78.2700,79773.631
1779707700000,78.2700,78.3300,78.0900,78.2300,61817.412
1779708600000,78.2400,78.3100,78.2000,78.2300,120290.196
1779709500000,78.2400,78.2900,78.0700,78.0800,86076.683
1779710400000,78.0700,78.0700,77.8200,77.8300,105232.444
1779711300000,77.8400,77.9300,77.6900,77.9100,182575.859
1779712200000,77.9100,78.0600,77.8300,77.9300,44661.633
1779713100000,77.9300,77.9600,77.8100,77.8700,73262.643
1779714000000,77.8700,77.8700,77.3900,77.5400,204073.423
1779714900000,77.5500,77.5700,77.3900,77.5000,72694.316
1779715800000,77.5000,77.7100,77.4800,77.6700,60291.817
1779716700000,77.6800,77.6900,77.4000,77.6300,61213.364
1779717600000,77.6300,77.9600,77.6000,77.7600,64007.678
1779718500000,77.7600,77.9000,77.7400,77.8400,33164.117
1779719400000,77.8400,77.9100,77.7300,77.7900,50858.174
1779720300000,77.8000,77.9700,77.7800,77.8400,52813.400
1779721200000,77.8300,78.0900,77.8000,77.9600,171449.149
1779722100000,77.9700,78.0300,77.8800,77.9400,69491.226
1779723000000,77.9400,77.9400,77.8000,77.8500,55000.257
1779723900000,77.8500,77.9100,77.8300,77.8400,14296.688
1779724800000,77.8400,77.8600,77.7600,77.8500,29242.520
1779725700000,77.8400,77.8800,77.7900,77.8100,17214.770
1779726600000,77.8100,77.9600,77.8100,77.9400,33049.210
1779727500000,77.9400,78.1100,77.9400,78.0800,67728.764
1779728400000,78.0800,78.5400,78.0700,78.4500,252647.842
1779729300000,78.4500,78.4600,78.2400,78.2600,88810.830
1779730200000,78.2600,78.2700,78.0700,78.1300,101423.686
1779731100000,78.1300,78.1600,78.0300,78.1400,42101.207
1779732000000,78.1400,78.2300,78.0500,78.1000,103473.770
1779732900000,78.1000,78.1700,78.0600,78.1000,44938.233
1779733800000,78.1000,78.1100,78.0500,78.0800,5367.469
1779734700000,78.0700,78.1100,78.0500,78.0900,8288.872
1779735600000,78.0900,78.1000,77.9700,77.9700,62051.131
1779736500000,77.9800,78.0300,77.9700,78.0100,36333.127
1779737400000,78.0200,78.0900,78.0000,78.0600,35662.867
1779738300000,78.0700,78.1100,78.0600,78.0900,5049.926
1779739200000,78.0900,78.1100,78.0700,78.0900,4567.743
1779740100000,78.1000,78.1700,78.0900,78.1500,15065.702
1779741000000,78.1400,78.1500,78.0900,78.1100,6876.890
1779741900000,78.1100,78.1200,78.0700,78.0700,7439.262
1779742800000,78.0700,78.1200,78.0400,78.0400,8364.916
1779743700000,78.0500,78.1000,78.0300,78.0800,12747.789
1779744600000,78.0700,78.0900,78.0500,78.0600,11748.585
1779745500000,78.0600,78.1100,78.0200,78.0400,6911.496
1779746400000,78.0400,78.4400,77.9700,78.3300,189142.674
1779747300000,78.3200,78.3400,78.1500,78.2100,102833.634
1779748200000,78.2000,78.2000,78.0000,78.1700,79001.200
1779749100000,78.1700,78.2500,78.1400,78.2100,27829.709
1779750000000,78.2100,78.3500,78.1900,78.3500,47781.954
1779750900000,78.3600,78.4100,77.9700,78.0200,60935.895
1779751800000,78.0200,78.0800,77.2300,77.5300,407479.705
1779752700000,77.5300,77.7900,77.5300,77.7300,89047.220
1779753600000,77.7300,77.7500,77.3400,77.5700,219065.618
1779754500000,77.5800,77.6200,77.1700,77.4700,206710.474
1779755400000,77.4800,77.6700,77.4500,77.5300,122669.237
1779756300000,77.5400,77.6400,77.2800,77.6000,202051.866
1779757200000,77.6000,77.6200,76.9400,77.3500,450670.376
1779758100000,77.3500,77.3500,77.0300,77.1200,130089.313
1779759000000,77.1300,77.1400,75.7900,76.0300,585670.765
1779759900000,76.0300,76.5200,75.9800,76.4700,271197.499
1779760800000,76.4700,76.7100,76.4000,76.6800,140793.888
1779761700000,76.6900,76.7500,76.6400,76.7100,61263.080
1779762600000,76.7100,76.9300,76.6100,76.7800,165322.362
1779763500000,76.7900,76.8000,76.5700,76.5700,123023.293
1779764400000,76.5700,76.8100,76.5600,76.7000,64303.137
1779765300000,76.7000,77.0900,76.6800,76.9600,70619.950
1779766200000,76.9600,77.0700,76.9000,76.9100,40175.156
1779767100000,76.9100,76.9500,76.8900,76.9300,37127.202
1779768000000,76.9300,76.9500,76.7600,76.8300,49659.258
1779768900000,76.8300,76.8600,76.6300,76.6600,72623.360
1779769800000,76.6600,76.7500,76.5500,76.5700,94538.854
1779770700000,76.5800,76.6200,76.4500,76.4900,59009.252
1779771600000,76.4900,76.7200,76.3800,76.6500,97260.484
1779772500000,76.6600,76.8300,76.6200,76.8000,53255.789
1779773400000,76.8000,76.8900,76.4200,76.5800,212837.874
1779774300000,76.5800,76.5800,76.3400,76.5400,165517.638
1779775200000,76.5300,76.6400,76.4300,76.5900,85343.107
1779776100000,76.5900,76.7400,76.4500,76.5600,136712.231
1779777000000,76.5500,76.6900,76.4800,76.6800,99997.037
1779777900000,76.6900,76.6900,76.5300,76.6000,69900.572
1779778800000,76.6100,76.6900,76.2500,76.3500,179685.716
1779779700000,76.3400,76.4200,75.9600,76.3700,156494.518
1779780600000,76.3600,76.4200,76.0500,76.2800,180024.054
1779781500000,76.2700,76.5400,76.2100,76.4800,98488.251
1779782400000,76.4800,76.5200,76.2900,76.3300,68843.983
1779783300000,76.3300,76.4300,76.1900,76.2300,46938.831
1779784200000,76.2300,76.3100,76.1200,76.2300,113951.181
1779785100000,76.2400,76.2500,76.0400,76.1100,89027.960
1779786000000,76.1200,76.2000,76.0100,76.0200,90687.472
1779786900000,76.0300,76.2700,76.0100,76.1700,144402.849
1779787800000,76.1700,76.1800,75.7300,75.7600,147322.831
1779788700000,75.7500,76.1200,75.7500,76.0400,361462.124
1779789600000,76.0500,76.2500,75.9700,76.2500,97835.291
1779790500000,76.2500,76.5700,76.2400,76.5500,149377.915
1779791400000,76.5400,76.6800,76.3900,76.4400,123556.243
1779792300000,76.4400,76.5000,76.3300,76.4300,79247.823
1779793200000,76.4300,76.4700,76.3300,76.3500,168318.225
1779794100000,76.3500,76.3900,76.2400,76.2600,88858.254
1779795000000,76.2600,76.3400,75.9700,76.1300,199975.467
1779795900000,76.1200,76.2500,76.0400,76.0700,56952.780
1779796800000,76.0700,76.1400,75.8600,76.0700,207828.364
1779797700000,76.0600,76.2100,75.8800,75.9100,75932.344
1779798600000,75.9100,75.9100,75.5800,75.7600,258847.460
1779799500000,75.7700,76.3000,75.7000,76.2900,212174.751
1779800400000,76.2800,76.4300,76.0700,76.2100,180212.972
1779801300000,76.2100,76.5900,76.1800,76.3400,215594.085
1779802200000,76.3500,76.6800,76.2800,76.5300,256303.169
1779803100000,76.5300,76.6300,75.9800,76.0700,284927.765
1779804000000,76.0600,76.3300,75.9000,76.1700,295205.386
1779804900000,76.1700,76.4000,76.1500,76.3900,103609.654
1779805800000,76.3800,76.6100,76.3300,76.4300,225725.615
1779806700000,76.4400,76.5200,76.1900,76.3600,75671.406
1779807600000,76.3600,76.3700,76.1300,76.2300,105511.160
1779808500000,76.2200,76.2700,76.0600,76.1100,93099.358
1779809400000,76.1100,76.2200,76.0300,76.2000,90863.720
1779810300000,76.2100,76.2300,75.9100,76.0600,138052.625
1779811200000,76.0600,76.1500,75.9900,76.0500,112036.680
1779812100000,76.0500,76.2600,76.0100,76.2300,71444.701
1779813000000,76.2400,76.4200,76.2100,76.2100,200764.177
1779813900000,76.2100,76.2500,76.1000,76.2200,41275.487
1779814800000,76.2300,76.3200,76.1700,76.2500,19857.321
1779815700000,76.2600,76.4200,76.2200,76.2400,70974.254
1779816600000,76.2300,76.2400,76.0600,76.1100,79784.153
1779817500000,76.1100,76.1900,76.0000,76.0400,64238.768
1779818400000,76.0400,76.1100,75.9200,76.0600,155156.321
1779819300000,76.0500,76.2200,76.0400,76.1800,49108.694
1779820200000,76.1700,76.3000,76.1600,76.3000,54407.184
1779821100000,76.2900,76.5300,76.2900,76.4900,134992.967
1779822000000,76.5000,76.7600,76.4700,76.7200,85604.035
1779822900000,76.7200,76.9100,76.6800,76.7400,80209.070
1779823800000,76.7500,77.0400,76.7400,77.0300,60310.241
1779824700000,77.0300,77.1300,76.9400,77.1100,87858.637
1779825600000,77.1000,77.1400,76.9300,77.0000,39903.201
1779826500000,77.0000,77.0700,77.0000,77.0000,17187.630
1779827400000,77.0000,77.1000,76.9400,77.0300,34304.401
1779828300000,77.0300,77.0500,76.9000,76.9900,45114.529
1779829200000,76.9900,77.0400,76.9400,77.0200,24757.315
1779830100000,77.0100,77.0200,76.9300,76.9400,10457.352
1779831000000,76.9400,76.9700,76.9300,76.9500,15702.192
1779831900000,76.9500,77.0400,76.9400,77.0200,9165.886
1779832800000,77.0200,77.2000,76.9900,77.0500,88173.861
1779833700000,77.0500,77.1800,77.0400,77.1000,50406.147
1779834600000,77.1000,77.1700,76.9800,77.0900,76171.786
1779835500000,77.1000,77.3200,77.0500,77.3000,62564.207
1779836400000,77.3100,77.3400,77.1600,77.1700,48355.948
1779837300000,77.1700,77.3300,77.1300,77.3100,75185.557
1779838200000,77.3000,77.4700,77.2600,77.4500,104367.906
1779839100000,77.4600,77.5700,77.3600,77.4100,117288.749
1779840000000,77.4000,77.5800,77.3500,77.5000,92943.678
1779840900000,77.4900,77.5500,77.3800,77.4900,81237.019
1779841800000,77.5000,77.6000,77.3900,77.4400,72401.592
1779842700000,77.4400,77.5800,77.2100,77.2600,139471.471
1779843600000,77.2500,77.4400,77.0700,77.2800,200131.476
1779844500000,77.2900,77.5200,77.1800,77.3300,78979.464
1779845400000,77.3300,77.3300,77.0300,77.0400,57183.866
1779846300000,77.0400,77.0700,76.7900,76.8400,97634.765
1779847200000,76.8400,76.9000,76.7400,76.8400,95532.513
1779848100000,76.8400,76.9900,76.8000,76.9600,35482.549
1779849000000,76.9500,76.9700,76.5800,76.6900,74470.135
1779849900000,76.6900,76.9400,76.6600,76.8800,54876.337
1779850800000,76.8800,77.0500,76.8200,76.9300,45284.205
1779851700000,76.9300,77.0300,76.7700,76.8200,42712.887
1779852600000,76.8200,76.8200,76.6400,76.7200,44334.370
1779853500000,76.7300,76.8000,76.6300,76.6300,28479.437
1779854400000,76.6300,76.8200,76.6000,76.7800,19380.539
1779855300000,76.7800,76.8100,76.6300,76.6300,24127.552
1779856200000,76.6300,76.8200,76.6000,76.8200,52040.178
1779857100000,76.8200,77.0800,76.8200,76.8800,54319.076
1779858000000,76.8800,76.9900,76.7900,76.8100,37804.329
1779858900000,76.8100,76.8900,76.7100,76.8800,32432.540
1779859800000,76.8700,76.9400,75.7000,75.7900,445781.708
1779860700000,75.7900,76.0300,75.6600,75.7600,310469.899
1779861600000,75.7700,75.9000,75.6800,75.7600,108372.349
1779862500000,75.7600,75.8400,74.9400,75.1400,441496.862
1779863400000,75.1500,75.2500,74.8100,75.2500,348206.352
1779864300000,75.2400,75.4100,75.2100,75.2400,97740.014
1779865200000,75.2400,75.4100,75.1000,75.1700,120006.965
1779866100000,75.1700,75.3000,75.0000,75.2100,97009.531
1779867000000,75.2100,75.3100,75.0300,75.1100,119461.152
1779867900000,75.1100,75.1900,74.7100,75.0700,179452.367
1779868800000,75.0700,75.3700,75.0300,75.2000,139914.840
1779869700000,75.2000,75.4000,75.2000,75.3200,65589.023
1779870600000,75.3300,75.5600,75.2300,75.5400,105122.408
1779871500000,75.5400,75.5500,75.4200,75.5400,82814.635
1779872400000,75.5300,75.5500,75.3100,75.4600,84626.978
1779873300000,75.4500,75.6000,75.4100,75.4300,94372.499
1779874200000,75.4300,75.5300,75.3500,75.4200,60488.384
1779875100000,75.4300,75.6000,75.4000,75.4900,37002.337
1779876000000,75.4900,75.5700,75.3800,75.5200,44850.498
1779876900000,75.5200,75.5600,75.3200,75.3700,88056.667
1779877800000,75.3600,75.4000,74.9200,75.0900,314285.649
1779878700000,75.0900,75.1100,74.1700,74.3700,710922.484
1779879600000,74.3800,74.6600,74.2100,74.4900,283973.754
1779880500000,74.5000,74.5700,74.1800,74.2100,300815.849
1779881400000,74.2100,74.3300,73.4800,74.3100,697164.702
1779882300000,74.3000,74.3200,73.7400,73.9000,240265.675
1779883200000,73.9000,74.2800,73.8300,74.2500,214416.599
1779884100000,74.2500,75.2500,74.1900,74.9100,875268.772
1779885000000,74.9000,75.0400,74.4700,74.6200,389422.716
1779885900000,74.6300,74.8000,74.4200,74.4300,181529.855
1779886800000,74.4300,74.7700,74.1200,74.2700,364229.349
1779887700000,74.2600,74.4100,73.9600,74.0100,259341.279
1779888600000,74.0000,74.6900,73.9900,74.3300,387485.204
1779889500000,74.3200,74.7900,74.3100,74.6200,250877.099
1779890400000,74.6300,75.0200,74.5500,74.7500,245562.064
1779891300000,74.7500,75.1300,74.6500,74.8400,214993.320
1779892200000,74.8400,74.9400,74.5100,74.6900,202170.611
1779893100000,74.7000,74.8500,74.3300,74.3700,115264.527
1779894000000,74.3700,74.5100,74.2300,74.4600,134521.095
1779894900000,74.4500,74.5900,74.3700,74.5800,67735.854
1779895800000,74.5900,74.7400,74.4500,74.4900,95540.903
1779896700000,74.4900,74.6400,74.4000,74.5700,81399.620
1779897600000,74.5700,74.7500,74.4900,74.6600,78105.912
1779898500000,74.6600,74.8400,74.6300,74.7700,79682.135
1779899400000,74.7800,74.9000,74.7300,74.7900,79351.302
1779900300000,74.8000,74.8800,74.6700,74.7600,49391.652
1779901200000,74.7600,74.7800,74.5300,74.6000,77750.846
1779902100000,74.5900,74.7700,74.5600,74.6400,56785.494
1779903000000,74.6400,74.7700,74.6100,74.6400,29109.773
1779903900000,74.6400,74.6900,74.5500,74.5500,21216.627
1779904800000,74.5400,74.6100,74.4700,74.6000,25377.078
1779905700000,74.6000,75.0400,74.5900,74.8400,115428.279
1779906600000,74.8400,74.9100,74.7300,74.8200,19173.759
1779907500000,74.8100,74.8700,74.7100,74.8500,13816.629
1779908400000,74.8500,74.8800,74.7400,74.8000,16194.317
1779909300000,74.7900,74.8400,74.6800,74.6900,32665.531
1779910200000,74.6900,74.8100,74.6400,74.7500,53013.148
1779911100000,74.7400,74.7600,74.6200,74.7000,73310.045
1779912000000,74.7000,74.7500,74.6400,74.7100,19856.485
1779912900000,74.7100,74.8200,74.7100,74.7400,32698.652
1779913800000,74.7300,74.7700,74.6600,74.6900,16109.855
1779914700000,74.6900,74.7600,74.6700,74.6900,17239.943
1779915600000,74.6900,74.8800,74.6800,74.8400,13403.324
1779916500000,74.8400,74.8500,74.7900,74.7900,4222.346
1779917400000,74.8000,74.8000,74.6600,74.6800,27186.267
1779918300000,74.6800,74.7600,74.6500,74.7600,16364.068
1779919200000,74.7700,74.9200,74.6500,74.8000,96986.553
1779920100000,74.7900,74.8800,74.7700,74.7700,20879.315
1779921000000,74.7600,74.8700,74.6600,74.7300,37554.204
1779921900000,74.7400,74.7400,74.6600,74.7200,22410.669
1779922800000,74.7200,74.7500,74.6200,74.6900,24945.663
1779923700000,74.7000,74.7500,74.5900,74.6400,31167.638
1779924600000,74.6300,74.7000,74.6000,74.6400,29620.666
1779925500000,74.6300,74.6300,74.3800,74.5300,74452.842
1779926400000,74.5300,74.7100,74.4700,74.5000,77895.532
1779927300000,74.4900,74.8400,74.4800,74.6400,73084.088
1779928200000,74.6400,74.7700,74.5300,74.7300,50209.451
1779929100000,74.7300,75.0000,74.7300,74.9700,67379.160
1779930000000,74.9700,75.0100,74.0300,74.0600,278276.792
1779930900000,74.0600,74.0900,73.2800,73.4400,458920.295
1779931800000,73.4300,73.6600,73.3400,73.4500,257234.853
1779932700000,73.4500,73.5600,73.0500,73.1900,335282.310
1779933600000,73.1900,73.3300,73.0400,73.2500,178192.307
1779934500000,73.2500,73.3500,73.1400,73.3000,125260.130
1779935400000,73.3100,73.5800,73.2600,73.3300,120473.916
1779936300000,73.3300,73.3400,73.0800,73.1400,150256.089
1779937200000,73.1400,73.3400,72.9900,73.0600,180955.100
1779938100000,73.0600,73.0800,72.5000,72.8900,467283.334
1779939000000,72.8900,72.8900,72.2800,72.5400,336194.653
1779939900000,72.5300,72.6000,72.2500,72.3400,208319.918
1779940800000,72.3500,72.5700,72.2200,72.3800,244993.454
1779941700000,72.3900,72.4100,71.9800,72.0400,297562.666
1779942600000,72.0400,72.1800,72.0000,72.0900,196709.447
1779943500000,72.0900,72.1100,71.8900,72.0800,158187.461
1779944400000,72.0700,72.1200,71.8500,72.0600,126426.382
1779945300000,72.0600,72.1500,71.9700,72.0800,126222.200
1779946200000,72.0900,73.1300,71.9600,72.9900,567564.266
1779947100000,73.0000,73.3400,72.9900,73.1400,348329.568
1779948000000,73.1500,73.2100,72.7300,72.8000,222432.243
1779948900000,72.7900,73.1200,72.7400,72.9200,132388.727
1779949800000,72.9200,73.2200,72.9100,73.0800,157454.148
1779950700000,73.0800,73.2900,73.0600,73.2100,141934.299
1779951600000,73.2100,73.5300,73.2100,73.4000,129407.904
1779952500000,73.4100,73.5600,73.3400,73.4500,146706.816
1779953400000,73.4500,73.5900,73.3700,73.5700,145196.664
1779954300000,73.5800,73.6100,73.4000,73.5400,102164.593
1779955200000,73.5500,73.7000,73.4700,73.6800,146417.625
1779956100000,73.6700,73.6900,73.4100,73.4400,115855.349
1779957000000,73.4300,73.5400,73.3200,73.3800,110880.496
1779957900000,73.3700,73.4200,73.2500,73.2900,66462.173
1779958800000,73.3000,73.5000,73.2800,73.3900,45881.174
1779959700000,73.3900,73.6900,73.3700,73.5700,88253.427
1779960600000,73.5700,73.5800,73.3200,73.3900,55121.070
1779961500000,73.3900,73.6100,73.3600,73.5800,80061.304
1779962400000,73.5900,73.6400,73.4800,73.5400,50015.083
1779963300000,73.5400,73.5900,73.3000,73.5600,62554.972
1779964200000,73.5600,73.5900,73.1800,73.2200,74935.872
1779965100000,73.2200,73.2700,72.8300,73.0800,248249.307
1779966000000,73.0700,73.2800,73.0000,73.1600,149357.889
1779966900000,73.1500,73.2700,73.0600,73.1200,56059.322
1779967800000,73.1200,73.1600,73.0200,73.0800,50342.373
1779968700000,73.0900,73.1200,72.8000,73.0800,79451.022
1779969600000,73.0900,73.2100,72.9900,73.1400,91053.710
1779970500000,73.1400,73.1600,72.8400,72.9600,97682.494
1779971400000,72.9600,73.5600,72.9500,73.5400,308463.236
1779972300000,73.5400,74.2200,73.4900,74.1900,298068.773
1779973200000,74.1900,74.2600,73.6600,73.6600,271702.294
1779974100000,73.6500,73.9600,73.6300,73.6500,108924.188
1779975000000,73.6500,73.7000,73.2600,73.4300,269111.815
1779975900000,73.4200,73.6400,73.3000,73.4500,154544.872
1779976800000,73.4500,74.6100,73.2100,74.5300,808767.415
1779977700000,74.5300,74.8700,74.2400,74.6500,687871.643
1779978600000,74.6500,74.8000,74.2300,74.6100,303272.382
1779979500000,74.6100,74.9200,74.4900,74.6700,346486.209
1779980400000,74.6800,74.9100,74.6200,74.7000,186552.085
1779981300000,74.7000,74.8600,74.5400,74.7500,170206.248
1779982200000,74.7500,75.0500,74.7500,74.9700,173586.529
1779983100000,74.9700,75.1200,74.9300,75.1200,121266.305
1779984000000,75.1200,75.1500,74.8600,75.0800,137798.290
1779984900000,75.0900,75.8000,75.0600,75.6700,343045.774
1779985800000,75.6800,75.7500,75.4700,75.7300,158288.677
1779986700000,75.7300,75.8600,75.6900,75.8100,135895.479
1779987600000,75.8200,75.9100,75.6700,75.7500,115136.219
1779988500000,75.7500,75.7700,75.5800,75.6000,70316.007
1779989400000,75.6100,75.8200,75.6100,75.7800,65320.580
1779990300000,75.7900,76.0400,75.7900,75.9600,89288.596
1779991200000,75.9600,76.0600,75.8200,75.9100,70096.620
1779992100000,75.9100,76.0700,75.8400,75.8600,79347.750
1779993000000,75.8600,75.8600,75.6700,75.7300,48840.691
1779993900000,75.7300,75.7400,75.6400,75.6900,30440.478
1779994800000,75.7000,75.7300,75.5800,75.5800,21563.907
1779995700000,75.5900,75.6900,75.5900,75.6300,24021.629
1779996600000,75.6200,75.7400,75.6200,75.6800,24269.979
1779997500000,75.6800,75.6900,75.5900,75.6200,37598.406
1779998400000,75.6100,75.6800,75.6000,75.6100,26375.240
1779999300000,75.6100,75.7400,75.6100,75.7300,23931.158
1780000200000,75.7200,75.7800,75.6600,75.6900,13747.114
1780001100000,75.6900,75.7300,75.6500,75.7000,17568.135
1780002000000,75.6900,75.7100,75.6600,75.6900,16491.241
1780002900000,75.7000,75.7000,75.6700,75.6700,7079.163
1780003800000,75.6800,75.7300,75.6700,75.7200,12751.409
1780004700000,75.7300,75.7300,75.6900,75.7000,3147.485
1780005600000,75.7000,75.8600,75.6300,75.7000,88992.336
1780006500000,75.7000,75.7500,75.6300,75.7200,18118.113
1780007400000,75.7200,75.7700,75.6700,75.7500,20589.610
1780008300000,75.7400,75.7800,75.6200,75.6300,16599.105
1780009200000,75.6300,75.8000,75.6300,75.7600,34897.559
1780010100000,75.7600,75.8700,75.7500,75.7900,38120.619
1780011000000,75.7900,75.8500,75.6700,75.6700,27272.156
1780011900000,75.6700,75.7800,75.5800,75.7300,27520.205
1780012800000,75.7200,76.1100,75.6700,76.0300,144428.531
1780013700000,76.0200,76.2200,75.9700,76.0400,89036.269
1780014600000,76.0300,76.0300,75.7100,75.9100,53037.683
1780015500000,75.9100,75.9200,75.6300,75.7000,56222.755
1780016400000,75.7000,76.3400,75.6600,76.3200,182844.174
1780017300000,76.3200,76.5000,76.1600,76.1600,150806.210
1780018200000,76.1600,76.2700,75.9700,76.1400,93338.816
1780019100000,76.1400,76.1700,75.9400,76.0300,64170.850
1780020000000,76.0400,76.2300,75.8400,75.9900,80560.357
1780020900000,75.9900,76.0400,75.8200,75.9000,43624.732
1780021800000,75.8900,76.0200,75.6700,75.9200,66876.751
1780022700000,75.9100,76.0500,75.7600,75.8100,65453.707
1780023600000,75.8200,75.8500,75.5100,75.5900,144671.743
1780024500000,75.5900,75.6700,75.4200,75.5300,96193.842
1780025400000,75.5200,75.6400,75.4900,75.5900,82466.920
1780026300000,75.5900,75.6900,75.5100,75.5600,59598.055
1780027200000,75.5600,75.6800,75.5600,75.6200,40011.771
1780028100000,75.6100,76.0300,75.6000,75.8700,83268.128
1780029000000,75.8600,75.8900,75.7500,75.8900,33654.949
1780029900000,75.8900,75.9900,75.8100,75.9700,36540.978
1780030800000,75.9700,76.0000,75.8400,75.9100,44198.273
1780031700000,75.9100,75.9200,75.8200,75.8500,11278.805
1780032600000,75.8400,75.9100,75.3900,75.5000,109658.144
1780033500000,75.5000,75.7500,75.4300,75.6800,94746.676
1780034400000,75.6800,75.8100,75.5700,75.6900,89499.719
1780035300000,75.6900,75.7900,75.5300,75.6300,90150.138
1780036200000,75.6300,75.7500,75.4700,75.5300,60146.411
1780037100000,75.5200,75.9100,75.5000,75.9000,58020.128
1780038000000,75.8900,75.9100,75.3800,75.3900,125533.635
1780038900000,75.3900,75.5300,75.2800,75.4600,100153.988
1780039800000,75.4600,75.5800,75.3200,75.5600,121531.728
1780040700000,75.5500,75.6400,75.5000,75.6200,48885.195
1780041600000,75.6200,75.6200,75.1500,75.2700,210603.237
1780042500000,75.2600,75.3500,75.1800,75.3500,82916.543
1780043400000,75.3400,75.3500,75.1500,75.2300,61840.810
1780044300000,75.2200,75.2400,75.0200,75.1400,58548.095
1780045200000,75.1300,75.5900,75.0900,75.5800,99783.382
1780046100000,75.5700,75.7100,75.4800,75.6600,113414.133
1780047000000,75.6700,75.7200,75.5300,75.6600,59846.730
1780047900000,75.6500,75.8100,75.5900,75.6600,121793.992
1780048800000,75.6500,75.6700,75.5600,75.6200,41220.004
1780049700000,75.6200,75.6600,75.4600,75.5600,70791.978
1780050600000,75.5600,75.8300,75.5600,75.7300,92336.108
1780051500000,75.7200,75.8300,75.6700,75.8200,53325.998
1780052400000,75.8100,75.8600,75.5700,75.6300,81442.123
1780053300000,75.6300,75.7500,75.5900,75.6600,48379.868
1780054200000,75.6600,75.6800,75.5100,75.6400,66478.546
1780055100000,75.6400,75.8000,75.4100,75.7900,130016.497
1780056000000,75.8000,75.8000,75.4200,75.4800,103422.286
1780056900000,75.4800,75.5600,75.2100,75.3700,127497.438
1780057800000,75.3800,75.4800,75.1900,75.4400,290798.867
1780058700000,75.4400,75.7500,75.3400,75.7100,93518.834
1780059600000,75.7200,75.7700,75.4900,75.6400,108258.790
1780060500000,75.6300,75.8700,75.5400,75.8700,105596.199
1780061400000,75.8700,75.9100,75.2600,75.6200,196704.493
1780062300000,75.6300,75.6400,75.4100,75.5400,102490.052
1780063200000,75.5400,75.8000,75.3900,75.4000,166907.128
1780064100000,75.4000,75.4100,74.7800,74.8800,284443.049
1780065000000,74.8700,75.0800,74.6700,75.0400,330137.980
1780065900000,75.0300,75.8300,74.9300,75.6800,484942.016
1780066800000,75.6900,76.7100,75.6900,76.6000,556765.678
1780067700000,76.6000,76.6700,75.9700,76.0100,274301.572
1780068600000,76.0100,76.1200,75.5800,75.7300,305404.214
1780069500000,75.7200,75.8400,75.6200,75.8000,153501.913
1780070400000,75.8000,75.8200,75.5000,75.6300,101002.984
1780071300000,75.6300,75.7500,75.6000,75.6200,40297.845
1780072200000,75.6200,76.0200,75.6000,75.9800,169298.623
1780073100000,75.9800,75.9900,75.7600,75.9000,57931.443
1780074000000,75.8900,75.9800,75.7000,75.7400,60040.233
1780074900000,75.7500,75.7700,75.5500,75.6400,97760.888
1780075800000,75.6400,75.6900,75.5500,75.6200,47477.344
1780076700000,75.6100,75.7000,75.3800,75.4600,52341.946
1780077600000,75.4600,75.6900,75.4300,75.6600,44971.107
1780078500000,75.6600,75.7700,75.6300,75.7200,49176.361
1780079400000,75.7200,75.8100,75.7100,75.7200,17546.379
1780080300000,75.7200,75.7300,75.4600,75.5300,67673.737
1780081200000,75.5200,75.8500,75.5100,75.7700,45208.341
1780082100000,75.7700,75.7900,75.6500,75.6700,29369.326
1780083000000,75.6800,75.7200,75.6200,75.6400,32924.423
1780083900000,75.6400,75.6600,75.5400,75.6200,50501.791
1780084800000,75.6200,75.7300,75.5400,75.7200,30563.607
1780085700000,75.7200,75.7200,75.5500,75.5500,18599.914
1780086600000,75.5500,75.5900,75.4100,75.4600,46672.539
1780087500000,75.4700,75.4700,75.2900,75.3000,110556.851
1780088400000,75.3000,75.5700,75.2800,75.5200,41058.376
1780089300000,75.5100,75.5500,75.4800,75.5000,21409.891
1780090200000,75.5000,75.5000,75.4700,75.4900,9282.365
1780091100000,75.5000,75.5000,75.4700,75.4900,4017.188
1780092000000,75.4900,75.5500,75.4700,75.4800,7250.787
1780092900000,75.4800,75.5300,75.4300,75.5200,12161.427
1780093800000,75.5200,75.5400,75.5200,75.5300,2936.272
1780094700000,75.5200,75.5600,75.5000,75.5000,2655.138
1780095600000,75.5000,75.5200,75.4800,75.4800,2991.779
1780096500000,75.4800,75.4900,75.4700,75.4700,3318.810
1780097400000,75.4700,75.4900,75.4400,75.4900,3619.246
1780098300000,75.4900,75.5200,75.4800,75.4900,3825.415
1780099200000,75.4900,75.5100,75.4500,75.4600,7235.584
1780100100000,75.4600,75.4900,75.4600,75.4800,6596.369
1780101000000,75.4800,75.4800,75.4500,75.4600,2108.741
1780101900000,75.4600,75.4800,75.4500,75.4500,2190.667
1780102800000,75.4500,75.4600,75.4300,75.4400,7037.859
1780103700000,75.4300,75.4600,75.4300,75.4500,1638.666
1780104600000,75.4500,75.4700,75.4300,75.4500,5638.788
1780105500000,75.4500,75.4500,75.4200,75.4400,5487.965
1780106400000,75.4500,75.4500,75.4300,75.4400,2118.497
1780107300000,75.4400,75.4500,75.4300,75.4500,1608.393
1780108200000,75.4500,75.4700,75.4400,75.4600,1577.935
1780109100000,75.4700,75.4700,75.4600,75.4600,841.817
1780110000000,75.4600,75.4600,75.4100,75.4100,5020.435
1780110900000,75.4100,75.4200,75.4000,75.4000,4478.063
1780111800000,75.4000,75.4100,75.3800,75.3900,2620.601
1780112700000,75.3900,75.4200,75.3800,75.3800,5039.211
1780113600000,75.3900,75.3900,75.3200,75.3400,11051.872
1780114500000,75.3400,75.3800,75.3200,75.3700,8793.670
1780115400000,75.3600,75.3800,75.3400,75.3800,5063.389
1780116300000,75.3800,75.4200,75.3700,75.4100,5144.399
1780117200000,75.4000,75.4500,75.3700,75.3800,10555.265
1780118100000,75.3800,75.4100,75.3700,75.3800,9529.557
1780119000000,75.3700,75.3800,75.3700,75.3800,255.785
1780119900000,75.3700,75.3900,75.3700,75.3900,1410.677
1780120800000,75.3900,75.4100,75.3800,75.4100,2321.749
1780121700000,75.4100,75.4400,75.4000,75.4300,4655.438
1780122600000,75.4300,75.4400,75.4300,75.4300,1127.695
1780123500000,75.4300,75.4400,75.4300,75.4300,2028.208
1780124400000,75.4300,75.4400,75.4200,75.4300,2518.445
1780125300000,75.4200,75.4400,75.4200,75.4400,3403.411
1780126200000,75.4400,75.4500,75.4300,75.4300,4169.835
1780127100000,75.4400,75.4400,75.4300,75.4400,1249.784
1780128000000,75.4300,75.4500,75.4100,75.4300,8394.319
1780128900000,75.4300,75.4400,75.4200,75.4200,1108.721
1780129800000,75.4300,75.4300,75.4100,75.4100,1327.631
1780130700000,75.4200,75.4200,75.4100,75.4100,1138.050
1780131600000,75.4200,75.4400,75.4100,75.4400,2321.096
1780132500000,75.4400,75.4400,75.4300,75.4300,790.747
1780133400000,75.4400,75.4400,75.4300,75.4400,1063.847
1780134300000,75.4400,75.4400,75.4200,75.4200,4009.024
1780135200000,75.4300,75.4400,75.4200,75.4300,1900.169
1780136100000,75.4400,75.4900,75.4300,75.4700,9307.539
1780137000000,75.4800,75.4800,75.4700,75.4800,2280.457
1780137900000,75.4800,75.4800,75.4700,75.4800,1735.877
1780138800000,75.4800,75.4800,75.4500,75.4600,2100.544
1780139700000,75.4600,75.4600,75.4300,75.4300,762.903
1780140600000,75.4400,75.4400,75.4300,75.4300,787.995
1780141500000,75.4400,75.4400,75.4200,75.4300,1811.811
1780142400000,75.4300,75.4300,75.4200,75.4300,1599.550
1780143300000,75.4300,75.4400,75.4200,75.4400,1099.722
1780144200000,75.4400,75.4400,75.4000,75.4200,8893.372
1780145100000,75.4200,75.4300,75.4100,75.4300,1717.138
1780146000000,75.4300,75.4300,75.4000,75.4100,1514.361
1780146900000,75.4100,75.4100,75.3900,75.4000,2784.474
1780147800000,75.4000,75.4100,75.3800,75.4100,2135.355
1780148700000,75.4100,75.4100,75.3900,75.3900,2753.382
1780149600000,75.4000,75.4100,75.3900,75.4100,1004.821
1780150500000,75.4100,75.4100,75.3900,75.4100,2075.085
1780151400000,75.4000,75.4100,75.3500,75.3600,7121.572
1780152300000,75.3700,75.3700,75.3400,75.3500,7511.402
1780153200000,75.3500,75.3900,75.3500,75.3900,3753.464
1780154100000,75.3900,75.4000,75.3600,75.3600,3898.562
1780155000000,75.3700,75.3800,75.3600,75.3600,1933.897
1780155900000,75.3600,75.3900,75.3600,75.3900,1195.775
1780156800000,75.3900,75.4200,75.3600,75.4200,4195.131
1780157700000,75.4200,75.4500,75.4000,75.4200,3629.871
1780158600000,75.4200,75.4300,75.4200,75.4200,837.780
1780159500000,75.4200,75.4400,75.4000,75.4300,1853.155
1780160400000,75.4300,75.4400,75.4000,75.4400,2891.725
1780161300000,75.4400,75.4800,75.4400,75.4700,1518.445
1780162200000,75.4600,75.4700,75.4500,75.4500,1007.267
1780163100000,75.4600,75.4600,75.4500,75.4600,1029.591
1780164000000,75.4500,75.4800,75.4500,75.4800,2448.502
1780164900000,75.4800,75.4800,75.4600,75.4700,570.033
1780165800000,75.4700,75.4800,75.4600,75.4800,785.754
1780166700000,75.4800,75.4800,75.4600,75.4700,849.462
1780167600000,75.4700,75.4800,75.4600,75.4800,232.495
1780168500000,75.4700,75.4800,75.4700,75.4700,655.722
1780169400000,75.4800,75.4800,75.4700,75.4700,587.255
1780170300000,75.4700,75.4800,75.4600,75.4700,1398.393
1780171200000,75.4600,75.4700,75.4600,75.4700,1253.734
1780172100000,75.4700,75.4800,75.4500,75.4600,3277.683
1780173000000,75.4600,75.4700,75.4500,75.4600,777.293
1780173900000,75.4600,75.4700,75.4600,75.4600,773.328
1780174800000,75.4600,75.4700,75.4500,75.4600,1358.492
1780175700000,75.4600,75.4600,75.4500,75.4600,691.082
1780176600000,75.4500,75.4900,75.4500,75.4900,7427.167
1780177500000,75.4900,75.4900,75.4700,75.4800,1486.338
1780178400000,75.4900,75.4900,75.4000,75.4200,5348.408
1780179300000,75.4100,75.4200,75.4100,75.4100,775.167
1780180200000,75.4100,75.4300,75.4000,75.4100,2164.682
1780181100000,75.4100,75.4200,75.4100,75.4200,209.014
1780182000000,75.4200,75.4200,75.3700,75.3700,3138.357
1780182900000,75.3700,75.4100,75.3600,75.3800,5910.715
1780183800000,75.3800,75.3900,75.3700,75.3700,1443.738
1780184700000,75.3700,75.3800,75.3600,75.3800,3140.989
1780185600000,75.3800,75.4000,75.3800,75.3900,3310.396
1780186500000,75.3800,75.4100,75.3800,75.4100,1576.634
1780187400000,75.4000,75.4100,75.3600,75.3800,729.573
1780188300000,75.3800,75.4000,75.3800,75.3900,848.999
1780189200000,75.4000,75.4000,75.3900,75.4000,863.618
1780190100000,75.3900,75.4200,75.3800,75.3900,8349.460
1780191000000,75.3900,75.4000,75.3900,75.3900,1068.896
1780191900000,75.3900,75.4200,75.3800,75.3900,3582.038
1780192800000,75.3900,75.4100,75.3500,75.3500,2896.089
1780193700000,75.3500,75.3600,75.2400,75.2700,14787.090
1780194600000,75.2700,75.2700,75.2600,75.2700,3511.349
1780195500000,75.2600,75.2700,75.2500,75.2600,1979.941
1780196400000,75.2500,75.2600,75.2400,75.2500,2379.156
1780197300000,75.2500,75.2600,75.2500,75.2500,1079.250
1780198200000,75.2500,75.2600,75.2400,75.2500,3206.049
1780199100000,75.2400,75.2700,75.2400,75.2500,9074.945
1780200000000,75.2600,75.2900,75.2500,75.2800,3749.908
1780200900000,75.2900,75.3000,75.2800,75.3000,1390.772
1780201800000,75.3000,75.3100,75.2900,75.3100,571.524
1780202700000,75.3000,75.3500,75.2400,75.2900,8762.323
1780203600000,75.2800,75.3100,75.2800,75.2900,2956.734
1780204500000,75.2900,75.3400,75.2900,75.3300,4946.214
1780205400000,75.3300,75.3400,75.2900,75.3300,5850.798
1780206300000,75.3300,75.3500,75.3000,75.3300,5161.680
1780207200000,75.3400,75.3500,75.3300,75.3300,1695.065
1780208100000,75.3400,75.3400,75.2900,75.3200,2805.947
1780209000000,75.3300,75.3700,75.3200,75.3700,1921.008
1780209900000,75.3600,75.4100,75.3600,75.3800,2903.971
1780210800000,75.3900,75.4000,75.3800,75.3900,1179.256
1780211700000,75.3900,75.4100,75.3800,75.4000,2174.925
1780212600000,75.4000,75.4100,75.3800,75.3900,2026.677
1780213500000,75.3900,75.4300,75.3800,75.4300,4051.961
1780214400000,75.4400,75.4600,75.4000,75.4000,7767.676
1780215300000,75.4100,75.4300,75.4000,75.4100,3042.332
1780216200000,75.4200,75.4200,75.4000,75.4100,937.706
1780217100000,75.4100,75.4200,75.4000,75.4100,621.046
1780218000000,75.4200,75.4300,75.3900,75.3900,3473.888
1780218900000,75.4000,75.4200,75.3900,75.4100,939.436
1780219800000,75.4200,75.4200,75.3900,75.3900,1487.122
1780220700000,75.4000,75.4000,75.3500,75.3500,1132.625
1780221600000,75.3600,75.3700,75.3300,75.3500,2662.994
1780222500000,75.3500,75.3500,75.3200,75.3400,3604.722
1780223400000,75.3400,75.3700,75.3300,75.3500,3351.248
1780224300000,75.3600,75.3700,75.3300,75.3300,3573.480
1780225200000,75.3300,75.3500,75.3200,75.3400,1325.488
1780226100000,75.3400,75.3700,75.3300,75.3400,2473.973
1780227000000,75.3400,75.3700,75.3300,75.3500,2133.655
1780227900000,75.3600,75.3700,75.3500,75.3700,2075.395
1780228800000,75.3700,75.3700,75.3600,75.3600,1728.773
1780229700000,75.3700,75.3900,75.3600,75.3700,2371.289
1780230600000,75.3800,75.3800,75.3700,75.3700,616.453
1780231500000,75.3800,75.4000,75.3700,75.3800,4104.364
1780232400000,75.3800,75.4200,75.3700,75.3900,8821.028
1780233300000,75.3800,75.4000,75.3800,75.4000,1333.972
1780234200000,75.4000,75.4100,75.3800,75.3900,1418.670
1780235100000,75.3800,75.3800,75.3600,75.3700,931.568
1780236000000,75.3700,75.3700,75.3400,75.3500,14217.476
1780236900000,75.3500,75.3800,75.3300,75.3700,6982.360
1780237800000,75.3700,75.4100,75.3500,75.3800,4404.442
1780238700000,75.3800,75.3900,75.3400,75.3600,2517.300
1780239600000,75.3600,75.3800,75.3500,75.3800,1949.591
1780240500000,75.3800,75.4100,75.3700,75.4000,6956.118
1780241400000,75.4000,75.4000,75.3200,75.3400,5339.539
1780242300000,75.3400,75.3700,75.3300,75.3500,3256.043
1780243200000,75.3500,75.3600,75.3200,75.3500,11664.884
1780244100000,75.3500,75.3600,75.3300,75.3500,3380.365
1780245000000,75.3600,75.3800,75.3500,75.3700,4302.663
1780245900000,75.3800,75.4500,75.3800,75.4000,17604.130
1780246800000,75.4000,75.4200,75.3500,75.4100,7748.961
1780247700000,75.4200,75.4400,75.3700,75.3800,12900.910
1780248600000,75.3800,75.4100,75.3700,75.4100,2902.282
1780249500000,75.4100,75.4100,75.3600,75.3600,2066.672
1780250400000,75.3700,75.3700,75.3400,75.3600,6193.596
1780251300000,75.3600,75.3800,75.3600,75.3700,1555.564
1780252200000,75.3800,75.4100,75.3700,75.4000,8692.202
1780253100000,75.4100,75.4100,75.3800,75.4000,1914.630
1780254000000,75.3900,75.4000,75.3700,75.3800,4622.394
1780254900000,75.3800,75.4200,75.3600,75.3600,4436.354
1780255800000,75.3600,75.3800,75.3500,75.3600,2790.223
1780256700000,75.3500,75.3900,75.3400,75.3400,4796.888
1780257600000,75.3400,75.3700,75.3400,75.3500,4422.059
1780258500000,75.3400,75.3800,75.3400,75.3400,2464.008
1780259400000,75.3400,75.3800,75.3400,75.3600,1982.656
1780260300000,75.3500,75.3800,75.3000,75.3600,14306.067
1780261200000,75.3500,75.3700,75.3300,75.3600,6855.685
1780262100000,75.3500,75.5400,75.3500,75.4000,58562.633
1780263000000,75.4000,75.4400,75.2600,75.3200,82825.852
1780263900000,75.3200,75.4000,75.2900,75.3500,15560.691
1780264800000,75.3500,75.4000,74.0100,74.9800,964674.514
1780265700000,74.9800,74.9900,74.8500,74.9200,74865.377
1780266600000,74.9200,75.0600,74.9100,75.0300,90456.355
1780267500000,75.0400,75.2800,75.0300,75.1400,109104.434
1780268400000,75.1500,75.3800,75.1200,75.3300,49670.073
1780269300000,75.3200,75.5300,75.2600,75.5200,51360.674
1780270200000,75.5300,75.6000,75.4200,75.5900,72291.444
1780271100000,75.5800,75.7700,75.5000,75.6400,61357.700
1780272000000,75.6300,75.8300,75.5400,75.6800,71238.940
1780272900000,75.6800,75.7800,75.5600,75.7000,70962.388
1780273800000,75.6900,75.7700,75.5100,75.5300,98859.692
1780274700000,75.5300,75.7200,75.5300,75.6200,73849.343
1780275600000,75.6300,75.7200,74.8900,75.2400,266598.290
1780276500000,75.2400,75.5700,75.1000,75.5100,159164.987
1780277400000,75.5200,75.8100,75.3300,75.7600,151742.551
1780278300000,75.7700,75.8100,75.5200,75.5900,114941.907
1780279200000,75.5900,76.0600,75.5300,75.9700,156002.937
1780280100000,75.9700,76.0200,75.9100,75.9700,59217.847
1780281000000,75.9700,76.0300,75.6300,75.7800,94987.347
1780281900000,75.7800,75.8400,75.6400,75.6600,47813.241
1780282800000,75.6600,75.8700,75.5500,75.6000,75013.021
1780283700000,75.6000,75.7000,75.4400,75.6600,114762.575
1780284600000,75.6500,75.8200,75.3300,75.3700,69400.765
1780285500000,75.3700,75.4700,75.2400,75.4700,63556.573
1780286400000,75.4700,75.6000,75.4200,75.4700,34099.813
1780287300000,75.4700,75.6100,75.4700,75.5600,27191.316
1780288200000,75.5600,75.6200,75.5000,75.5700,21927.851
1780289100000,75.5600,75.6200,75.3900,75.6100,34504.064
1780290000000,75.6200,75.7600,75.5900,75.7400,55378.922
1780290900000,75.7400,75.9200,75.7000,75.8100,62715.168
1780291800000,75.8200,75.9000,75.5700,75.8300,91995.509
1780292700000,75.8300,76.0700,75.7800,75.8900,160210.330
1780293600000,75.9000,75.9400,75.7400,75.7900,92019.951
1780294500000,75.7900,75.8100,75.5900,75.7500,73080.902
1780295400000,75.7600,75.8200,75.5800,75.6300,59665.756
1780296300000,75.6200,75.6600,75.3500,75.4700,90763.738
1780297200000,75.4600,75.9100,75.4500,75.8800,75913.974
1780298100000,75.8800,75.9200,75.6600,75.8000,60748.253
1780299000000,75.7900,75.8900,75.4800,75.4800,65752.562
1780299900000,75.4900,75.8400,75.3600,75.8300,105212.763
1780300800000,75.8400,75.9200,75.4600,75.5900,222740.931
1780301700000,75.5900,75.6500,75.4300,75.5400,129964.052
1780302600000,75.5500,75.8000,75.4300,75.8000,61776.514
1780303500000,75.7900,75.8500,75.6200,75.7900,251177.988
1780304400000,75.7900,75.9800,75.7800,75.8800,288864.248
1780305300000,75.8900,76.3700,75.8700,75.9400,299562.180
1780306200000,75.9300,75.9600,75.7800,75.8600,124741.357
1780307100000,75.8600,75.8800,75.7000,75.7300,64704.755
1780308000000,75.7300,76.0100,75.7300,75.9700,43610.938
1780308900000,75.9700,76.0100,75.8400,75.9100,54514.992
1780309800000,75.9200,76.0400,75.8400,75.9300,48489.371
1780310700000,75.9400,75.9800,75.7200,75.7700,56230.752
1780311600000,75.7800,75.8700,75.6100,75.7900,117025.517
1780312500000,75.7900,75.9500,75.7600,75.9300,52121.858
1780313400000,75.9300,75.9900,75.7800,75.8100,45274.994
1780314300000,75.8100,75.8800,75.7200,75.7800,57249.529
1780315200000,75.7800,75.8600,75.5100,75.5300,95712.384
1780316100000,75.5400,75.7500,75.4200,75.6300,241996.752
1780317000000,75.6200,75.7900,75.3900,75.7800,137781.383
1780317900000,75.7800,75.9500,75.7700,75.8100,121125.152
1780318800000,75.8200,75.9200,74.9500,75.2400,580403.919
1780319700000,75.2400,75.4000,74.5500,74.6700,726317.252
1780320600000,74.6700,74.9100,74.4700,74.6100,516539.115
1780321500000,74.6100,74.7100,73.9400,74.0100,516988.598
1780322400000,74.0000,74.5100,73.8800,74.4600,415467.722
1780323300000,74.4500,74.5500,74.1400,74.3900,278026.672
1780324200000,74.3900,74.5800,74.3500,74.5500,117702.170
1780325100000,74.5500,74.5900,74.1900,74.3800,88433.457
1780326000000,74.3800,74.6800,74.3100,74.6500,157015.426
1780326900000,74.6600,74.7800,74.5400,74.7200,160618.313
1780327800000,74.7100,75.3300,74.7000,75.0200,451531.676
1780328700000,75.0300,75.0800,74.9000,74.9700,95570.603
1780329600000,74.9800,75.1600,74.7100,74.8200,131068.029
1780330500000,74.8100,74.8300,74.6400,74.8100,73377.716
1780331400000,74.8100,74.8900,74.7100,74.7100,83191.014
1780332300000,74.7000,75.1200,74.6900,75.0500,82251.664
1780333200000,75.0500,75.1000,74.9500,75.0400,95759.665
1780334100000,75.0500,75.2500,74.9400,75.2300,97944.111
1780335000000,75.2300,75.4100,75.0700,75.3400,263144.576
1780335900000,75.3500,75.5100,75.3300,75.4100,153877.688
1780336800000,75.4100,75.4300,75.2600,75.2800,38590.125
1780337700000,75.2700,75.3600,75.2200,75.2500,17318.935
1780338600000,75.2400,75.3000,75.1500,75.3000,27752.322
1780339500000,75.3000,75.3400,75.2700,75.2800,15603.009
1780340400000,75.2800,75.2900,75.1100,75.1200,45751.873
1780341300000,75.1200,75.1400,75.0600,75.0700,20894.703
1780342200000,75.0700,75.1100,74.9800,75.0000,29024.135
1780343100000,75.0100,75.0300,74.8500,74.9000,71777.506
1780344000000,74.9100,75.0300,74.8800,74.9400,21150.823
1780344900000,74.9400,74.9400,74.8800,74.9100,7411.735
1780345800000,74.9000,74.9700,74.8700,74.9200,15445.848
1780346700000,74.9100,74.9600,74.8500,74.9300,23173.289
1780347600000,74.9300,75.0300,74.9100,75.0300,9920.908
1780348500000,75.0300,75.0500,74.9800,74.9900,6504.121
1780349400000,74.9900,75.1000,74.9700,75.0900,9233.087
1780350300000,75.0900,75.1100,75.0700,75.0800,6114.203
1780351200000,75.0800,75.1000,74.7800,74.8900,66640.551
1780352100000,74.8800,74.9400,74.8400,74.8600,55299.733
1780353000000,74.8600,74.9800,74.8500,74.9300,33160.366
1780353900000,74.9200,75.0500,74.9200,75.0400,32032.282
1780354800000,75.0400,75.0900,74.9400,75.0800,48180.124
1780355700000,75.0700,75.1900,75.0600,75.1600,31792.647
1780356600000,75.1500,75.2200,75.0400,75.1000,56389.238
1780357500000,75.0900,75.1600,75.0000,75.1000,59094.571
1780358400000,75.1100,75.1400,74.8500,74.9700,133147.776
1780359300000,74.9600,75.2500,74.9600,75.2500,118369.449
1780360200000,75.2500,75.3700,75.0000,75.0500,158995.227
1780361100000,75.0400,75.0500,74.8900,74.9800,81160.002
1780362000000,74.9700,75.9100,74.7700,75.8500,274830.142
1780362900000,75.8400,75.9800,75.5600,75.7700,385267.245
1780363800000,75.7800,75.8800,75.3900,75.4100,200209.399
1780364700000,75.4000,75.4500,74.5700,74.9100,254258.716
1780365600000,74.9000,75.1700,74.8900,75.1500,94386.604
1780366500000,75.1400,75.3400,75.1400,75.2500,73279.391
1780367400000,75.2600,75.3900,75.0600,75.1200,80515.840
1780368300000,75.1200,75.3700,74.9400,75.3500,77154.324
1780369200000,75.3600,75.5900,75.2400,75.2900,101731.939
1780370100000,75.2900,75.4400,75.2200,75.4000,44241.395
1780371000000,75.4000,75.4300,75.2600,75.2900,60027.706
1780371900000,75.2900,75.3500,75.2400,75.3500,22136.059
1780372800000,75.3500,75.5400,75.3100,75.4800,42261.676
1780373700000,75.4900,75.7000,75.4700,75.6100,51506.450
1780374600000,75.6100,75.8000,75.5800,75.7500,53518.017
1780375500000,75.7600,75.9400,75.7400,75.8100,77132.922
1780376400000,75.8100,75.9500,75.7700,75.9400,85607.961
1780377300000,75.9500,76.1200,75.8200,76.0700,117345.931
1780378200000,76.0800,76.9400,76.0500,76.7300,365396.953
1780379100000,76.7300,76.7900,76.3800,76.4700,118071.625
1780380000000,76.4700,76.7700,76.4500,76.4500,279463.203
1780380900000,76.4500,76.7900,76.4400,76.7200,92343.901
1780381800000,76.7200,76.8500,76.5800,76.6300,74544.781
1780382700000,76.6300,76.8300,76.5800,76.8000,68769.812
1780383600000,76.7900,76.9000,76.7100,76.7800,82760.579
1780384500000,76.7700,76.8900,76.6600,76.6900,70557.672
1780385400000,76.7000,76.8400,76.6200,76.7600,64064.001
1780386300000,76.7600,76.9800,76.7100,76.9600,96926.892
1780387200000,76.9600,77.0800,76.8500,76.9000,207930.197
1780388100000,76.9000,76.9400,76.7200,76.8200,98781.783
1780389000000,76.8200,76.8900,76.6500,76.6600,64132.876
1780389900000,76.6600,76.7100,76.4700,76.5300,95981.535
1780390800000,76.5300,76.6100,76.3700,76.5900,127556.612
1780391700000,76.5900,76.6500,76.3700,76.4300,97643.756
1780392600000,76.4400,76.4700,76.2300,76.4300,172037.334
1780393500000,76.4400,76.5200,76.3400,76.3500,69622.624
1780394400000,76.3600,76.4400,76.2900,76.3700,58670.072
1780395300000,76.3700,76.3800,76.2300,76.2800,98341.847
1780396200000,76.2800,76.3700,76.2800,76.3600,38759.515
1780397100000,76.3600,76.4800,76.3300,76.4600,67100.337
1780398000000,76.4500,76.4800,76.3100,76.3400,79714.434
1780398900000,76.3400,76.4900,76.2900,76.4900,66031.129
1780399800000,76.4800,76.5200,76.3700,76.3800,51972.731
1780400700000,76.3800,76.5100,76.3300,76.3600,36465.009
1780401600000,76.3700,76.4500,76.2800,76.3000,46450.653
1780402500000,76.3000,76.7300,76.2400,76.7200,90242.309
1780403400000,76.7100,76.7700,76.4300,76.5300,133021.759
1780404300000,76.5400,76.5400,76.0700,76.1700,114163.721
1780405200000,76.1800,76.6000,76.1000,76.2200,182138.730
1780406100000,76.2200,76.2700,75.9100,75.9900,146964.432
1780407000000,76.0000,76.3700,75.8600,76.2100,185332.236
1780407900000,76.2100,76.3200,75.9100,75.9600,150336.200
1780408800000,75.9500,76.0500,75.7300,75.8900,197018.904
1780409700000,75.8900,75.9000,75.3000,75.5100,422408.756
1780410600000,75.5200,75.9300,75.5200,75.8900,177068.849
1780411500000,75.8900,75.9600,75.6900,75.7700,114397.326
1780412400000,75.7700,76.0300,75.7500,75.9200,212413.853
1780413300000,75.9200,76.0700,75.8800,75.9800,48713.348
1780414200000,75.9800,76.0900,75.8900,75.9500,103261.117
1780415100000,75.9500,76.0400,75.7800,75.8300,53785.276
1780416000000,75.8300,75.8600,75.6700,75.7600,108214.177
1780416900000,75.7600,75.7700,75.4700,75.5100,95416.014
1780417800000,75.5100,75.5800,75.3600,75.4500,95563.658
1780418700000,75.4500,75.6300,75.4300,75.5100,59035.715
1780419600000,75.5100,75.5900,75.3400,75.4900,64159.604
1780420500000,75.4800,75.4900,75.3000,75.4100,79433.753
1780421400000,75.4100,75.5100,75.0800,75.1700,105439.059
1780422300000,75.1600,75.2400,75.1100,75.1600,50113.530
1780423200000,75.1700,75.3300,75.1300,75.1500,40559.299
1780424100000,75.1600,75.3400,75.1100,75.2400,23249.622
1780425000000,75.2400,75.2800,74.8100,74.8900,112990.126
1780425900000,74.8900,75.2200,74.8400,75.2000,35396.556
1780426800000,75.2000,75.2800,75.1700,75.1700,22344.371
1780427700000,75.1700,75.2200,75.0700,75.2200,55335.681
1780428600000,75.2100,75.2400,75.0400,75.1800,45749.444
1780429500000,75.1700,75.2400,75.1200,75.2300,27155.059
1780430400000,75.2300,75.3000,75.1600,75.2800,19627.155
1780431300000,75.2800,75.3100,75.2300,75.2400,26293.318
1780432200000,75.2400,75.2500,75.2000,75.2100,10160.373
1780433100000,75.2200,75.2200,75.1500,75.2100,25443.845
1780434000000,75.2200,75.2800,75.2100,75.2400,33465.693
1780434900000,75.2500,75.3000,75.2400,75.2800,7766.310
1780435800000,75.2900,75.3000,75.2800,75.2900,9625.350
1780436700000,75.2800,75.2900,75.2500,75.2600,3042.024
1780437600000,75.2600,75.3500,75.2100,75.2200,49766.093
1780438500000,75.2200,75.3000,75.1800,75.2200,43465.779
1780439400000,75.2200,75.2400,75.0900,75.1400,27622.708
1780440300000,75.1400,75.2000,75.0000,75.0100,123449.625
1780441200000,75.0100,75.0500,74.6600,74.7200,135591.120
1780442100000,74.7300,74.7300,74.3600,74.5100,244332.180
1780443000000,74.5200,74.8900,74.3800,74.8800,203954.709
1780443900000,74.8800,74.9200,74.7000,74.9000,91667.404
1780444800000,74.9000,75.0300,74.8100,74.8300,73984.542
1780445700000,74.8300,75.0600,74.7900,75.0500,38658.909
1780446600000,75.0400,75.4100,74.9900,75.3800,89961.829
1780447500000,75.3800,75.3900,75.1700,75.2100,59989.506
1780448400000,75.2100,75.2800,74.3700,74.5600,450021.848
1780449300000,74.5700,74.6300,73.8400,74.3700,323007.110
1780450200000,74.3700,74.7100,74.3600,74.6700,218290.461
1780451100000,74.6600,74.8800,74.6300,74.8100,110371.031
1780452000000,74.8100,74.9100,74.7200,74.8600,85020.764
1780452900000,74.8500,74.8600,74.6400,74.7400,75335.503
1780453800000,74.7400,75.0500,74.6000,74.8600,157680.687
1780454700000,74.8600,74.9900,74.7200,74.9800,77697.120
1780455600000,74.9900,75.2700,74.9700,75.1000,95776.491
1780456500000,75.1000,75.2000,75.0400,75.1500,36441.953
1780457400000,75.1500,75.1500,75.0600,75.0900,45589.681
1780458300000,75.1000,75.2200,75.0500,75.2100,59205.698
1780459200000,75.2200,75.2900,75.1600,75.2100,55633.189
1780460100000,75.2200,75.2300,74.9400,74.9500,41795.683
1780461000000,74.9500,74.9600,74.7700,74.9100,41132.519
1780461900000,74.9100,74.9100,74.7700,74.7700,20197.443
1780462800000,74.7700,74.9700,74.6600,74.9200,81270.443
1780463700000,74.9200,74.9600,74.7000,74.7400,35183.599
1780464600000,74.7400,74.7800,74.4500,74.5500,119550.251
1780465500000,74.5500,74.7000,74.4600,74.4800,68987.523
1780466400000,74.4800,74.7500,74.4700,74.6500,114162.025
1780467300000,74.6500,74.7400,74.4900,74.5400,66267.636
1780468200000,74.5300,74.5800,74.1700,74.3100,124075.672
1780469100000,74.3100,74.4400,74.1000,74.4100,62771.349
1780470000000,74.4200,74.6200,74.3100,74.5200,70461.831
1780470900000,74.5200,74.5200,74.1700,74.2000,51083.666
1780471800000,74.2000,74.3600,74.1300,74.2700,51170.501
1780472700000,74.2600,74.3300,74.1300,74.1500,55933.550
1780473600000,74.1500,74.2900,74.0700,74.1900,111297.114
1780474500000,74.1900,74.3600,74.1000,74.3600,98489.505
1780475400000,74.3600,74.4100,74.3300,74.3700,57600.530
1780476300000,74.3800,74.4500,74.0800,74.1700,122828.563
1780477200000,74.1700,74.5100,74.1300,74.3700,77459.960
1780478100000,74.3600,74.3900,74.1600,74.1700,78575.370
1780479000000,74.1700,74.2900,74.1500,74.2600,40153.001
1780479900000,74.2500,74.2500,74.0300,74.0600,95574.332
1780480800000,74.0600,74.8800,74.0200,74.6000,359008.854
1780481700000,74.6000,74.6000,74.3400,74.5300,56214.705
1780482600000,74.5400,74.6400,74.2800,74.3300,86171.003
1780483500000,74.3300,74.5000,74.3100,74.4100,27519.857
1780484400000,74.4200,74.5700,74.3600,74.5100,139210.919
1780485300000,74.5200,74.5300,74.3800,74.4900,38853.805
1780486200000,74.4900,74.5800,74.4500,74.5500,54854.957
1780487100000,74.5400,74.6400,74.5000,74.5800,65721.371
1780488000000,74.5800,74.6400,74.3600,74.3800,69810.822
1780488900000,74.3800,74.5900,74.1600,74.2000,116979.411
1780489800000,74.2100,74.2900,73.9800,74.0900,179147.501
1780490700000,74.0800,74.5600,74.0300,74.2500,202110.394
1780491600000,74.2500,74.5500,74.0900,74.4600,191269.469
1780492500000,74.4600,74.5100,74.0200,74.1400,218637.954
1780493400000,74.1400,74.2800,73.2500,73.2500,493853.313
1780494300000,73.2400,73.8500,73.2300,73.8400,302988.894
1780495200000,73.8400,74.0300,73.6800,73.8200,261149.275
1780496100000,73.8200,73.9900,73.5900,73.8000,223131.501
1780497000000,73.8000,73.8300,73.6100,73.7100,143934.446
1780497900000,73.7100,74.0500,73.6600,73.9900,138708.935
1780498800000,73.9900,74.0400,73.5300,73.5700,130412.217
1780499700000,73.5700,73.8100,73.2700,73.4900,237239.488
1780500600000,73.4900,73.6000,73.3500,73.5200,112187.752
1780501500000,73.5200,73.5500,73.3700,73.4500,51279.742
1780502400000,73.4600,73.5600,73.3100,73.4000,77796.335
1780503300000,73.4000,73.4600,73.1800,73.3800,88641.902
1780504200000,73.3700,73.5000,73.2900,73.3800,58728.318
1780505100000,73.3700,73.5200,73.1700,73.4900,144299.498
1780506000000,73.5000,73.7500,73.4400,73.4800,195486.707
1780506900000,73.4800,73.6000,73.4000,73.4300,75194.048
1780507800000,73.4300,73.5600,73.3500,73.5000,39676.227
1780508700000,73.5100,73.5100,73.2300,73.3400,87316.938
1780509600000,73.3500,73.4400,73.2600,73.3200,55511.880
1780510500000,73.3200,73.3600,73.1800,73.2900,76483.710
1780511400000,73.2900,73.3700,73.1900,73.2200,68689.901
1780512300000,73.2300,73.3600,73.2100,73.3000,20247.263
1780513200000,73.3000,73.4300,73.2400,73.3800,35681.764
1780514100000,73.3800,73.5400,73.3100,73.3800,48301.684
1780515000000,73.3800,73.4700,73.3700,73.3900,20338.201
1780515900000,73.3900,73.3900,73.2100,73.2700,55588.669
1780516800000,73.2700,73.2900,72.9300,73.0300,113669.329
1780517700000,73.0300,73.0600,72.9200,73.0000,49164.272
1780518600000,73.0000,73.0100,72.7600,72.7800,92440.124
1780519500000,72.7800,72.8700,72.6500,72.7900,140976.731
1780520400000,72.7900,73.0900,72.7800,73.0300,54266.161
1780521300000,73.0300,73.2100,73.0200,73.2100,48130.941
1780522200000,73.2000,73.2600,72.9800,73.0300,26416.654
1780523100000,73.0300,73.2700,73.0200,73.2400,30207.712
1780524000000,73.2500,73.2600,72.6300,72.7400,530513.621
1780524900000,72.7500,72.8400,72.4900,72.7900,175967.165
1780525800000,72.7800,72.9900,72.7700,72.8700,40059.340
1780526700000,72.8700,73.3100,72.8700,73.2000,82439.744
1780527600000,73.1900,73.2500,73.0600,73.1100,68294.480
1780528500000,73.1100,73.2200,73.1000,73.1900,20389.539
1780529400000,73.2000,73.2500,73.0900,73.2100,64054.998
1780530300000,73.2100,73.4600,73.2000,73.2500,148043.252
1780531200000,73.2600,73.4400,73.1100,73.1600,199429.713
1780532100000,73.1500,73.3600,73.0700,73.1500,105276.208
1780533000000,73.1600,73.2800,73.0700,73.2400,79071.413
1780533900000,73.2300,73.5800,73.1600,73.3400,419588.264
1780534800000,73.3300,73.8100,73.1500,73.7500,293456.725
1780535700000,73.7500,73.8800,73.5800,73.6500,176765.749
1780536600000,73.6500,73.8100,72.9900,73.0900,331532.805
1780537500000,73.0900,73.4100,72.8100,73.1600,346620.154
1780538400000,73.1600,73.2800,72.9800,73.2000,239497.034
1780539300000,73.2000,73.2800,73.0300,73.2400,96540.263
1780540200000,73.2400,73.3600,73.0700,73.2600,202764.561
1780541100000,73.2500,73.7600,73.2400,73.6600,148560.093
1780542000000,73.6600,73.7900,73.5300,73.5700,140989.164
1780542900000,73.5800,73.6000,73.3900,73.5200,72823.522
1780543800000,73.5200,73.6300,73.3800,73.4200,87371.344
1780544700000,73.4100,73.5500,73.3100,73.5400,80789.393
1780545600000,73.5400,73.7700,73.4800,73.7400,76192.036
1780546500000,73.7500,73.8200,73.6700,73.7000,71038.933
1780547400000,73.7100,73.9600,73.7000,73.9200,100678.422
1780548300000,73.9200,73.9800,73.7300,73.7600,72954.484
1780549200000,73.7700,73.7700,73.4900,73.6400,71278.580
1780550100000,73.6500,73.6600,73.5000,73.5300,53961.786
1780551000000,73.5300,73.5900,73.3000,73.4800,130427.053
1780551900000,73.4800,73.5300,73.1600,73.2500,100143.376
1780552800000,73.2600,73.5400,73.2100,73.4500,98217.792
1780553700000,73.4600,73.4600,73.0900,73.3100,134500.327
1780554600000,73.3100,73.3200,72.9400,73.0000,457189.586
1780555500000,72.9900,73.2700,72.9400,73.2100,105432.689
1780556400000,73.2100,73.2500,73.0500,73.1400,79485.930
1780557300000,73.1400,73.2900,73.1100,73.2100,101568.232
1780558200000,73.2000,73.3400,73.1600,73.2100,79990.392
1780559100000,73.2200,73.2800,73.1500,73.2400,56119.500
1780560000000,73.2400,73.4400,73.2000,73.2400,102096.678
1780560900000,73.2300,73.4000,73.1600,73.3900,98453.386
1780561800000,73.3900,73.5400,73.2500,73.3800,147048.370
1780562700000,73.3800,73.4200,73.2500,73.3300,60815.505
1780563600000,73.3400,73.5000,73.2500,73.2900,203114.039
1780564500000,73.2900,73.4600,73.2700,73.4000,64630.932
1780565400000,73.4000,73.6800,73.3700,73.6400,109561.503
1780566300000,73.6400,73.7000,73.5400,73.5600,83275.570
1780567200000,73.5700,73.6100,73.4700,73.5500,93845.235
1780568100000,73.5500,73.5800,73.4500,73.5500,44159.037
1780569000000,73.5500,73.5700,73.4300,73.4700,79323.796
1780569900000,73.4700,73.5500,73.4000,73.5100,67166.923
1780570800000,73.5100,73.5800,73.4300,73.4800,71057.382
1780571700000,73.4800,74.0600,73.4800,74.0200,183128.881
1780572600000,74.0300,74.0900,73.7900,74.0600,191064.869
1780573500000,74.0600,74.7400,74.0500,74.6800,313882.604
1780574400000,74.6700,74.7400,74.1200,74.2100,294912.721
1780575300000,74.2200,74.5900,74.1500,74.4900,153219.945
1780576200000,74.5000,74.5800,74.3700,74.4700,185250.499
1780577100000,74.4700,74.7000,74.4200,74.6100,292125.573
1780578000000,74.6200,75.2100,74.4500,74.8100,544861.315
1780578900000,74.8100,75.0300,74.6700,74.7100,127423.172
1780579800000,74.7200,74.9200,74.6300,74.9100,187319.695
1780580700000,74.9100,74.9400,74.3900,74.3900,158669.129
1780581600000,74.4000,74.5100,74.0200,74.1800,227039.581
1780582500000,74.1900,74.3000,73.9600,74.0800,94760.604
1780583400000,74.0900,74.1300,73.8500,73.9100,138778.815
1780584300000,73.9100,73.9400,73.2700,73.5800,361380.768
1780585200000,73.5700,73.8400,73.5200,73.8200,109853.960
1780586100000,73.8100,73.8300,73.6400,73.7100,60172.845
1780587000000,73.7100,73.9400,73.7000,73.8300,59470.302
1780587900000,73.8300,73.9500,73.7700,73.9300,67626.665
1780588800000,73.9300,74.0400,73.8700,73.9100,49407.849
1780589700000,73.9000,74.0200,73.8700,73.9400,41400.112
1780590600000,73.9400,73.9500,73.8300,73.9300,66284.354
1780591500000,73.9300,73.9800,73.8700,73.9000,25294.847
1780592400000,73.9000,73.9800,73.8000,73.8100,30519.894
1780593300000,73.8000,73.9200,73.6800,73.9000,92020.639
1780594200000,73.9000,74.1500,73.9000,74.0100,80435.109
1780595100000,74.0100,74.0600,73.9500,73.9800,26520.639
1780596000000,73.9800,74.1400,73.9000,74.1100,57638.385
1780596900000,74.1000,74.1700,74.0200,74.0600,29991.591
1780597800000,74.0500,74.0500,73.8700,73.9500,46948.304
1780598700000,73.9600,74.1000,73.9500,74.0400,18974.808
1780599600000,74.0500,74.1800,73.9700,74.0200,19444.288
1780600500000,74.0200,74.1400,74.0100,74.1200,14969.617
1780601400000,74.1200,74.2100,74.0500,74.1500,28620.994
1780602300000,74.1500,74.1700,74.0600,74.1300,42686.055
1780603200000,74.1300,74.1400,74.0100,74.0400,24281.443
1780604100000,74.0300,74.0700,73.9800,74.0100,27283.906
1780605000000,74.0000,74.0200,73.9400,73.9700,6025.929
1780605900000,73.9800,74.0000,73.9300,73.9800,30557.654
1780606800000,73.9800,74.1000,73.9300,74.0700,31195.256
1780607700000,74.0600,74.0700,73.9800,73.9900,3151.676
1780608600000,73.9800,74.0400,73.9600,73.9800,17240.125
1780609500000,73.9800,73.9800,73.9200,73.9400,7129.625
1780610400000,73.9400,74.0100,73.8900,73.9800,53483.338
1780611300000,73.9800,74.0500,73.9500,74.0100,30632.030
1780612200000,74.0000,74.0900,73.9900,74.0200,24416.144
1780613100000,74.0200,74.0700,73.9400,73.9600,16914.138
1780614000000,73.9700,74.1800,73.8800,74.1100,58341.043
1780614900000,74.1000,74.1300,74.0000,74.0200,51249.530
1780615800000,74.0200,74.0400,73.8600,73.8900,41458.231
1780616700000,73.8900,74.0400,73.8400,73.8800,35393.130
1780617600000,73.8700,73.9200,73.5800,73.6400,117350.460
1780618500000,73.6300,73.7200,73.5100,73.6300,84568.077
1780619400000,73.6300,73.8300,73.5700,73.5800,84775.876
1780620300000,73.5900,73.6600,73.3400,73.3500,90155.429
1780621200000,73.3500,73.3900,72.8200,73.0300,496240.119
1780622100000,73.0300,73.1400,72.5100,72.8800,598835.759
1780623000000,72.8800,73.0000,72.7500,72.8100,170530.769
1780623900000,72.8100,72.9500,72.6300,72.7100,166963.075
1780624800000,72.7100,72.9500,72.5700,72.9100,132917.007
1780625700000,72.9000,73.0200,72.7600,72.8800,87983.475
1780626600000,72.8800,72.8900,72.4100,72.6400,264425.885
1780627500000,72.6300,72.9700,72.5700,72.6100,114722.973
1780628400000,72.6100,72.6700,72.4300,72.5400,167322.609
1780629300000,72.5400,72.6100,72.3600,72.4900,151373.099
1780630200000,72.4900,72.7700,72.4900,72.7400,82523.640
1780631100000,72.7400,72.7800,72.5800,72.7300,74702.461
1780632000000,72.7400,72.7800,72.5800,72.7000,58746.894
1780632900000,72.6900,72.7700,72.6100,72.6800,45776.255
1780633800000,72.6900,72.8600,72.6100,72.7500,41271.178
1780634700000,72.7400,72.8800,72.6700,72.8500,56948.868
1780635600000,72.8400,72.8900,72.7400,72.7900,67027.102
1780636500000,72.7900,72.7900,72.6500,72.6700,40564.676
1780637400000,72.6600,72.7100,72.2400,72.4400,282600.432
1780638300000,72.4400,72.5900,72.2000,72.2800,209203.546
1780639200000,72.2900,72.3800,71.9200,71.9200,237183.099
1780640100000,71.9100,72.1300,71.3000,72.0300,577431.892
1780641000000,72.0200,72.5000,72.0000,72.4200,227283.339
1780641900000,72.4200,72.6500,72.3300,72.6100,148614.350
1780642800000,72.6100,72.7100,72.4700,72.5500,128826.166
1780643700000,72.5500,72.7800,72.4900,72.7500,97704.136
1780644600000,72.7400,72.7800,72.4800,72.5500,111242.942
1780645500000,72.5500,72.7400,72.5400,72.6600,42705.884
1780646400000,72.6600,72.6600,72.4600,72.4900,86859.375
1780647300000,72.5000,72.7900,72.4700,72.7800,53429.223
1780648200000,72.7900,72.8400,72.5900,72.6200,99039.861
1780649100000,72.6200,72.6800,72.5700,72.6300,46312.062
1780650000000,72.6200,72.9800,72.5600,72.8000,174772.052
1780650900000,72.8000,72.9400,72.6800,72.7100,143360.579
1780651800000,72.7100,72.8700,72.6400,72.7800,85429.412
1780652700000,72.7900,72.9000,72.7300,72.8200,39621.865
1780653600000,72.8100,72.8300,72.7300,72.7900,34020.046
1780654500000,72.7800,72.8800,72.7700,72.8400,42411.425
1780655400000,72.8400,72.8700,72.7000,72.8500,47051.006
1780656300000,72.8600,72.9500,72.8400,72.9000,61130.638
1780657200000,72.8900,72.9200,72.6200,72.6300,119965.221
1780658100000,72.6400,72.8300,72.5600,72.8200,164366.950
1780659000000,72.8200,72.9000,72.6700,72.6900,82071.725
1780659900000,72.6900,73.0600,72.6500,73.0100,194577.464
1780660800000,73.0100,73.2400,72.8700,73.1600,151797.755
1780661700000,73.1600,73.5000,73.1600,73.3400,193236.782
1780662600000,73.3400,73.3400,72.4600,72.6700,611869.258
1780663500000,72.6600,72.7200,71.4100,71.5200,685134.781
1780664400000,71.5200,71.5600,70.8400,71.3200,1151788.213
1780665300000,71.3100,71.3700,70.8300,70.8900,305973.400
1780666200000,70.8900,71.0800,70.3500,70.5100,651420.969
1780667100000,70.5200,70.6400,69.6000,69.6400,835451.755
1780668000000,69.6500,69.9900,69.3200,69.4000,844377.952
1780668900000,69.4000,69.6300,68.7900,69.1900,558648.892
1780669800000,69.1900,69.4900,68.8700,69.0100,347279.284
1780670700000,69.0000,69.4600,68.8400,69.4500,379874.871
1780671600000,69.4500,69.5200,68.8500,68.8500,278848.054
1780672500000,68.8400,69.0700,68.5100,69.0100,369042.701
1780673400000,69.0000,69.1100,68.5400,68.9100,190128.807
1780674300000,68.9100,69.0200,68.7400,68.7900,204965.579
1780675200000,68.7900,68.9900,68.6600,68.8800,209502.688
1780676100000,68.8800,69.1300,68.6600,68.9600,179630.497
1780677000000,68.9600,68.9600,68.6300,68.6900,135745.754
1780677900000,68.7000,69.3000,68.4700,69.2600,262457.631
1780678800000,69.2700,69.3700,68.9400,69.0800,223894.881
1780679700000,69.0900,69.2900,68.8900,69.0700,241918.952
1780680600000,69.0700,69.1600,68.8800,68.9000,72811.183
1780681500000,68.9100,69.0100,68.8200,68.9600,58495.833
1780682400000,68.9700,69.0000,68.2800,68.3000,180169.931
1780683300000,68.2900,68.5600,68.1100,68.1900,192415.909
1780684200000,68.1900,68.3100,68.0400,68.1600,103854.065
1780685100000,68.1600,68.4000,68.0800,68.3100,160960.559
1780686000000,68.3100,68.3200,68.0300,68.0600,170795.436
1780686900000,68.0600,68.3100,67.9300,68.2900,238469.264
1780687800000,68.3000,68.3200,67.8700,68.0500,157484.081
1780688700000,68.0500,68.2800,68.0300,68.0900,126252.721
1780689600000,68.1000,68.1200,67.6300,67.7300,149320.861
1780690500000,67.7300,67.9800,67.6300,67.9100,91844.449
1780691400000,67.9200,67.9600,67.6800,67.8300,66880.170
1780692300000,67.8300,68.0400,67.7600,67.9400,95757.200
1780693200000,67.9300,68.0800,67.9200,68.0200,39736.843
1780694100000,68.0200,68.0300,67.9100,68.0300,12096.655
1780695000000,68.0200,68.0300,67.9900,68.0200,16812.541
1780695900000,68.0300,68.0300,67.8800,67.8900,12893.261
1780696800000,67.8900,67.9300,67.8200,67.8800,40919.798
1780697700000,67.8700,67.9100,67.8400,67.8600,13357.668
1780698600000,67.8600,67.9000,67.8200,67.8900,11602.669
1780699500000,67.8800,67.9300,67.8500,67.8500,8203.193
1780700400000,67.8500,67.9400,67.8500,67.8800,10831.993
1780701300000,67.8900,67.9000,67.7900,67.8100,25456.040
1780702200000,67.8100,67.8200,67.7800,67.7900,11664.740
1780703100000,67.7900,67.8100,67.7700,67.8000,11930.098
1780704000000,67.8000,67.8800,67.7800,67.8400,18996.440
1780704900000,67.8400,67.8500,67.8000,67.8400,4060.737
1780705800000,67.8400,67.8600,67.8200,67.8500,3041.904
1780706700000,67.8500,67.8700,67.8300,67.8600,4392.249
1780707600000,67.8500,67.9300,67.8500,67.9300,19134.140
1780708500000,67.9300,67.9900,67.9300,67.9900,4013.401
1780709400000,67.9800,67.9900,67.9000,67.9400,6787.329
1780710300000,67.9300,67.9400,67.8300,67.8400,9728.203
1780711200000,67.8400,67.8400,67.7700,67.7800,11110.269
1780712100000,67.7700,67.7900,67.7600,67.7600,17320.197
1780713000000,67.7600,67.7800,67.7600,67.7800,9935.776
1780713900000,67.7700,67.7800,67.7500,67.7500,6907.305
1780714800000,67.7600,67.7800,67.7500,67.7800,5210.192
1780715700000,67.7700,67.7800,67.7700,67.7800,3292.072
1780716600000,67.7700,67.7900,67.7500,67.7700,3085.452
1780717500000,67.7600,67.7700,67.7600,67.7600,1947.082
1780718400000,67.7600,67.8000,67.7500,67.7600,10899.529
1780719300000,67.7600,67.7600,67.6900,67.6900,30991.113
1780720200000,67.6900,67.7100,67.6000,67.6200,52312.827
1780721100000,67.6200,67.6500,67.6100,67.6300,13392.791
1780722000000,67.6300,67.6400,67.6100,67.6300,19941.773
1780722900000,67.6300,67.7200,67.6000,67.6900,22302.313
1780723800000,67.6900,67.8200,67.6900,67.8100,14797.433
1780724700000,67.8200,67.8400,67.8000,67.8300,7223.904
1780725600000,67.8300,67.8700,67.8200,67.8700,16147.732
1780726500000,67.8700,67.9100,67.8600,67.9100,11654.773
1780727400000,67.9000,67.9100,67.8700,67.8800,8177.038
1780728300000,67.8700,67.9100,67.8700,67.8900,4043.519
1780729200000,67.8900,67.9000,67.8600,67.9000,9161.119
1780730100000,67.9000,67.9100,67.8600,67.8700,7667.650
1780731000000,67.8600,67.9400,67.8600,67.9400,11308.637
1780731900000,67.9300,67.9400,67.8600,67.8600,13856.062
1780732800000,67.8600,67.8900,67.8000,67.8700,10747.395
1780733700000,67.8800,67.9100,67.8500,67.9100,8330.497
1780734600000,67.9100,67.9100,67.8700,67.8800,2825.414
1780735500000,67.8700,67.9100,67.8600,67.9100,3898.564
1780736400000,67.9100,67.9100,67.8700,67.9000,6377.830
1780737300000,67.9000,67.9100,67.8900,67.9100,4116.533
1780738200000,67.9100,67.9200,67.8900,67.9000,4348.896
1780739100000,67.8900,67.9000,67.8200,67.8500,9719.214
1780740000000,67.8500,67.8600,67.7500,67.7600,12129.337
1780740900000,67.7500,67.8000,67.7300,67.7600,14105.235
1780741800000,67.7500,67.7600,67.7000,67.7000,10899.258
1780742700000,67.7000,67.7500,67.6400,67.7500,14246.414
1780743600000,67.7500,67.7800,67.7400,67.7800,3997.301
1780744500000,67.7800,67.8100,67.7600,67.7900,8529.328
1780745400000,67.7900,67.7900,67.7600,67.7700,3565.894
1780746300000,67.7600,67.8200,67.7600,67.8100,5836.317
1780747200000,67.8100,67.8700,67.8000,67.8200,16393.693
1780748100000,67.8100,67.8200,67.7700,67.8000,3540.580
1780749000000,67.7900,67.8600,67.7700,67.8600,5214.493
1780749900000,67.8600,67.8700,67.8400,67.8500,3962.095
1780750800000,67.8500,67.8600,67.8400,67.8500,4611.386
1780751700000,67.8600,67.8700,67.8500,67.8600,2339.866
1780752600000,67.8500,67.8700,67.8300,67.8600,7507.634
1780753500000,67.8600,67.8700,67.8200,67.8500,7445.839
1780754400000,67.8400,67.8700,67.8300,67.8400,2716.620
1780755300000,67.8400,67.8400,67.8000,67.8100,1439.736
1780756200000,67.8000,67.8100,67.7900,67.7900,3506.770
1780757100000,67.7900,67.8100,67.7800,67.7800,5509.836
1780758000000,67.7900,67.8100,67.7900,67.8000,3896.742
1780758900000,67.8000,67.8400,67.7700,67.8200,6424.690
1780759800000,67.8100,67.8500,67.8100,67.8300,3181.323
1780760700000,67.8300,67.8300,67.8000,67.8100,1049.160
1780761600000,67.8100,67.8600,67.8000,67.8400,6334.101
1780762500000,67.8400,67.8600,67.8100,67.8200,3076.872
1780763400000,67.8200,67.8700,67.8000,67.8600,2502.811
1780764300000,67.8600,67.8700,67.8300,67.8400,2986.280
1780765200000,67.8300,67.8600,67.8300,67.8500,640.024
1780766100000,67.8600,67.8600,67.8100,67.8400,4383.051
1780767000000,67.8300,67.8500,67.8100,67.8200,1027.994
1780767900000,67.8200,67.8200,67.7700,67.7800,937.483
1780768800000,67.7700,67.8100,67.7400,67.7900,11025.854
1780769700000,67.7900,67.8300,67.7800,67.8200,1568.123
1780770600000,67.8300,67.8300,67.8200,67.8300,522.634
1780771500000,67.8200,67.8300,67.7900,67.8000,1410.803
1780772400000,67.7900,67.8200,67.7700,67.8100,1416.802
1780773300000,67.8100,67.8500,67.8100,67.8300,4447.181
1780774200000,67.8300,67.8400,67.8000,67.8100,927.587
1780775100000,67.8100,67.8100,67.7800,67.7900,1175.138
1780776000000,67.7900,67.8400,67.7800,67.8400,2615.248
1780776900000,67.8400,67.8400,67.8200,67.8300,1417.878
1780777800000,67.8300,67.8300,67.8000,67.8100,1256.853
1780778700000,67.8100,67.8100,67.7900,67.8000,417.025
1780779600000,67.8000,67.8200,67.7800,67.8200,2858.866
1780780500000,67.8200,67.8200,67.7800,67.7900,1510.528
1780781400000,67.7800,67.8100,67.7800,67.7900,1437.939
1780782300000,67.8000,67.8000,67.7700,67.7900,1217.202
1780783200000,67.7800,67.8200,67.7600,67.8100,4662.137
1780784100000,67.8100,67.8200,67.7800,67.7900,2353.539
1780785000000,67.7800,67.8200,67.7800,67.8200,2323.095
1780785900000,67.8200,67.8300,67.8100,67.8300,1387.543
1780786800000,67.8300,67.8400,67.8200,67.8400,2451.715
1780787700000,67.8400,67.8400,67.8300,67.8400,339.609
1780788600000,67.8400,67.8700,67.8300,67.8600,4329.528
1780789500000,67.8600,67.8700,67.8500,67.8700,4225.362
1780790400000,67.8700,67.8800,67.8600,67.8600,2746.010
1780791300000,67.8700,67.8800,67.8600,67.8700,2975.935
1780792200000,67.8600,67.8700,67.8600,67.8700,697.027
1780793100000,67.8700,67.8700,67.8600,67.8600,986.833
1780794000000,67.8700,67.9000,67.8600,67.8800,15168.768
1780794900000,67.8900,67.9500,67.8800,67.9400,17987.056
1780795800000,67.9400,67.9500,67.9100,67.9300,3941.633
1780796700000,67.9200,67.9500,67.9200,67.9500,4453.131
1780797600000,67.9400,67.9500,67.9300,67.9400,4233.194
1780798500000,67.9400,67.9400,67.9000,67.9100,5271.189
1780799400000,67.9100,67.9300,67.9100,67.9300,2613.525
1780800300000,67.9300,68.2500,67.9100,68.1700,51581.197
1780801200000,68.1700,68.1700,68.1000,68.1500,24869.712
1780802100000,68.1500,68.1600,68.1100,68.1300,26000.340
1780803000000,68.1200,68.1300,68.0800,68.1100,4440.072
1780803900000,68.1200,68.1400,68.0700,68.1400,2726.946
1780804800000,68.1400,68.1500,68.0600,68.1000,5049.809
1780805700000,68.1000,68.1200,68.0500,68.0600,2254.510
1780806600000,68.0600,68.1300,68.0300,68.1100,5709.037
1780807500000,68.1000,68.3500,68.1000,68.3000,68591.286
1780808400000,68.2900,68.3200,68.1300,68.2800,51483.244
1780809300000,68.2700,68.5300,68.2600,68.3700,77277.562
1780810200000,68.3800,68.4100,68.3400,68.3700,10480.413
1780811100000,68.3700,68.4700,68.3600,68.4000,29959.137
1780812000000,68.4000,68.4100,68.3300,68.3400,11789.016
1780812900000,68.3300,68.5900,68.3300,68.4500,88286.805
1780813800000,68.4400,68.5400,68.4300,68.5100,13363.168
1780814700000,68.5100,68.5200,68.4300,68.4700,10205.612
1780815600000,68.4700,68.4700,68.2000,68.3600,74394.170
1780816500000,68.3500,68.5000,68.3500,68.5000,8913.640
1780817400000,68.4900,68.5100,68.4500,68.4800,12023.591
1780818300000,68.4800,68.5100,68.4400,68.4900,16855.876
1780819200000,68.5000,68.5500,68.4800,68.5300,9302.879
1780820100000,68.5400,68.7000,68.5000,68.6900,26256.424
1780821000000,68.6900,68.7000,68.5300,68.5700,36611.699
1780821900000,68.5700,68.7600,68.5500,68.6800,45978.397
1780822800000,68.6900,68.7200,68.6000,68.6600,26999.716
1780823700000,68.6600,68.7200,68.5600,68.6300,12744.910
1780824600000,68.6400,68.6500,68.5200,68.6300,17438.746
1780825500000,68.6200,68.6900,68.5600,68.6200,10761.806
1780826400000,68.6200,68.6200,68.2700,68.3400,56198.406
1780827300000,68.3400,68.5000,68.3400,68.4800,5468.890
1780828200000,68.4900,68.6100,68.4200,68.4300,43517.678
1780829100000,68.4400,68.4900,68.4300,68.4800,7878.024
1780830000000,68.4800,68.4900,68.4300,68.4800,2003.916
1780830900000,68.4900,68.5400,68.4800,68.4900,3382.308
1780831800000,68.5000,68.5300,68.4600,68.5000,7929.564
1780832700000,68.5100,68.5500,68.4700,68.5200,7034.488
1780833600000,68.5200,68.5400,68.3200,68.3400,13179.892
1780834500000,68.3300,68.4100,68.1400,68.1600,31920.524
1780835400000,68.1500,68.1600,68.0400,68.1000,29057.376
1780836300000,68.1100,68.2700,68.1000,68.1600,24654.495
1780837200000,68.1600,68.2000,68.0800,68.1500,10346.270
1780838100000,68.1500,68.2400,68.1200,68.2200,10449.644
1780839000000,68.2100,68.3000,68.1700,68.2900,12824.177
1780839900000,68.2800,68.3400,68.2300,68.2300,5743.590
1780840800000,68.2300,68.4000,68.2200,68.3900,10200.620
1780841700000,68.3900,68.4700,68.3400,68.3600,19745.709
1780842600000,68.3700,68.4700,68.3500,68.4200,5237.194
1780843500000,68.4200,68.4600,68.3100,68.3300,22965.135
1780844400000,68.3300,68.3900,68.2900,68.3700,9513.738
1780845300000,68.3700,68.3900,68.3400,68.3900,4177.041
1780846200000,68.3900,68.4400,68.3500,68.3700,16032.147
1780847100000,68.3700,68.3700,68.2600,68.3200,6869.917
1780848000000,68.3200,68.3600,68.2700,68.3600,5929.311
1780848900000,68.3600,68.4800,68.3000,68.3700,6053.253
1780849800000,68.3600,68.5400,68.3300,68.3700,24629.953
1780850700000,68.3700,68.4000,68.3100,68.3400,6654.536
1780851600000,68.3500,68.4000,68.3300,68.3900,9863.195
1780852500000,68.3900,68.6200,68.3500,68.4500,58673.544
1780853400000,68.4500,68.4600,68.3400,68.3500,11737.113
1780854300000,68.3500,68.3800,68.2700,68.2800,12220.417
1780855200000,68.2800,68.3400,68.2700,68.3400,4888.344
1780856100000,68.3300,68.3400,68.1800,68.2100,9237.818
1780857000000,68.2000,68.2400,68.1500,68.1800,6067.537
1780857900000,68.1800,68.1900,68.1000,68.1800,15105.041
1780858800000,68.1700,68.1800,67.9200,67.9700,41152.731
1780859700000,67.9800,68.0500,67.8900,67.9300,30801.735
1780860600000,67.9400,67.9700,67.8200,67.8600,25415.149
1780861500000,67.8600,68.0000,67.8500,67.9700,28508.133
1780862400000,67.9700,68.1200,67.8600,67.9400,71080.433
1780863300000,67.9400,68.0400,67.9000,67.9900,6218.177
1780864200000,68.0000,68.0300,67.9200,67.9500,6394.677
1780865100000,67.9400,67.9800,67.9100,67.9400,16708.191
1780866000000,67.9400,67.9600,67.8700,67.9000,10097.884
1780866900000,67.9100,67.9400,67.8600,67.9200,14135.269
1780867800000,67.9300,68.0700,67.8300,67.8400,58822.824
1780868700000,67.8500,67.9300,67.6000,67.6800,153407.001
1780869600000,67.6700,68.2500,67.0300,67.7000,946787.566
1780870500000,67.7000,67.8400,67.3700,67.4100,304477.973
1780871400000,67.4100,67.8900,67.4000,67.7500,230450.846
1780872300000,67.7600,67.7800,67.4100,67.4200,120460.847
1780873200000,67.4200,67.8800,67.4200,67.8100,91116.822
1780874100000,67.8100,67.9300,67.7000,67.8500,73357.156
1780875000000,67.8600,68.1300,67.8500,68.0700,73027.010
1780875900000,68.0800,68.2900,67.9800,68.2500,94312.250
1780876800000,68.2500,68.3700,68.0700,68.2000,114221.113
1780877700000,68.1900,68.5800,68.1200,68.5300,193811.457
1780878600000,68.5300,68.5300,68.3000,68.3700,180895.062
1780879500000,68.3700,68.5300,68.2100,68.4100,161427.271
1780880400000,68.4100,68.5600,67.5700,67.5900,549774.040
1780881300000,67.5800,67.8200,67.0800,67.3500,466850.461
1780882200000,67.3600,67.8800,66.9400,67.7600,496750.377
1780883100000,67.7600,67.9100,67.5300,67.8700,144149.091
1780884000000,67.8800,68.0800,67.6600,67.7400,123939.613
1780884900000,67.7500,67.8200,67.5500,67.6900,85079.635
1780885800000,67.6900,67.8200,67.4600,67.7500,197900.846
1780886700000,67.7400,67.9200,67.5600,67.5900,101395.509
1780887600000,67.6000,67.7300,67.3400,67.3800,109924.453
1780888500000,67.3800,67.5800,67.3500,67.4300,60313.795
1780889400000,67.4400,67.6100,67.3600,67.6000,49942.451
1780890300000,67.6000,67.9000,67.5900,67.9000,75415.276
1780891200000,67.9100,68.0600,67.7800,68.0000,128155.592
1780892100000,68.0100,68.0800,67.8400,67.9400,67799.112
1780893000000,67.9400,67.9500,67.6700,67.6800,89492.151
1780893900000,67.6900,67.9200,67.6900,67.8400,88003.034
1780894800000,67.8400,67.9500,67.6100,67.6100,94499.649
1780895700000,67.6100,67.8500,67.5600,67.6300,112830.831
1780896600000,67.6300,67.6600,66.2100,66.4900,896347.708
1780897500000,66.4800,66.7800,66.3400,66.6900,375251.264
1780898400000,66.6900,67.2000,66.6800,67.0500,279542.003
1780899300000,67.0600,67.3900,66.9600,67.2600,217617.426
1780900200000,67.2600,67.2800,66.9300,67.0900,104653.313
1780901100000,67.0900,67.1600,66.9800,67.1500,64769.489
1780902000000,67.1400,67.2100,66.9000,67.1300,88999.816
1780902900000,67.1200,67.5800,66.9500,67.3900,152521.726
1780903800000,67.3900,67.5800,67.1600,67.1700,113715.459
1780904700000,67.1800,67.1900,66.9600,66.9700,114698.852
1780905600000,66.9700,67.1600,66.8100,66.9700,138125.183
1780906500000,66.9700,67.1000,66.9200,67.0300,123224.140
1780907400000,67.0400,67.1200,66.8400,67.0400,135105.357
1780908300000,67.0400,67.1400,66.8600,67.0500,148041.947
1780909200000,67.0500,67.1600,66.9400,67.0500,53138.622
1780910100000,67.0600,67.2000,66.8300,66.8400,77455.789
1780911000000,66.8400,67.2700,66.6200,67.1700,285970.588
1780911900000,67.1600,67.3800,67.0400,67.0900,166823.865
1780912800000,67.0800,67.2200,66.8100,67.1600,94073.256
1780913700000,67.1700,67.1800,66.9100,67.0600,56546.203
1780914600000,67.0600,67.4900,67.0500,67.3900,189661.262
1780915500000,67.3900,67.4100,67.1100,67.1900,139871.007
1780916400000,67.1900,67.7900,67.1100,67.7600,240973.446
1780917300000,67.7600,68.2900,67.5500,68.1000,464809.018
1780918200000,68.1100,68.3600,68.0900,68.2200,298190.009
1780919100000,68.2100,68.6100,68.1100,68.4800,271683.559
1780920000000,68.4800,68.6700,68.2500,68.2600,334036.197
1780920900000,68.2500,68.7000,68.1300,68.6000,203234.909
1780921800000,68.6000,68.9600,68.5800,68.8300,316331.412
1780922700000,68.8300,68.9800,68.6300,68.9400,153197.461
1780923600000,68.9300,68.9900,68.3600,68.4000,492527.570
1780924500000,68.4100,68.7500,68.3100,68.5900,165931.905
1780925400000,68.5800,68.9300,68.5400,68.6100,383593.801
1780926300000,68.6100,68.6200,67.9800,68.0100,449418.671
1780927200000,68.0200,68.1700,67.7700,67.8800,269503.701
1780928100000,67.8800,68.1400,67.8500,68.0800,206385.185
1780929000000,68.0700,68.2500,67.9100,68.2400,311699.974
1780929900000,68.2400,68.5200,68.0000,68.5000,162791.379
1780930800000,68.5000,68.5900,68.3000,68.3400,106556.975
1780931700000,68.3400,68.7300,68.2700,68.5800,175702.105
1780932600000,68.5900,68.8600,68.5100,68.8600,161712.426
1780933500000,68.8500,68.9100,68.7100,68.7100,102000.918
1780934400000,68.7100,68.7600,68.6200,68.7300,111068.715
1780935300000,68.7300,68.8400,68.6600,68.6700,106622.535
1780936200000,68.6800,68.8300,68.6500,68.7200,88099.880
1780937100000,68.7200,68.8500,68.6200,68.6700,79715.032
1780938000000,68.6700,68.7200,68.5000,68.6500,71623.186
1780938900000,68.6500,68.7100,68.4200,68.5400,94298.717
1780939800000,68.5400,68.5600,68.2600,68.3100,111786.397
1780940700000,68.3100,68.5100,68.3100,68.4800,42194.034
1780941600000,68.4700,68.6300,68.4700,68.5200,59411.384
1780942500000,68.5200,68.7000,68.5200,68.6400,68587.927
1780943400000,68.6300,68.6700,68.3700,68.3900,92940.801
1780944300000,68.4000,68.4200,68.3100,68.3400,51967.176
1780945200000,68.3500,68.4800,68.1800,68.1900,53774.630
1780946100000,68.2000,68.2800,68.1200,68.2700,40252.376
1780947000000,68.2700,68.3400,68.1600,68.1700,49376.939
1780947900000,68.1800,68.3100,68.0900,68.1600,63991.883
1780948800000,68.1500,68.2700,68.1200,68.2700,61001.636
1780949700000,68.2600,68.2700,68.0200,68.1200,94947.774
1780950600000,68.1300,68.2000,68.1100,68.1600,23853.755
1780951500000,68.1600,68.2700,68.1500,68.2500,19595.726
1780952400000,68.2500,68.5100,68.2500,68.4400,86096.524
1780953300000,68.4500,68.4700,68.4100,68.4400,14371.742
1780954200000,68.4500,68.5000,68.3600,68.3700,11369.283
1780955100000,68.3700,68.4000,68.3500,68.3700,5875.943
1780956000000,68.3600,68.3600,68.1200,68.1800,47710.352
1780956900000,68.1700,68.2100,68.1000,68.1100,34496.769
1780957800000,68.1000,68.2200,68.1000,68.2100,18838.292
1780958700000,68.2100,68.2300,68.1700,68.2200,15103.523
1780959600000,68.2200,68.2300,68.1600,68.1900,18327.559
1780960500000,68.1900,68.2100,68.0400,68.0400,21955.095
1780961400000,68.0400,68.1000,67.9100,68.0400,49856.982
1780962300000,68.0300,68.0300,67.8500,67.9200,95592.039
1780963200000,67.9100,68.0100,67.8100,67.8800,118359.500
1780964100000,67.8700,67.9200,67.6300,67.6400,116077.794
1780965000000,67.6400,67.7600,67.5000,67.6900,119643.375
1780965900000,67.6800,67.8600,67.5400,67.7800,85410.003
1780966800000,67.7800,68.0700,67.7200,67.8300,255778.953
1780967700000,67.8300,68.2700,67.5400,68.1500,272047.499
1780968600000,68.1600,68.3500,68.0500,68.1600,123882.982
1780969500000,68.1700,68.2500,67.9500,68.1000,99597.099
1780970400000,68.1000,68.1200,67.7100,67.9200,119388.580
1780971300000,67.9100,67.9600,67.7600,67.9300,68129.379
1780972200000,67.9400,68.0400,67.6900,67.9000,114967.637
1780973100000,67.9100,68.0100,67.7000,67.7200,90532.940
1780974000000,67.7200,67.8300,67.5700,67.8200,74415.377
1780974900000,67.8300,67.9800,67.6600,67.7600,47226.388
1780975800000,67.7600,68.0400,67.7300,68.0200,44155.530
1780976700000,68.0300,68.1500,67.9700,68.0400,53776.439
1780977600000,68.0400,68.0600,67.9000,67.9000,29699.526
1780978500000,67.9100,67.9700,67.8700,67.9600,38187.652
1780979400000,67.9700,67.9900,67.8100,67.9500,57559.183
1780980300000,67.9500,68.0600,67.9000,67.9800,44307.895
1780981200000,67.9700,68.1200,67.9400,67.9800,49162.984
1780982100000,67.9900,68.0800,67.9400,67.9500,52774.239
1780983000000,67.9500,68.6400,67.8800,68.5600,305076.940
1780983900000,68.5700,68.5900,68.3700,68.4000,109866.299
1780984800000,68.4000,68.6600,68.3900,68.5000,177301.978
1780985700000,68.4900,68.6300,68.4200,68.4400,90216.557
1780986600000,68.4300,68.5100,68.3100,68.4700,91122.174
1780987500000,68.4700,68.5700,68.3200,68.3500,113482.082
1780988400000,68.3500,68.4700,68.2100,68.2100,129837.312
1780989300000,68.2100,68.4700,68.1500,68.3900,105404.975
1780990200000,68.4000,68.4100,68.2000,68.3800,76466.032
1780991100000,68.3800,68.5400,68.3500,68.3900,88896.952
1780992000000,68.3900,68.8100,68.2000,68.6400,159343.860
1780992900000,68.6400,68.8900,68.6300,68.8400,155623.864
1780993800000,68.8500,68.8900,68.6900,68.7400,108868.212
1780994700000,68.7400,68.7500,68.4500,68.4700,75909.157
1780995600000,68.4600,68.5800,68.4100,68.4500,172651.418
1780996500000,68.4600,68.5700,68.2600,68.3000,66168.587
1780997400000,68.2900,68.4000,68.2500,68.3500,64561.649
1780998300000,68.3400,68.4500,68.3100,68.4200,25589.982
1780999200000,68.4200,68.5900,68.2000,68.5700,153070.816
1781000100000,68.5800,68.6500,68.4900,68.5900,54275.288
1781001000000,68.5900,68.6300,68.4600,68.5100,54396.705
1781001900000,68.5100,68.6600,68.3500,68.6500,149390.726
1781002800000,68.6400,68.7500,68.5000,68.6000,114834.311
1781003700000,68.6000,68.6600,68.5100,68.5600,48225.882
1781004600000,68.5600,68.6600,68.4900,68.6300,38101.390
1781005500000,68.6300,68.7200,68.5800,68.6100,57155.565
1781006400000,68.6200,68.7100,68.5300,68.5300,58523.367
1781007300000,68.5400,68.5800,68.3900,68.4300,69060.844
1781008200000,68.4300,68.6900,68.4000,68.4600,100852.054
1781009100000,68.4600,68.6900,68.3700,68.6800,80868.016
1781010000000,68.6900,68.8600,68.6000,68.7700,172057.625
1781010900000,68.7800,68.8000,68.3600,68.4000,145347.974
1781011800000,68.4000,68.4300,67.9200,68.0700,236103.285
1781012700000,68.0600,69.0900,68.0000,68.0800,773893.214
1781013600000,68.0800,68.2000,67.6000,67.6700,514260.583
1781014500000,67.6700,67.7500,66.9500,67.0000,786282.212
1781015400000,67.0000,67.1000,65.5300,65.5400,1244591.058
1781016300000,65.5400,66.1600,65.2700,66.1500,1122994.248
1781017200000,66.1500,66.3600,66.0100,66.3000,509437.120
1781018100000,66.2900,66.3200,65.6700,65.7500,337156.602
1781019000000,65.7600,65.8700,65.1900,65.4900,650247.891
1781019900000,65.5000,65.7300,65.2700,65.3300,345389.938
1781020800000,65.3200,65.6100,65.1600,65.2200,388444.177
1781021700000,65.2300,65.4300,64.9800,65.2500,445954.068
1781022600000,65.2500,65.5400,64.4100,64.8100,1208435.910
1781023500000,64.8000,64.9800,64.6100,64.9600,602883.026
1781024400000,64.9600,65.3300,64.9300,65.1800,596571.311
1781025300000,65.1700,65.4200,65.0800,65.1800,469644.733
1781026200000,65.1900,65.3900,65.1000,65.2500,199706.751
1781027100000,65.2400,65.3100,65.0100,65.1900,230727.141
1781028000000,65.1800,65.3900,65.0900,65.3000,201208.286
1781028900000,65.3000,65.6900,65.2300,65.5700,193047.050
1781029800000,65.5700,65.7000,65.4400,65.4600,116098.011
1781030700000,65.4600,65.8000,65.4500,65.7300,93325.854
1781031600000,65.7400,65.8600,65.3300,65.3300,112676.152
1781032500000,65.3400,65.3500,65.1700,65.2800,188551.981
1781033400000,65.2700,65.4000,65.0800,65.0800,117480.894
1781034300000,65.0800,65.3400,65.0600,65.2800,198443.516
1781035200000,65.2900,65.4400,65.2200,65.3200,94317.060
1781036100000,65.3200,65.4000,65.3200,65.3700,23449.796
1781037000000,65.3700,65.4800,65.3100,65.4500,21336.169
1781037900000,65.4500,65.4700,65.3200,65.4200,74534.382
1781038800000,65.4100,65.5900,65.4100,65.5800,49874.589
1781039700000,65.5900,65.5900,65.4300,65.4600,28259.061
1781040600000,65.4600,65.4700,65.3600,65.4000,24480.074
1781041500000,65.4100,65.4500,65.3800,65.4100,23549.224
1781042400000,65.4200,65.4200,65.2400,65.3200,74114.148
1781043300000,65.3200,65.3500,65.2300,65.3100,45301.650
1781044200000,65.3100,65.3300,65.0100,65.0400,94895.175
1781045100000,65.0500,65.0600,64.8400,64.9800,152604.469
1781046000000,64.9800,65.2100,64.9500,64.9500,107122.742
1781046900000,64.9600,64.9700,64.7300,64.7600,114079.245
1781047800000,64.7600,64.9600,64.7100,64.8200,188330.825
1781048700000,64.8300,65.0300,64.6900,64.9700,184068.814
1781049600000,64.9700,65.1400,64.8300,65.1200,229199.272
1781050500000,65.1200,65.1800,64.8500,64.8600,139052.241
1781051400000,64.8600,64.8700,64.2900,64.4400,279373.875
1781052300000,64.4400,65.0200,64.4000,64.7300,252924.236
1781053200000,64.7400,64.7500,63.8500,64.4200,681481.313
1781054100000,64.4100,64.8800,64.3300,64.7000,320903.390
1781055000000,64.7000,65.1100,64.5500,64.6200,280282.498
1781055900000,64.6200,64.9000,64.5700,64.7100,365089.566
1781056800000,64.7100,64.8100,64.3100,64.4400,230957.613
1781057700000,64.4500,64.5400,64.2400,64.5000,133870.918
1781058600000,64.5000,64.7000,64.0500,64.3100,241469.810
1781059500000,64.3100,64.4900,63.8000,63.8600,251044.853
1781060400000,63.8600,64.0300,63.7400,63.9500,245308.401
1781061300000,63.9500,64.1400,63.8600,64.0200,120059.995
1781062200000,64.0200,64.1800,64.0000,64.0700,96197.369
1781063100000,64.0700,64.3100,64.0700,64.2200,92269.597
1781064000000,64.2300,64.3100,64.0900,64.1000,71163.913
1781064900000,64.1100,64.2100,63.8300,63.8500,107704.040
1781065800000,63.8500,63.8600,63.5900,63.6100,115313.737
1781066700000,63.6000,63.7300,63.5400,63.6000,109359.295
1781067600000,63.6000,63.9600,63.5200,63.9200,126517.592
1781068500000,63.9200,64.2200,63.7200,64.2100,118912.354
1781069400000,64.2100,64.4200,63.8400,64.3200,305165.153
1781070300000,64.3200,64.7700,64.2700,64.6300,247708.099
1781071200000,64.6300,65.3200,64.5900,64.8800,377239.039
1781072100000,64.8800,65.1900,64.8800,65.0300,164936.134
1781073000000,65.0300,65.1600,64.9400,65.1200,145296.586
1781073900000,65.1200,65.1400,64.8600,65.0300,149658.808
1781074800000,65.0200,65.0400,64.5900,64.6900,148087.216
1781075700000,64.6900,64.8000,64.4900,64.5500,142975.808
1781076600000,64.5500,64.6400,64.4600,64.5900,113360.313
1781077500000,64.5900,64.7000,64.4300,64.4500,128554.875
1781078400000,64.4500,64.4600,63.7700,63.9000,456619.812
1781079300000,63.9100,64.2000,63.8500,64.0000,190831.277
1781080200000,64.0000,64.1800,63.6200,63.6600,168674.689
1781081100000,63.6500,64.0300,63.6300,63.8500,177384.593
1781082000000,63.8500,64.0900,63.7600,63.8500,158619.940
1781082900000,63.8400,64.0500,63.7900,63.9800,122956.405
1781083800000,63.9900,64.3200,63.9900,64.1400,176900.652
1781084700000,64.1400,64.2100,63.8900,64.0700,111778.101
1781085600000,64.0700,64.2400,63.9200,64.1600,161481.369
1781086500000,64.1500,64.3100,64.1000,64.2000,117525.713
1781087400000,64.2000,64.3400,64.1400,64.3300,98101.435
1781088300000,64.3300,64.5800,64.3000,64.5000,132186.810
1781089200000,64.5100,64.5500,63.8500,64.2600,498382.713
1781090100000,64.2700,64.4500,63.8700,64.2200,285629.627
1781091000000,64.2200,64.3700,64.0800,64.0900,189848.491
1781091900000,64.0800,64.3100,63.8000,63.8500,156340.528
1781092800000,63.8500,63.9500,63.4400,63.6400,371491.608
1781093700000,63.6400,63.8200,63.4300,63.7400,296635.176
1781094600000,63.7400,65.1500,63.7400,64.5700,1341198.802
1781095500000,64.5700,64.8900,64.1600,64.3300,400978.566
1781096400000,64.3300,64.8500,64.2200,64.5200,475154.544
1781097300000,64.5200,64.6300,64.1200,64.4300,322577.812
1781098200000,64.4200,65.6100,64.3600,65.6100,813110.557
1781099100000,65.6100,65.8100,65.4500,65.6400,534208.510
1781100000000,65.6400,65.7100,65.2800,65.4600,375488.172
1781100900000,65.4600,65.5700,65.1600,65.2000,321053.213
1781101800000,65.1900,65.4000,65.0400,65.0800,418868.205
1781102700000,65.0700,65.1200,64.4200,64.6100,504628.756
1781103600000,64.6100,64.9000,64.4000,64.4900,306495.862
1781104500000,64.4800,64.9100,64.3100,64.7100,313523.223
1781105400000,64.7200,65.0000,64.6700,64.9700,178817.189
1781106300000,64.9700,65.1600,64.4500,64.9900,702294.630
1781107200000,64.9900,65.1100,64.8600,64.9900,212986.910
1781108100000,65.0000,65.2300,64.9700,65.0000,167153.163
1781109000000,65.0100,65.1200,64.8500,64.9000,127049.231
1781109900000,64.8900,65.0000,64.7500,65.0000,113222.337
1781110800000,65.0000,65.2600,64.7600,64.8500,165761.568
1781111700000,64.8500,64.9100,64.6200,64.7100,102058.160
1781112600000,64.7100,64.7800,64.5400,64.5600,70037.053
1781113500000,64.5700,64.9900,64.5300,64.9300,156561.250
1781114400000,64.9300,65.2300,64.9300,65.0200,86963.118
1781115300000,65.0300,65.1000,64.8300,64.9300,54688.242
1781116200000,64.9300,64.9300,64.7500,64.7600,80939.661
1781117100000,64.7600,64.8300,64.5600,64.7100,60101.342
1781118000000,64.7100,64.7100,64.1700,64.2100,127792.628
1781118900000,64.2200,64.2900,63.7800,63.9800,174110.483
1781119800000,63.9700,64.1200,63.8800,64.0900,91773.818
1781120700000,64.1000,64.2400,63.8000,63.8300,135051.616
1781121600000,63.8200,63.8300,63.4000,63.5000,194459.370
1781122500000,63.5000,63.7300,63.4300,63.7000,51399.195
1781123400000,63.6900,63.7200,63.5500,63.6100,51822.376
1781124300000,63.6100,63.6200,63.3700,63.5000,105311.794
1781125200000,63.4900,63.5700,63.4400,63.5100,46036.803
1781126100000,63.5000,63.5400,63.4600,63.4900,15171.380
1781127000000,63.4800,63.5200,63.4800,63.5100,17489.310
1781127900000,63.5100,63.5500,63.4100,63.4100,14188.796
1781128800000,63.4200,63.4700,62.7000,62.9400,499687.703
1781129700000,62.9500,62.9800,62.4400,62.7900,392308.951
1781130600000,62.8000,63.4400,62.7900,63.2700,285750.499
1781131500000,63.2600,63.3700,62.6700,62.7100,271910.895
1781132400000,62.7100,62.8700,61.5300,61.8100,734059.908
1781133300000,61.8100,62.8700,61.6800,62.8100,877054.253
1781134200000,62.8000,62.8800,62.5900,62.6400,277930.206
1781135100000,62.6500,62.8000,62.0300,62.2600,509175.728
1781136000000,62.2500,62.7200,62.0800,62.6700,385189.392
1781136900000,62.6700,63.2800,62.6200,63.0700,450638.400
1781137800000,63.0700,63.3800,62.9800,63.1400,323898.785
1781138700000,63.1400,63.7600,63.1400,63.6100,285916.959
1781139600000,63.6000,64.0800,63.3000,64.0000,981002.958
1781140500000,63.9900,64.5400,63.9500,64.3800,499971.059
1781141400000,64.3800,64.5800,64.2900,64.4600,293849.575
1781142300000,64.4700,64.5000,63.9200,64.1100,256740.263
1781143200000,64.1200,64.1400,63.8900,63.8900,171647.454
1781144100000,63.8900,64.0300,63.6900,63.7100,121345.721
1781145000000,63.7200,63.8200,62.9700,63.1400,458344.905
1781145900000,63.1300,63.5900,62.9800,63.3500,305226.736
1781146800000,63.3500,63.5800,63.1900,63.2200,213143.141
1781147700000,63.2300,63.3900,63.0300,63.2300,184188.067
1781148600000,63.2200,63.6800,63.2000,63.5400,158477.747
1781149500000,63.5400,63.7300,63.4200,63.6300,89494.023
1781150400000,63.6300,63.8200,63.4900,63.8100,152602.199
1781151300000,63.8100,63.8800,63.6100,63.6900,129939.412
1781152200000,63.7000,64.1400,63.6800,64.0700,162053.363
1781153100000,64.0700,64.2100,63.8900,64.0300,190171.417
1781154000000,64.0300,64.0400,63.7500,63.8100,126105.264
1781154900000,63.8000,63.9700,63.6700,63.7100,185064.704
1781155800000,63.7100,64.3100,63.6500,64.2200,456856.442
1781156700000,64.2200,64.4200,63.9200,63.9900,186849.209
1781157600000,63.9800,64.0200,63.6000,63.9000,197222.070
1781158500000,63.9000,64.0500,63.8000,63.8100,146929.441
1781159400000,63.8200,64.1000,63.7700,64.0900,100252.030
1781160300000,64.0900,64.2000,63.9700,64.1200,103588.519
1781161200000,64.1200,64.2300,63.9500,64.1400,137880.708
1781162100000,64.1300,64.5600,64.1200,64.4700,192425.374
1781163000000,64.4700,64.5600,64.4000,64.5000,102261.079
1781163900000,64.5000,64.5200,64.3200,64.4500,75414.949
1781164800000,64.4500,64.7300,64.4200,64.5300,181227.641
1781165700000,64.5400,64.5800,64.3500,64.5200,104843.569
1781166600000,64.5200,64.6000,64.4400,64.4400,72069.088
1781167500000,64.4400,64.4700,64.2300,64.3200,137724.445
1781168400000,64.3100,64.3600,64.0600,64.1700,96941.375
1781169300000,64.1600,64.2000,64.0300,64.0700,86542.192
1781170200000,64.0700,64.2200,64.0000,64.2200,71531.807
1781171100000,64.2100,64.3000,64.0500,64.1300,126947.382
1781172000000,64.1200,64.2400,63.9700,64.0900,114458.965
1781172900000,64.0800,64.1500,63.9100,63.9700,85290.085
1781173800000,63.9700,64.1100,63.9700,64.0200,55491.993
1781174700000,64.0300,64.1800,63.9200,63.9600,104422.587
1781175600000,63.9600,64.0400,63.7400,63.8600,231011.913
1781176500000,63.8600,63.9300,63.6700,63.8900,169187.800
1781177400000,63.8900,64.1100,63.5400,63.6500,219971.973
1781178300000,63.6500,63.9200,63.6100,63.7900,152058.863
1781179200000,63.7900,63.9500,63.5500,63.6900,191086.018
1781180100000,63.6900,63.8100,62.9500,63.0200,636502.392
1781181000000,63.0200,63.4700,62.8400,63.3200,763438.275
1781181900000,63.3100,63.6500,63.2000,63.5000,514296.819
1781182800000,63.5000,63.9900,63.4100,63.4500,496786.985
1781183700000,63.4500,63.7800,63.4400,63.6000,370397.349
1781184600000,63.5900,63.9100,63.3600,63.7700,733750.694
1781185500000,63.7800,64.3600,63.7100,64.1000,759971.094
1781186400000,64.1000,64.2900,63.5400,63.7000,516470.929
1781187300000,63.7000,64.2800,63.5900,64.0800,369834.415
1781188200000,64.0800,64.2800,63.9800,64.0600,361034.225
1781189100000,64.0600,64.2200,63.9100,63.9600,235890.832
1781190000000,63.9600,64.3600,63.7700,64.0600,531076.755
1781190900000,64.0500,64.2600,63.9400,64.0300,220383.356
1781191800000,64.0300,64.2100,63.9400,64.0900,161987.283
1781192700000,64.1000,64.2200,63.9900,64.0500,144369.691
1781193600000,64.0500,64.6200,64.0100,64.5900,228099.192
1781194500000,64.5900,64.6700,63.8500,63.8700,321394.432
1781195400000,63.8600,64.1400,63.8300,63.9100,160722.865
1781196300000,63.9100,63.9900,63.8000,63.8700,71757.719
1781197200000,63.8800,63.9400,63.6800,63.8600,185960.262
1781198100000,63.8500,64.7600,63.8100,64.7600,450501.628
1781199000000,64.7400,66.6200,64.7300,66.4900,2098563.448
1781199900000,66.4900,66.5000,65.8200,65.9300,573011.882
1781200800000,65.9300,66.1000,65.3400,65.7500,523246.691
1781201700000,65.7600,66.1300,65.7200,65.9900,495380.601
1781202600000,65.9900,66.2800,65.9100,66.2700,277779.548
1781203500000,66.2600,66.3900,66.0900,66.1500,292399.389
1781204400000,66.1500,66.8900,66.1500,66.8000,407453.398
1781205300000,66.8000,67.0300,66.7000,66.9700,291640.918
1781206200000,66.9800,67.6200,66.9800,67.4300,601776.345
1781207100000,67.4300,67.5900,67.2600,67.3000,209261.895
1781208000000,67.3000,67.4400,67.2300,67.3600,135337.186
1781208900000,67.3600,67.4700,67.2900,67.3900,91917.941
1781209800000,67.4000,67.4600,67.1700,67.1700,83676.336
1781210700000,67.1800,67.4300,67.1100,67.4200,98969.472
1781211600000,67.4300,67.4300,67.2900,67.3500,23349.335
1781212500000,67.3600,67.4100,67.3500,67.3700,12465.646
1781213400000,67.3700,67.4000,67.3500,67.3700,26979.926
1781214300000,67.3700,67.4100,67.3500,67.4100,37253.179
1781215200000,67.4000,67.5100,67.2600,67.4100,244613.775
1781216100000,67.4100,67.5200,67.3400,67.5100,62955.448
1781217000000,67.5100,67.8100,67.4000,67.7600,122328.295
1781217900000,67.7600,68.0100,67.6300,67.8900,154941.520
1781218800000,67.8900,67.9300,67.5200,67.6000,111762.767
1781219700000,67.5900,67.8200,67.4300,67.5200,145143.243
1781220600000,67.5100,67.6200,67.3900,67.5400,77218.975
1781221500000,67.5400,67.6200,67.3900,67.5500,84741.969
1781222400000,67.5400,67.6600,67.3400,67.4500,161244.913
1781223300000,67.4600,67.8000,67.2300,67.6500,128268.194
1781224200000,67.6500,67.8200,67.3400,67.3500,126987.120
1781225100000,67.3600,67.4700,67.1800,67.4000,184490.476
1781226000000,67.4000,67.5100,66.7600,66.8400,627377.385
1781226900000,66.8400,67.0500,66.5800,66.6500,286265.172
1781227800000,66.6500,67.0100,66.5000,66.8000,253764.414
1781228700000,66.8000,67.0600,66.8000,66.9300,139721.061
1781229600000,66.9200,67.1900,66.8600,67.0900,305415.098
1781230500000,67.0900,67.1300,66.9600,66.9800,91955.586
1781231400000,66.9900,67.1800,66.7800,67.0800,196464.656
1781232300000,67.0800,67.2500,66.9700,67.1600,97266.860
1781233200000,67.1700,67.3300,67.0900,67.2400,97152.583
1781234100000,67.2300,67.5900,67.2000,67.3800,188848.600
1781235000000,67.3700,67.3900,67.2400,67.3100,49204.367
1781235900000,67.3100,67.3200,67.1900,67.2100,41000.580
1781236800000,67.2200,67.2600,67.0600,67.1100,74806.558
1781237700000,67.1100,67.1300,67.0000,67.0600,36946.217
1781238600000,67.0600,67.1300,67.0300,67.0700,31646.945
1781239500000,67.0700,67.0900,66.9600,66.9800,29557.748
1781240400000,66.9800,67.0500,66.7500,66.9100,148702.420
1781241300000,66.9100,66.9800,66.8200,66.9300,55967.962
1781242200000,66.9300,67.0200,66.6100,66.8500,229337.372
1781243100000,66.8500,66.8500,66.5400,66.6100,155827.397
1781244000000,66.6100,66.9400,66.6100,66.8700,179133.483
1781244900000,66.8700,66.8700,66.7700,66.7700,71344.590
1781245800000,66.7600,66.7700,66.4100,66.5100,110362.966
1781246700000,66.5100,66.7000,66.4500,66.6800,113095.482
1781247600000,66.6900,66.7100,66.2600,66.2800,196554.837
1781248500000,66.2800,66.3100,65.9900,66.0200,166546.943
1781249400000,66.0100,66.2300,65.9200,66.1900,158340.683
1781250300000,66.1800,66.4200,65.9400,66.4200,286791.112
1781251200000,66.4300,66.7800,66.3400,66.7500,268790.771
1781252100000,66.7600,67.2100,66.6000,67.1800,583526.840
1781253000000,67.1900,67.3800,66.9000,67.0300,194155.957
1781253900000,67.0300,67.0600,66.8900,66.9400,108216.557
1781254800000,66.9500,67.1900,66.9300,67.1600,97340.105
1781255700000,67.1600,67.4600,67.0900,67.3900,315486.682
1781256600000,67.3900,67.5500,67.3200,67.4900,130252.756
1781257500000,67.4800,67.5900,67.2500,67.2700,84180.086
1781258400000,67.2800,67.3700,67.1800,67.2700,70086.818
1781259300000,67.2800,67.3000,66.7700,66.9000,182892.377
1781260200000,66.9100,67.2100,66.8800,67.1000,81478.401
1781261100000,67.1000,67.2400,67.0300,67.0600,64951.731
1781262000000,67.0700,67.1600,66.8900,67.0800,150928.356
1781262900000,67.0900,67.2500,66.9600,67.0100,91679.837
1781263800000,67.0100,67.2200,66.8700,67.2100,81577.866
1781264700000,67.2000,67.4500,67.1700,67.2300,80350.238
1781265600000,67.2300,67.2500,67.0100,67.1500,89019.365
1781266500000,67.1600,67.2400,66.5800,66.6000,167067.886
1781267400000,66.6000,66.8300,66.4900,66.6500,164739.023
1781268300000,66.6600,66.8800,66.5100,66.5600,133999.637
1781269200000,66.5500,66.8600,66.3800,66.7000,189626.568
1781270100000,66.7000,66.9900,66.6600,66.9600,85652.132
1781271000000,66.9600,67.0800,66.3300,66.5400,567361.796
1781271900000,66.5300,66.6200,66.2500,66.3000,351733.645
1781272800000,66.3100,66.7700,66.2800,66.6100,305886.188
1781273700000,66.6100,66.8100,66.4500,66.5700,161794.986
1781274600000,66.5800,66.8600,66.4400,66.5400,217608.221
1781275500000,66.5400,67.1800,66.2500,67.0500,567335.453
1781276400000,67.0600,67.3300,66.8900,67.3000,251141.078
1781277300000,67.3000,68.0900,67.2900,67.8100,426813.475
1781278200000,67.8100,67.8300,67.5400,67.5800,341752.053
1781279100000,67.5800,67.6900,67.4200,67.5100,193568.831
1781280000000,67.5100,67.8200,67.3700,67.7400,287159.263
1781280900000,67.7500,68.1200,67.7200,67.7900,289049.626
1781281800000,67.8000,68.0500,67.6700,67.8200,157329.693
1781282700000,67.8200,67.9200,67.7400,67.7800,109675.338
1781283600000,67.7800,68.0700,67.7000,67.8300,186423.680
1781284500000,67.8400,67.9900,67.6800,67.9000,148953.724
1781285400000,67.9000,68.1800,67.7900,68.1100,82446.615
1781286300000,68.1200,68.2200,68.0100,68.0700,169824.366
1781287200000,68.0800,68.2700,68.0200,68.2000,87118.776
1781288100000,68.1900,68.3300,68.1400,68.3100,71407.085
1781289000000,68.3200,68.4100,68.2200,68.3700,85064.595
1781289900000,68.3800,68.3800,67.9300,67.9400,123492.172
1781290800000,67.9400,68.1000,67.9300,68.0300,89246.416
1781291700000,68.0200,68.0200,67.8300,67.8500,69805.135
1781292600000,67.8600,67.8700,67.6300,67.6900,106215.509
1781293500000,67.6900,67.8300,67.6600,67.8000,51259.098
1781294400000,67.8100,68.0200,67.8000,67.9800,60108.287
1781295300000,67.9900,68.1000,67.9800,68.0100,41165.162
1781296200000,68.0100,68.0400,67.9900,68.0400,16643.273
1781297100000,68.0400,68.1100,67.9800,68.0900,54196.316
1781298000000,68.1000,68.1200,67.9300,67.9800,34604.607
1781298900000,67.9700,68.0700,67.9400,68.0300,13837.888
1781299800000,68.0300,68.0800,67.9700,68.0100,14068.323
1781300700000,68.0100,68.0200,67.9900,68.0100,1442.630
1781301600000,68.0100,68.0600,67.9500,67.9900,13291.838
1781302500000,67.9800,68.0000,67.9700,67.9900,4102.082
1781303400000,67.9900,68.0400,67.9500,68.0400,12943.122
1781304300000,68.0400,68.0800,67.9800,68.0000,9612.558
1781305200000,67.9900,68.0100,67.9700,68.0000,5952.899
1781306100000,68.0000,68.0100,67.9900,68.0000,936.216
1781307000000,67.9900,68.0300,67.9900,68.0300,2322.688
1781307900000,68.0300,68.0500,68.0100,68.0300,11292.207
1781308800000,68.0300,68.0500,68.0200,68.0400,8087.300
1781309700000,68.0300,68.0400,68.0000,68.0100,3147.646
1781310600000,68.0000,68.1000,68.0000,68.0900,18761.468
1781311500000,68.0900,68.1600,68.0800,68.1100,9367.596
1781312400000,68.1100,68.1500,68.1000,68.1300,5773.392
1781313300000,68.1400,68.1500,68.1200,68.1200,3915.715
1781314200000,68.1300,68.1700,68.1100,68.1700,4477.208
1781315100000,68.1700,68.1700,68.1300,68.1400,5654.798
1781316000000,68.1500,68.1600,68.1300,68.1400,2722.589
1781316900000,68.1500,68.1700,68.1300,68.1500,5773.708
1781317800000,68.1500,68.1600,68.1400,68.1500,942.444
1781318700000,68.1500,68.1500,68.0900,68.1500,6638.936
1781319600000,68.1500,68.1500,68.1200,68.1300,1252.848
1781320500000,68.1300,68.1300,68.1000,68.1100,3934.746
1781321400000,68.1000,68.1100,68.0600,68.0600,5986.423
1781322300000,68.0600,68.0700,68.0000,68.0400,7588.480
1781323200000,68.0500,68.0600,68.0300,68.0400,3941.954
1781324100000,68.0300,68.0400,68.0200,68.0400,3877.809
1781325000000,68.0300,68.0400,68.0100,68.0400,5246.612
1781325900000,68.0400,68.0600,68.0300,68.0500,2022.418
1781326800000,68.0400,68.0500,68.0200,68.0200,1879.255
1781327700000,68.0300,68.0300,68.0100,68.0300,2396.008
1781328600000,68.0200,68.0600,68.0200,68.0600,4601.313
1781329500000,68.0600,68.1100,68.0500,68.1100,1913.779
1781330400000,68.1100,68.1100,68.0000,68.0100,5102.406
1781331300000,68.0100,68.0600,68.0000,68.0600,3388.984
1781332200000,68.0700,68.0700,68.0600,68.0600,2207.721
1781333100000,68.0700,68.1500,68.0600,68.1300,11780.253
1781334000000,68.1400,68.1400,68.1200,68.1300,4856.002
1781334900000,68.1300,68.1400,68.1300,68.1400,1772.295
1781335800000,68.1300,68.1300,68.1100,68.1300,2501.553
1781336700000,68.1300,68.1300,68.1200,68.1300,2176.883
1781337600000,68.1300,68.1500,68.1200,68.1400,4994.844
1781338500000,68.1500,68.1600,68.1400,68.1600,2637.349
1781339400000,68.1500,68.1700,68.1500,68.1600,8996.561
1781340300000,68.1600,68.1600,68.1200,68.1200,4342.919
1781341200000,68.1200,68.1300,68.1100,68.1100,2025.444
1781342100000,68.1100,68.1200,68.1100,68.1100,696.586
1781343000000,68.1100,68.1200,68.0900,68.1000,1849.285
1781343900000,68.1000,68.1000,68.0600,68.0700,4091.182
1781344800000,68.0800,68.1000,68.0700,68.1000,1249.945
1781345700000,68.0900,68.1300,68.0900,68.1300,3108.683
1781346600000,68.1300,68.1300,68.1200,68.1200,1317.802
1781347500000,68.1200,68.1400,68.1200,68.1200,3783.647
1781348400000,68.1200,68.1500,68.1200,68.1500,2892.065
1781349300000,68.1500,68.1500,68.1300,68.1400,4074.980
1781350200000,68.1400,68.1500,68.1300,68.1400,7971.153
1781351100000,68.1300,68.1400,68.0900,68.1000,6020.083
1781352000000,68.0900,68.1400,68.0900,68.1300,1458.006
1781352900000,68.1300,68.1400,68.1300,68.1300,416.587
1781353800000,68.1400,68.1500,68.1300,68.1400,7424.020
1781354700000,68.1400,68.2100,68.1300,68.1300,18502.883
1781355600000,68.1300,68.1800,68.1300,68.1700,5358.581
1781356500000,68.1600,68.1700,68.1400,68.1600,4581.731
1781357400000,68.1700,68.1700,68.1200,68.1300,3339.482
1781358300000,68.1200,68.1500,68.0800,68.1200,12763.307
1781359200000,68.1200,68.1600,68.1200,68.1500,4190.999
1781360100000,68.1500,68.1700,68.1400,68.1500,2488.614
1781361000000,68.1400,68.1700,68.1400,68.1600,1681.104
1781361900000,68.1600,68.1700,68.1400,68.1400,3800.632
1781362800000,68.1500,68.1500,68.1400,68.1400,1180.034
1781363700000,68.1400,68.1500,68.1400,68.1400,1147.036
1781364600000,68.1400,68.1700,68.1300,68.1600,6785.860
1781365500000,68.1500,68.1800,68.1400,68.1700,3131.402
1781366400000,68.1700,68.1900,68.1200,68.1200,12806.150
1781367300000,68.1200,68.1300,68.1200,68.1200,1949.135
1781368200000,68.1300,68.1400,68.1200,68.1300,3323.267
1781369100000,68.1300,68.1700,67.8100,68.0700,146873.911
1781370000000,68.0800,68.0800,68.0500,68.0600,5324.119
1781370900000,68.0500,68.1100,68.0500,68.1100,3900.452
1781371800000,68.1000,68.1300,68.0300,68.0900,13699.583
1781372700000,68.0900,68.0900,68.0300,68.0800,7079.997
1781373600000,68.0800,68.1500,68.0700,68.1100,8283.921
1781374500000,68.1200,68.1300,68.1000,68.1200,5373.224
1781375400000,68.1200,68.1400,68.1100,68.1200,5279.743
1781376300000,68.1200,68.1400,68.0900,68.1300,2580.661
1781377200000,68.1400,68.1500,68.1300,68.1500,1933.118
1781378100000,68.1400,68.1500,68.1400,68.1500,537.266
1781379000000,68.1400,68.1800,68.1400,68.1600,10710.621
1781379900000,68.1500,68.2000,68.1500,68.1600,11487.924
1781380800000,68.1600,68.1600,68.1400,68.1500,858.656
1781381700000,68.1400,68.1500,68.0600,68.0600,3319.598
1781382600000,68.0700,68.1000,68.0500,68.0900,3022.761
1781383500000,68.0900,68.1000,68.0900,68.0900,791.355
1781384400000,68.1000,68.1300,68.0200,68.0300,9066.901
1781385300000,68.0400,68.0600,68.0400,68.0500,838.111
1781386200000,68.0500,68.1700,68.0200,68.1500,6619.620
1781387100000,68.1500,68.1600,68.1100,68.1400,4113.197
1781388000000,68.1500,68.1500,68.0700,68.0900,7275.912
1781388900000,68.0900,68.0900,68.0600,68.0800,1660.212
1781389800000,68.0900,68.1000,68.0800,68.0900,767.922
1781390700000,68.1000,68.1000,68.0900,68.0900,588.058
1781391600000,68.1000,68.1000,68.0800,68.0900,1485.848
1781392500000,68.0900,68.1300,68.0800,68.1200,4745.948
1781393400000,68.1200,68.1400,68.1200,68.1400,376.442
1781394300000,68.1400,68.1400,68.1100,68.1200,2103.010
1781395200000,68.1200,68.1300,68.1000,68.1000,3505.428
1781396100000,68.1000,68.1300,68.1000,68.1200,1360.399
1781397000000,68.1200,68.1500,68.1200,68.1500,2541.263
1781397900000,68.1500,68.1600,68.1300,68.1300,1493.469
1781398800000,68.1300,68.1400,68.1300,68.1400,95.853
1781399700000,68.1400,68.1500,68.1300,68.1500,1036.078
1781400600000,68.1500,68.1600,68.1300,68.1300,2078.446
1781401500000,68.1400,68.1400,68.1200,68.1200,886.346
1781402400000,68.1200,68.1300,68.0900,68.1200,2495.187
1781403300000,68.1300,68.1400,68.1200,68.1300,1218.673
1781404200000,68.1200,68.1300,68.1200,68.1200,764.301
1781405100000,68.1200,68.1400,68.1200,68.1200,1783.108
1781406000000,68.1200,68.1300,68.1200,68.1200,113.716
1781406900000,68.1300,68.1400,68.1100,68.1400,3151.597
1781407800000,68.1400,68.1500,68.1300,68.1300,981.600
1781408700000,68.1400,68.1400,68.1300,68.1300,1337.938
1781409600000,68.1300,68.1500,68.1300,68.1400,2352.060
1781410500000,68.1500,68.1500,68.1400,68.1400,203.675
1781411400000,68.1500,68.1500,68.1200,68.1300,1415.406
1781412300000,68.1200,68.1300,68.1200,68.1200,893.440
1781413200000,68.1200,68.1300,68.1200,68.1300,1462.575
1781414100000,68.1300,68.1300,68.1000,68.1200,2940.836
1781415000000,68.1200,68.1600,68.1200,68.1500,1865.750
1781415900000,68.1500,68.1600,68.1500,68.1500,1579.740
1781416800000,68.1500,68.1600,68.1500,68.1600,1332.525
1781417700000,68.1600,68.1700,68.1500,68.1600,861.805
1781418600000,68.1700,68.1700,68.1500,68.1500,1207.573
1781419500000,68.1600,68.1700,68.1500,68.1600,4410.165
1781420400000,68.1700,68.1700,68.1200,68.1200,5151.746
1781421300000,68.1300,68.1400,68.1200,68.1300,1064.249
1781422200000,68.1400,68.1700,68.1300,68.1600,1938.608
1781423100000,68.1600,68.2000,68.1600,68.1900,2482.390
1781424000000,68.2000,68.2000,68.1700,68.1900,4034.225
1781424900000,68.1800,68.2000,68.1700,68.2000,4724.935
1781425800000,68.2000,68.2200,68.1900,68.2000,10698.986
1781426700000,68.2100,68.2200,68.2000,68.2000,2670.342
1781427600000,68.2000,68.2100,68.2000,68.2100,1468.800
1781428500000,68.2100,68.2200,68.2000,68.2000,6033.861
1781429400000,68.2100,68.2200,68.2000,68.2200,14157.307
1781430300000,68.2200,68.2200,68.2100,68.2100,925.381
1781431200000,68.2100,68.2200,68.2000,68.2100,8770.678
1781432100000,68.2000,68.2100,68.2000,68.2000,1044.558
1781433000000,68.2100,68.2100,68.1600,68.1600,13477.429
1781433900000,68.1700,68.1700,68.0400,68.0700,9122.451
1781434800000,68.0700,68.0800,68.0600,68.0700,3148.777
1781435700000,68.0600,68.0800,68.0400,68.0800,6518.031
1781436600000,68.0800,68.1100,68.0700,68.1000,3910.279
1781437500000,68.1000,68.1700,68.1000,68.1600,5407.784
1781438400000,68.1600,68.1700,68.1400,68.1600,4366.657
1781439300000,68.1500,68.1600,68.1400,68.1500,2172.996
1781440200000,68.1600,68.1600,68.0800,68.0800,11636.401
1781441100000,68.0800,68.1000,68.0400,68.0500,11233.931
1781442000000,68.0500,68.1300,68.0500,68.1000,6216.876
1781442900000,68.1000,68.1000,68.0500,68.0500,6292.025
1781443800000,68.0600,68.0600,68.0500,68.0500,4539.569
1781444700000,68.0500,68.0600,68.0500,68.0500,2290.710
1781445600000,68.0500,68.0600,68.0400,68.0400,5395.497
1781446500000,68.0500,68.0500,67.9100,67.9600,27597.031
1781447400000,67.9600,67.9800,67.9500,67.9800,17988.085
1781448300000,67.9800,68.0700,67.9700,68.0700,4866.105
1781449200000,68.0800,68.0900,68.0200,68.0300,4343.285
1781450100000,68.0200,68.0400,67.9800,68.0000,5792.898
1781451000000,68.0000,68.0000,67.9300,67.9600,8513.666
1781451900000,67.9500,67.9600,67.9000,67.9200,21401.410
1781452800000,67.9200,67.9900,67.9200,67.9800,7413.964
1781453700000,67.9800,68.0000,67.9500,68.0000,2586.965
1781454600000,68.0000,68.0600,68.0000,68.0400,4212.526
1781455500000,68.0500,68.0600,68.0300,68.0300,4126.448
1781456400000,68.0300,68.0700,68.0300,68.0500,6843.157
1781457300000,68.0500,68.0700,68.0300,68.0600,9171.181
1781458200000,68.0500,68.0800,68.0400,68.0700,2467.234
1781459100000,68.0700,68.0700,68.0500,68.0500,1489.222
1781460000000,68.0500,68.0600,68.0300,68.0600,5526.761
1781460900000,68.0600,68.0900,68.0200,68.0400,6137.451
1781461800000,68.0400,68.0500,68.0200,68.0500,1633.106
1781462700000,68.0400,68.0700,68.0400,68.0700,4732.866
1781463600000,68.0700,68.1300,68.0600,68.1000,11075.540
1781464500000,68.0900,68.1000,68.0800,68.0900,1792.397
1781465400000,68.0900,68.1000,68.0300,68.0800,21646.181
1781466300000,68.0800,68.1000,68.0800,68.0900,3217.150
1781467200000,68.0900,68.1000,68.0400,68.0400,6011.771
1781468100000,68.0400,68.1800,67.9100,68.1500,234950.540
1781469000000,68.1500,68.2200,68.1200,68.1600,61922.196
1781469900000,68.1700,68.1900,68.1600,68.1800,5275.673
1781470800000,68.1800,68.1900,68.1600,68.1900,5250.662
1781471700000,68.1900,68.5100,68.1900,68.5100,199070.892
1781472600000,68.5100,68.8000,68.4200,68.7600,182433.474
1781473500000,68.7600,69.3600,68.7000,69.2900,260576.203
1781474400000,69.2900,69.9500,68.6000,69.8200,733151.273
1781475300000,69.8200,70.2900,69.7200,69.8700,426575.840
1781476200000,69.8600,70.1000,69.6800,69.9200,267286.118
1781477100000,69.9300,70.2000,69.8900,70.0300,125593.455
1781478000000,70.0200,70.1200,69.8400,69.8700,160988.053
1781478900000,69.8600,69.9500,69.7600,69.8300,110048.309
1781479800000,69.8400,69.9900,69.8200,69.9500,146950.902
1781480700000,69.9400,70.3500,69.9000,70.3100,129708.238
1781481600000,70.3000,70.5300,70.1400,70.4500,167558.239
1781482500000,70.4500,70.6100,70.4000,70.4200,135399.897
1781483400000,70.4200,70.5800,70.3300,70.3600,128797.042
1781484300000,70.3600,70.3900,69.9500,70.0800,147218.255
1781485200000,70.0800,70.4700,69.9100,70.1800,462817.914
1781486100000,70.1700,70.3800,69.9800,70.2300,180522.125
1781487000000,70.2300,70.5400,70.1300,70.4400,117842.578
1781487900000,70.4400,70.4500,70.2100,70.3000,85606.387
1781488800000,70.2900,70.5800,70.2600,70.5400,122606.751
1781489700000,70.5400,70.6500,70.4900,70.6200,63840.738
1781490600000,70.6200,70.8400,70.6200,70.7200,117216.419
1781491500000,70.7200,70.7900,70.5100,70.6400,125635.783
1781492400000,70.6300,70.6400,70.3900,70.4900,68173.178
1781493300000,70.4800,70.5700,70.2900,70.3800,90833.418
1781494200000,70.3800,70.5000,70.3600,70.4400,45830.616
1781495100000,70.4300,70.4900,70.3800,70.4100,30708.996
1781496000000,70.4100,70.4900,70.3000,70.4800,28070.982
1781496900000,70.4800,70.5300,70.3400,70.5100,32359.120
1781497800000,70.5100,70.5500,70.4400,70.4800,33670.471
1781498700000,70.4800,70.5400,70.4500,70.5200,19124.795
1781499600000,70.5300,70.5700,70.4200,70.5200,42461.717
1781500500000,70.5300,70.5600,70.4200,70.4900,44823.889
1781501400000,70.4800,70.6300,70.0800,70.0800,155595.598
1781502300000,70.0900,70.1700,69.9100,70.0300,180723.981
1781503200000,70.0200,70.1300,69.9500,70.1300,109764.229
1781504100000,70.1300,70.2900,70.0900,70.1400,91232.367
1781505000000,70.1400,70.2200,70.0700,70.2000,67558.103
1781505900000,70.2000,70.2400,70.1300,70.1700,48917.797
1781506800000,70.1700,70.2000,70.0300,70.1700,83049.473
1781507700000,70.1700,70.4200,70.1300,70.3100,49602.136
1781508600000,70.3200,70.4100,70.1800,70.3900,52080.991
1781509500000,70.3900,70.4500,70.2100,70.3100,81520.741
1781510400000,70.3000,70.4600,70.2600,70.4000,55742.842
1781511300000,70.4000,70.5100,70.3800,70.4200,79310.340
1781512200000,70.4200,70.7600,70.4100,70.6100,118836.800
1781513100000,70.6100,70.7100,70.5300,70.5500,97423.954
1781514000000,70.5500,70.7700,70.5500,70.7300,67540.923
1781514900000,70.7300,70.8300,70.6700,70.7300,71400.080
1781515800000,70.7300,70.7900,70.6600,70.6700,45065.270
1781516700000,70.6800,70.8500,70.6700,70.7500,47034.741
1781517600000,70.7400,70.7500,70.6800,70.7200,37273.175
1781518500000,70.7200,70.8000,70.6800,70.7900,14199.912
1781519400000,70.7900,70.8700,70.7500,70.8400,40329.318
1781520300000,70.8400,70.9000,70.7100,70.7500,47310.789
1781521200000,70.7500,70.8100,70.6600,70.7500,54182.280
1781522100000,70.7500,70.8200,70.6900,70.8000,89027.669
1781523000000,70.8000,71.0900,70.8000,70.8400,208694.895
1781523900000,70.8300,70.9200,70.6700,70.8200,145332.286
1781524800000,70.8200,71.0200,70.7900,70.8600,90758.945
1781525700000,70.8600,70.8900,70.6800,70.8700,150688.849
1781526600000,70.8600,71.2600,70.7900,71.0600,180613.800
1781527500000,71.0500,71.2700,70.9900,71.2400,92840.792
1781528400000,71.2300,71.2300,70.8100,71.0700,165135.305
1781529300000,71.0600,71.3200,71.0600,71.1700,139616.617
1781530200000,71.1700,71.3900,70.9500,71.0500,244774.050
1781531100000,71.0500,71.2500,70.9300,71.0800,134454.149
1781532000000,71.0700,71.3100,70.8400,70.8900,188480.132
1781532900000,70.8900,71.1800,70.8700,71.1500,109157.366
1781533800000,71.1500,71.1800,70.8000,70.8200,107465.863
1781534700000,70.8100,70.9800,70.7100,70.7500,110986.872
1781535600000,70.7400,70.8200,70.4100,70.5300,137585.403
1781536500000,70.5200,70.7800,70.4900,70.6800,86080.034
1781537400000,70.6700,70.8900,70.5700,70.8000,127684.814
1781538300000,70.8000,70.8800,70.7000,70.7100,88975.593
1781539200000,70.7100,70.7700,70.5100,70.5800,88861.662
1781540100000,70.5700,70.6300,70.2400,70.3900,219877.147
1781541000000,70.3800,70.4400,70.2200,70.3100,83282.365
1781541900000,70.3100,70.4200,70.2900,70.3700,48020.938
1781542800000,70.3600,70.3600,70.1200,70.2200,98415.570
1781543700000,70.2100,70.2700,70.0600,70.1900,70005.016
1781544600000,70.1900,70.2200,70.0300,70.0600,142225.738
1781545500000,70.0700,70.1900,70.0200,70.1800,45228.893
1781546400000,70.1800,70.2100,69.9800,70.2100,86974.969
1781547300000,70.2100,70.3300,70.1500,70.2000,59662.231
1781548200000,70.2100,70.2400,70.1200,70.1800,30154.923
1781549100000,70.1900,70.2800,70.1600,70.2600,19626.838
1781550000000,70.2600,70.2700,70.0500,70.1300,30561.239
1781550900000,70.1300,70.2200,70.1100,70.1200,33300.103
1781551800000,70.1300,70.2000,70.1000,70.1300,28669.492
1781552700000,70.1400,70.2700,70.0900,70.2300,32954.765
1781553600000,70.2400,70.2800,70.1000,70.1200,19004.062
1781554500000,70.1100,70.1500,69.9800,70.0100,23965.574
1781555400000,70.0200,70.0800,69.9500,70.0200,22650.009
1781556300000,70.0200,70.0600,69.9800,70.0600,29430.504
1781557200000,70.0500,70.1000,70.0500,70.0900,18608.914
1781558100000,70.0900,70.0900,70.0500,70.0800,6377.510
1781559000000,70.0900,70.0900,70.0500,70.0800,10582.141
1781559900000,70.0700,70.0800,69.9800,69.9900,13445.915
1781560800000,69.9900,70.1200,69.9800,70.0000,47410.610
1781561700000,70.0100,70.0300,69.8400,69.9100,96203.306
1781562600000,69.9100,70.0000,69.8900,69.9300,45100.292
1781563500000,69.9300,70.0500,69.8800,69.9700,76178.846
1781564400000,69.9700,70.0400,69.9500,69.9600,46607.600
1781565300000,69.9600,70.0400,69.8600,70.0100,51434.064
1781566200000,70.0100,70.0800,69.9000,70.0300,46278.138
1781567100000,70.0200,70.0700,69.9000,69.9900,44838.576
1781568000000,69.9800,70.0100,69.8700,69.8900,62419.792
1781568900000,69.9000,69.9500,69.6700,69.7500,130153.296
1781569800000,69.7600,69.9300,69.7600,69.8200,64532.302
1781570700000,69.8200,70.0300,69.8000,69.9300,81971.167
1781571600000,69.9200,70.0400,69.3800,69.6700,358409.292
1781572500000,69.6700,69.8400,69.5900,69.6300,166169.869
1781573400000,69.6300,69.6600,69.3700,69.4700,205170.720
1781574300000,69.4700,69.6200,69.3200,69.3800,81556.075
1781575200000,69.3900,69.4300,69.0900,69.2200,191946.968
1781576100000,69.2200,69.3400,69.2000,69.3200,47779.989
1781577000000,69.3300,69.5200,69.3000,69.4100,75299.739
1781577900000,69.4200,69.6200,69.3800,69.5500,53845.296
1781578800000,69.5500,69.7000,69.5400,69.5800,41531.456
1781579700000,69.5800,69.7200,69.4800,69.6800,44271.513
1781580600000,69.6900,69.9300,69.6800,69.9300,57982.419
1781581500000,69.9200,69.9300,69.8300,69.8700,21975.992
1781582400000,69.8800,69.9100,69.7300,69.8400,59886.798
1781583300000,69.8400,69.8600,69.7200,69.7400,35449.789
1781584200000,69.7500,69.8300,69.7100,69.8000,27453.473
1781585100000,69.8000,69.8100,69.7000,69.7700,31306.084
1781586000000,69.7700,69.9700,69.7500,69.9200,60006.964
1781586900000,69.9300,69.9500,69.7900,69.8500,35437.658
1781587800000,69.8500,70.0200,69.3200,69.4100,199486.011
1781588700000,69.4200,69.5200,69.2900,69.3600,88434.139
1781589600000,69.3700,69.5800,69.3300,69.5500,61517.136
1781590500000,69.5500,69.6300,69.5000,69.5700,69924.893
1781591400000,69.5600,69.6300,69.4100,69.5200,63281.957
1781592300000,69.5200,69.7900,69.5100,69.7700,89104.233
1781593200000,69.7700,70.0100,69.7500,69.9300,98843.283
1781594100000,69.9200,69.9900,69.8400,69.8800,64934.800
1781595000000,69.8800,70.1000,69.8100,69.8700,96050.305
1781595900000,69.8800,70.1900,69.8400,70.1700,85709.693
1781596800000,70.1800,70.3900,70.0500,70.2800,104646.875
1781597700000,70.2800,70.4600,70.2800,70.4100,233141.260
1781598600000,70.4200,70.4700,70.3100,70.4400,117224.955
1781599500000,70.4400,70.6300,70.3900,70.6000,127408.780
1781600400000,70.6100,70.7100,70.5500,70.6500,61446.975
1781601300000,70.6600,70.6600,70.4800,70.5100,78039.276
1781602200000,70.5100,70.6500,70.5000,70.5000,56049.751
1781603100000,70.5100,70.6100,70.4700,70.4800,30883.254
1781604000000,70.4800,70.5400,70.4400,70.5100,37795.676
1781604900000,70.5100,70.6500,70.4600,70.4700,44328.424
1781605800000,70.4700,70.5600,70.4400,70.5100,32864.526
1781606700000,70.5100,70.6100,70.4900,70.6000,20732.451
1781607600000,70.5900,70.6300,70.3800,70.4700,82882.872
1781608500000,70.4700,70.5100,70.3500,70.4200,39922.198
1781609400000,70.4100,70.4400,70.3000,70.4400,47076.877
1781610300000,70.4300,70.6000,70.4000,70.5900,60517.900
1781611200000,70.5900,70.7600,70.5400,70.7000,67723.762
1781612100000,70.6900,70.7600,70.4100,70.6300,125824.560
1781613000000,70.6300,70.9800,70.5900,70.9500,177945.697
1781613900000,70.9400,71.2200,70.9000,71.2000,168619.489
1781614800000,71.1900,71.2400,70.5200,70.6200,340333.996
1781615700000,70.6200,70.6600,70.3700,70.4800,149695.793
1781616600000,70.4700,70.6200,70.4600,70.5500,150270.325
1781617500000,70.5500,70.5800,70.1700,70.2100,197575.312
1781618400000,70.2200,70.4600,70.2200,70.3200,132045.344
1781619300000,70.3100,70.3100,69.5600,69.6500,483137.399
1781620200000,69.6400,70.0200,69.4500,69.9000,268780.726
1781621100000,69.9000,69.9200,69.7200,69.8100,230354.616
1781622000000,69.8000,69.8700,69.6900,69.8200,132812.207
1781622900000,69.8200,69.9700,69.7900,69.9100,194301.240
1781623800000,69.9000,70.0700,69.8500,69.9500,163143.888
1781624700000,69.9400,70.3500,69.6700,70.1100,222550.693
1781625600000,70.1100,70.3600,70.1100,70.3400,127190.183
1781626500000,70.3400,70.3800,70.2300,70.3600,45418.183
1781627400000,70.3600,70.3700,70.1500,70.2800,67436.653
1781628300000,70.2800,70.3400,70.1200,70.1400,40323.520
1781629200000,70.1400,70.1900,70.0200,70.0300,76554.685
1781630100000,70.0400,70.0800,69.7900,70.0600,126967.627
1781631000000,70.0600,70.2400,70.0500,70.2100,74279.619
1781631900000,70.2000,70.3000,70.0800,70.2900,56544.531
1781632800000,70.2800,70.4700,70.2600,70.4400,64065.150
1781633700000,70.4400,70.4900,70.3200,70.4300,64606.110
1781634600000,70.4200,70.4700,70.2800,70.2800,31580.022
1781635500000,70.2900,70.3600,70.2200,70.3400,30635.497
1781636400000,70.3400,70.4400,70.2800,70.2900,27372.957
1781637300000,70.2900,70.3800,70.1900,70.3500,60403.917
1781638200000,70.3400,70.3500,70.2100,70.2700,42547.302
1781639100000,70.2600,70.2900,70.0600,70.1400,49203.913
1781640000000,70.1400,70.1400,70.0200,70.0500,18138.244
1781640900000,70.0500,70.1100,70.0300,70.0700,18388.179
1781641800000,70.0700,70.1400,70.0300,70.0900,11591.268
1781642700000,70.0900,70.1100,70.0100,70.0800,22381.807
1781643600000,70.0800,70.1200,70.0800,70.1100,9680.988
1781644500000,70.1200,70.1200,70.0900,70.0900,6519.992
1781645400000,70.0900,70.1100,70.0800,70.1000,5159.875
1781646300000,70.0900,70.1000,70.0500,70.0800,12185.776
1781647200000,70.0900,70.1700,69.9900,70.1100,56363.863
1781648100000,70.1100,70.1400,70.0000,70.0400,15017.194
1781649000000,70.0400,70.1700,70.0300,70.1300,28927.278
1781649900000,70.1200,70.2000,70.1200,70.1900,14566.891
1781650800000,70.1900,70.2400,70.1700,70.2100,15799.386
1781651700000,70.2100,70.2300,70.1300,70.1300,7848.891
1781652600000,70.1300,70.1500,70.0400,70.0700,9093.127
1781653500000,70.0700,70.1000,69.8400,69.9400,57966.457
1781654400000,69.9400,70.3400,69.9200,70.2100,83571.521
1781655300000,70.2100,70.3600,70.1900,70.2300,53937.396
1781656200000,70.2300,70.2700,70.1500,70.1600,31330.255
1781657100000,70.1600,70.2500,70.0000,70.2500,50082.890
1781658000000,70.2500,70.5700,70.0900,70.4300,321725.444
1781658900000,70.4400,70.4800,70.2100,70.3400,145652.843
1781659800000,70.3300,70.3700,70.1400,70.3000,90191.454
1781660700000,70.3000,70.5700,70.2300,70.5100,61347.950
1781661600000,70.5200,70.5500,70.3600,70.4900,78882.474
1781662500000,70.4900,70.5100,70.3700,70.4000,39646.691
1781663400000,70.4100,70.5600,70.2900,70.3200,71441.900
1781664300000,70.3100,70.3200,70.1400,70.2100,63981.719
1781665200000,70.2200,70.3300,70.1100,70.1200,24833.442
1781666100000,70.1200,70.2500,70.0800,70.2000,42173.976
1781667000000,70.2000,70.2800,70.1600,70.2600,28672.011
1781667900000,70.2600,70.3100,70.1700,70.2200,21757.363
1781668800000,70.2200,70.2200,70.0800,70.1000,44079.408
1781669700000,70.1000,70.1500,69.9600,70.0000,34521.870
1781670600000,70.0000,70.0800,69.9200,69.9900,110752.630
1781671500000,70.0000,70.1300,69.9800,70.1300,30819.567
1781672400000,70.1300,70.1500,69.9400,69.9700,36100.106
1781673300000,69.9700,70.1200,69.9200,70.1200,54396.836
1781674200000,70.1200,70.4100,70.1200,70.2900,147251.134
1781675100000,70.2900,70.4800,70.2500,70.3700,70767.521
1781676000000,70.3700,70.4600,70.3000,70.3500,76568.374
1781676900000,70.3500,70.3800,70.2000,70.2300,37901.344
1781677800000,70.2200,70.3300,70.2000,70.2700,65450.204
1781678700000,70.2700,70.3600,70.2500,70.3500,87936.310
1781679600000,70.3400,70.4200,70.2600,70.2800,36254.223
1781680500000,70.2800,70.3900,70.1800,70.2300,48280.369
1781681400000,70.2300,70.3100,70.1600,70.1800,37932.489
1781682300000,70.1800,70.2000,70.0100,70.0200,63994.413
1781683200000,70.0200,70.1200,69.8700,69.8900,105609.032
1781684100000,69.8800,69.9000,69.7400,69.8100,113614.276
1781685000000,69.8100,69.8500,69.6100,69.6400,206731.115
1781685900000,69.6500,69.8000,69.5100,69.7600,242956.721
1781686800000,69.7600,69.8400,69.6600,69.7900,57456.681
1781687700000,69.7900,70.0700,69.7800,70.0400,72603.228
1781688600000,70.0500,70.1400,69.9700,69.9900,64869.928
1781689500000,69.9900,70.0600,69.9100,69.9800,50612.624
1781690400000,69.9800,70.0100,69.8900,70.0100,57850.465
1781691300000,70.0000,70.0000,69.8700,69.9200,26358.022
1781692200000,69.9200,70.0000,69.8800,70.0000,41118.683
1781693100000,69.9900,70.1200,69.9800,69.9900,43376.930
1781694000000,69.9900,70.0100,69.7900,69.8700,82129.542
1781694900000,69.8700,70.0100,69.8600,69.9100,35469.984
1781695800000,69.9100,69.9100,69.7600,69.8100,47942.695
1781696700000,69.8100,69.8600,69.6600,69.7700,45615.415
1781697600000,69.7800,69.9300,69.7700,69.8900,73945.444
1781698500000,69.9000,69.9100,69.6900,69.7100,69936.310
1781699400000,69.7100,70.0000,69.6900,69.8800,154554.513
1781700300000,69.8900,70.0100,69.8800,70.0000,84088.500
1781701200000,70.0000,70.0500,69.5800,69.8900,176662.715
1781702100000,69.8800,70.3900,69.8500,70.3200,321701.413
1781703000000,70.3300,70.4400,70.1800,70.4200,204606.533
1781703900000,70.4100,70.5000,70.1700,70.1800,95104.162
1781704800000,70.1700,70.5000,70.1400,70.3800,166478.980
1781705700000,70.3800,70.8800,70.3200,70.7900,240392.917
1781706600000,70.7900,70.9200,70.5600,70.6500,195371.986
1781707500000,70.6500,70.7100,70.0000,70.3300,490635.969
1781708400000,70.3300,70.4800,70.2400,70.4500,116649.788
1781709300000,70.4500,70.7300,70.4100,70.6800,115806.495
1781710200000,70.6800,70.7500,70.5600,70.6600,72163.238
1781711100000,70.6700,70.8100,70.6600,70.7700,58798.699
1781712000000,70.7700,70.8600,70.7000,70.7700,113990.437
1781712900000,70.7700,70.8500,70.6800,70.8000,35426.453
1781713800000,70.7900,70.8100,70.5000,70.6400,42418.082
1781714700000,70.6400,70.6600,70.5600,70.6400,43377.795
1781715600000,70.6400,70.7600,70.5600,70.7100,114646.799
1781716500000,70.7000,70.8700,70.5500,70.8300,73460.789
1781717400000,70.8300,71.5800,70.8100,71.4100,405406.327
1781718300000,71.4200,71.5800,71.2900,71.3700,147329.002
1781719200000,71.3800,71.3800,68.7200,68.8200,2245456.925
1781720100000,68.8200,69.5400,68.7800,69.1800,619709.074
1781721000000,69.1800,70.1100,68.7500,69.9900,1498310.579
1781721900000,70.0000,70.3100,68.8900,69.2100,638983.698
1781722800000,69.2100,69.3900,68.3200,68.6200,950548.338
1781723700000,68.6200,68.6300,67.5900,67.6000,661175.400
1781724600000,67.6000,67.6600,66.8300,66.9900,822123.423
1781725500000,67.0000,67.4500,66.9800,67.0900,585628.644
1781726400000,67.0900,67.8400,67.0700,67.7900,276516.758
1781727300000,67.7800,68.1200,67.6600,67.7900,283034.741
1781728200000,67.8000,68.1800,67.8000,68.0400,135491.042
1781729100000,68.0500,68.0900,67.8500,67.9700,127880.215
1781730000000,67.9800,68.0400,67.9600,67.9600,33623.867
1781730900000,67.9600,67.9900,67.9600,67.9800,12130.929
1781731800000,67.9800,68.0100,67.9800,68.0000,24945.516
1781732700000,68.0100,68.0100,67.8700,67.9400,102642.784
1781733600000,67.9500,68.1600,67.8900,67.9800,135313.878
1781734500000,67.9900,68.1000,67.9700,68.0300,84932.218
1781735400000,68.0200,68.1000,67.9400,67.9800,46522.963
1781736300000,67.9800,68.1300,67.9200,68.0300,50810.370
1781737200000,68.0200,68.4400,67.9700,68.4000,57544.834
1781738100000,68.4000,68.4200,68.2000,68.3400,73045.769
1781739000000,68.3400,68.4100,68.1800,68.3500,70794.842
1781739900000,68.3500,68.4600,68.2700,68.4500,103864.235
1781740800000,68.4500,68.9700,68.4300,68.7700,211142.052
1781741700000,68.7800,68.9700,68.6900,68.9600,114265.403
1781742600000,68.9600,69.4000,68.9400,69.3700,192324.990
1781743500000,69.3700,69.3900,69.1300,69.1400,171542.572
1781744400000,69.1300,69.8500,69.0700,69.7100,451005.921
1781745300000,69.7000,69.7300,69.4400,69.5400,144997.475
1781746200000,69.5500,69.5700,69.3400,69.4400,154294.563
1781747100000,69.4400,69.5700,69.3300,69.3900,84760.963
1781748000000,69.3900,69.7000,69.3500,69.6300,153725.494
1781748900000,69.6200,69.7100,69.5000,69.7000,76092.351
1781749800000,69.7000,69.7400,69.2000,69.2600,132838.873
1781750700000,69.2500,69.3400,68.9100,68.9300,131601.524
1781751600000,68.9200,69.0200,68.8000,68.9000,116069.018
1781752500000,68.8900,69.0500,68.8400,68.9800,79669.313
1781753400000,68.9800,69.2500,68.9700,69.2000,61941.389
1781754300000,69.1900,69.3000,69.1600,69.2900,39960.080
1781755200000,69.2800,69.3600,69.1200,69.2300,50553.744
1781756100000,69.2300,69.2600,69.0500,69.1500,44214.731
1781757000000,69.1500,69.2500,68.8700,68.9100,78363.462
1781757900000,68.9100,69.0900,68.8400,69.0400,52791.922
1781758800000,69.0400,69.1300,68.9500,69.0500,45773.664
1781759700000,69.0500,69.2400,69.0500,69.2400,46601.824
1781760600000,69.2400,69.3100,68.8500,68.9000,103130.767
1781761500000,68.9000,68.9200,68.5200,68.8700,222471.228
1781762400000,68.8700,69.0200,68.5900,68.7700,131611.697
1781763300000,68.7700,68.8700,68.7000,68.8500,87978.802
1781764200000,68.8400,68.9000,68.6800,68.7500,65945.701
1781765100000,68.7400,68.9300,68.7400,68.9300,68633.533
1781766000000,68.9300,69.0300,68.7600,68.9500,61793.208
1781766900000,68.9500,69.0600,68.9400,68.9600,100217.856
1781767800000,68.9700,68.9700,68.7000,68.7600,144017.559
1781768700000,68.7700,68.7800,68.5200,68.5300,81813.576
1781769600000,68.5400,68.6400,68.3800,68.4300,168666.061
1781770500000,68.4300,68.4700,68.2800,68.3000,88637.871
1781771400000,68.3100,68.5500,68.2700,68.4400,129072.569
1781772300000,68.4400,68.4500,68.1100,68.1200,118102.958
1781773200000,68.1300,68.3200,68.0300,68.2700,143048.621
1781774100000,68.2700,68.4200,68.2400,68.2600,86732.298
1781775000000,68.2500,68.4700,68.2300,68.4700,74109.648
1781775900000,68.4600,68.5600,68.4300,68.5000,111193.685
1781776800000,68.5000,68.5800,68.3500,68.4400,70487.978
1781777700000,68.4400,68.4800,68.1600,68.2900,64676.983
1781778600000,68.2900,68.3700,68.1300,68.1700,81547.455
1781779500000,68.1700,68.2600,67.7800,67.8300,177207.324
1781780400000,67.8400,67.8600,67.1900,67.4400,349097.265
1781781300000,67.4400,67.5500,67.2600,67.3900,248948.184
1781782200000,67.3900,67.4100,66.6800,66.8300,602507.459
1781783100000,66.8400,66.9800,66.6300,66.8700,261464.789
1781784000000,66.8700,67.1700,66.6700,67.0300,346152.507
1781784900000,67.0400,67.4100,67.0000,67.0300,177466.779
1781785800000,67.0200,67.1200,66.4800,66.5300,464378.478
1781786700000,66.5300,66.6800,66.4000,66.5300,239360.353
1781787600000,66.5200,67.0000,66.5100,66.9900,203737.445
1781788500000,66.9900,67.2300,66.8300,67.2100,227918.748
1781789400000,67.2000,67.5900,67.2000,67.3400,381563.112
1781790300000,67.3400,67.4100,66.7900,67.0000,332396.767
1781791200000,66.9900,67.0500,66.6700,66.7700,333341.402
1781792100000,66.7600,66.9400,66.5200,66.5800,330247.795
1781793000000,66.5700,66.8200,66.2100,66.3100,275141.849
1781793900000,66.3000,66.5800,66.1100,66.5200,310531.082
1781794800000,66.5300,66.5900,66.1700,66.2000,219333.180
1781795700000,66.2000,66.3500,66.0100,66.0400,156390.224
1781796600000,66.0400,66.2900,65.9600,66.2000,283408.286
1781797500000,66.1900,66.2200,66.0200,66.1300,114734.150
1781798400000,66.1300,66.3200,66.1200,66.1200,214287.105
1781799300000,66.1200,66.2200,66.0000,66.1700,131286.494
1781800200000,66.1800,66.3200,65.9200,66.1600,193374.773
1781801100000,66.1600,66.1900,66.0000,66.1800,117689.284
1781802000000,66.1900,66.3300,66.1300,66.2900,164505.179
1781802900000,66.2900,66.4500,66.0900,66.1000,232096.281
1781803800000,66.0900,66.1100,65.8400,66.0700,251189.712
1781804700000,66.0600,66.2200,66.0500,66.1700,96181.474
1781805600000,66.1800,66.2400,66.0800,66.1200,70605.640
1781806500000,66.1200,66.2100,66.0500,66.1200,74908.788
1781807400000,66.1200,66.1200,65.8900,66.0400,45006.785
1781808300000,66.0500,66.0700,65.9000,65.9100,47236.369
1781809200000,65.9100,65.9300,65.2900,65.4600,267304.240
1781810100000,65.4500,65.4900,65.2400,65.2600,90013.548
1781811000000,65.2500,65.7200,65.1100,65.7200,162815.297
1781811900000,65.7200,65.9300,65.6500,65.8300,112859.928
1781812800000,65.8300,65.9500,65.7900,65.9300,39378.592
1781813700000,65.9300,66.0300,65.8300,65.9900,37787.339
1781814600000,65.9800,66.0000,65.8200,65.8300,29375.406
1781815500000,65.8200,65.8300,65.7200,65.7600,26146.366
1781816400000,65.7600,65.9200,65.7200,65.8700,33317.737
1781817300000,65.8600,65.9000,65.8100,65.8300,10646.646
1781818200000,65.8200,65.9100,65.8200,65.8500,13048.744
1781819100000,65.8600,65.9200,65.8500,65.8700,6231.068
1781820000000,65.8700,65.9300,65.7100,65.7600,99750.175
1781820900000,65.7600,65.7900,65.6000,65.6300,37573.350
1781821800000,65.6400,65.6900,65.5700,65.6300,30990.360
1781822700000,65.6300,65.8000,65.6100,65.7200,39341.929
1781823600000,65.7300,65.7500,65.3400,65.4000,88729.048
1781824500000,65.4000,65.6000,65.4000,65.5600,50732.727
1781825400000,65.5600,65.6700,65.5000,65.5300,37774.712
1781826300000,65.5200,65.5200,65.3200,65.3600,82794.610
1781827200000,65.3700,65.6000,65.1700,65.2500,177018.863
1781828100000,65.2500,65.2800,65.1200,65.2300,95582.846
1781829000000,65.2200,65.4200,65.2000,65.3800,53916.704
1781829900000,65.3800,65.4700,65.3300,65.4000,51894.169
1781830800000,65.4000,65.4800,65.1200,65.2200,99834.434
1781831700000,65.2100,65.3900,65.1100,65.3600,57831.242
1781832600000,65.3600,65.3600,65.1200,65.1700,72285.058
1781833500000,65.1700,65.2200,65.0200,65.0800,78719.279
1781834400000,65.0800,65.1200,64.6700,64.7800,229520.331
1781835300000,64.7800,64.7800,64.5300,64.7400,121228.925
1781836200000,64.7400,64.8500,64.6100,64.7900,55003.759
1781837100000,64.7900,64.8100,64.5000,64.6100,66816.533
1781838000000,64.6100,64.6500,64.3800,64.4700,181249.036
1781838900000,64.4800,64.5700,64.3000,64.4700,167176.096
1781839800000,64.4700,64.4900,64.2300,64.3200,126925.738
1781840700000,64.3200,64.3500,64.0200,64.1500,142973.053
1781841600000,64.1500,64.1900,63.8600,64.0000,441226.732
1781842500000,64.0100,64.2400,63.9000,64.1300,221962.762
1781843400000,64.1400,64.1600,63.7300,63.8400,213479.635
1781844300000,63.8500,63.9000,63.5000,63.5400,246972.176
1781845200000,63.5500,63.6400,63.3400,63.5100,240722.430
1781846100000,63.5100,63.5700,63.3300,63.5100,213983.138
1781847000000,63.5100,63.7200,63.5000,63.7000,168054.973
1781847900000,63.7100,64.0100,63.7100,63.9900,177643.124
1781848800000,63.9900,64.1600,63.8100,64.1100,171988.439
1781849700000,64.1200,64.1800,63.9600,64.1100,124927.363
1781850600000,64.1200,64.2200,63.9900,64.1300,144615.088
1781851500000,64.1400,64.4900,64.1200,64.4200,123852.033
1781852400000,64.4200,65.0300,64.4200,64.8900,260896.221
1781853300000,64.8900,64.9400,64.7000,64.7800,118369.568
1781854200000,64.7900,64.8200,64.7100,64.7500,205038.696
1781855100000,64.7500,65.0000,64.6300,64.8600,166471.861
1781856000000,64.8600,65.0500,64.7600,64.9900,158016.916
1781856900000,64.9900,65.3700,64.9800,65.3500,150099.969
1781857800000,65.3500,65.4100,65.2300,65.2800,164745.982
1781858700000,65.2700,65.2900,65.1400,65.2600,107369.062
1781859600000,65.2600,65.3200,64.9800,65.0000,141303.216
1781860500000,65.0000,65.2000,64.9900,65.0700,93157.499
1781861400000,65.0800,65.2400,65.0800,65.1500,58262.438
1781862300000,65.1600,65.2800,65.1100,65.1500,65237.093
1781863200000,65.1600,65.1700,64.9800,65.0400,135812.538
1781864100000,65.0400,65.1200,64.9100,65.0100,193895.617
1781865000000,65.0000,65.0400,64.8400,64.8900,217681.815
1781865900000,64.9000,65.0100,64.8100,64.8700,152948.006
1781866800000,64.8700,64.8800,64.5500,64.6300,242068.702
1781867700000,64.6300,64.6700,64.4400,64.4500,116516.194
1781868600000,64.4500,64.7500,64.4100,64.7400,153980.289
1781869500000,64.7400,64.8900,64.6300,64.8100,97511.637
1781870400000,64.8100,64.9700,64.7600,64.8800,115241.445
1781871300000,64.8800,64.9000,64.7000,64.7000,81357.943
1781872200000,64.7000,64.8400,64.5800,64.7900,154315.177
1781873100000,64.7900,65.4400,64.6400,65.4100,526214.439
1781874000000,65.4200,65.4500,65.0600,65.0700,262018.361
1781874900000,65.0700,65.1600,64.9700,65.0100,86588.630
1781875800000,65.0100,65.1100,64.8900,64.9000,71413.932
1781876700000,64.9100,64.9800,64.7300,64.7900,221049.805
1781877600000,64.7800,64.8100,64.5500,64.6000,120752.841
1781878500000,64.6000,64.7000,64.4700,64.5900,152023.251
1781879400000,64.5800,64.6400,64.2600,64.3400,267044.246
1781880300000,64.3300,64.6600,64.2600,64.6300,210769.011
1781881200000,64.6300,64.7500,64.5600,64.6600,60379.401
1781882100000,64.6500,64.7800,64.6100,64.6800,43768.435
1781883000000,64.6800,64.7600,64.5300,64.5600,75810.449
1781883900000,64.5600,64.7000,64.5500,64.6200,90730.553
1781884800000,64.6300,64.6300,64.4300,64.4500,46584.614
1781885700000,64.4500,64.5700,64.4300,64.5200,39650.321
1781886600000,64.5200,64.7400,64.5100,64.6500,65263.492
1781887500000,64.6600,65.0000,64.6600,64.8800,177176.665
1781888400000,64.8800,64.8900,64.8000,64.8400,26231.191
1781889300000,64.8300,64.8600,64.8200,64.8500,14928.457
1781890200000,64.8500,64.8700,64.8400,64.8500,8678.304
1781891100000,64.8500,64.8500,64.8200,64.8300,8144.943
1781892000000,64.8300,64.8400,64.7900,64.8300,39528.426
1781892900000,64.8300,64.8400,64.7800,64.7800,23883.570
1781893800000,64.7800,64.8300,64.7800,64.8200,11626.527
1781894700000,64.8100,64.8200,64.7900,64.8200,4615.339
1781895600000,64.8200,64.8300,64.8100,64.8200,2063.974
1781896500000,64.8200,64.8300,64.8000,64.8100,6154.109
1781897400000,64.8100,64.8100,64.8000,64.8100,2406.641
1781898300000,64.8000,64.8400,64.8000,64.8200,7206.141
1781899200000,64.8200,64.8300,64.8100,64.8100,3100.241
1781900100000,64.8100,64.8200,64.7900,64.8100,4095.566
1781901000000,64.8000,64.8000,64.7800,64.7800,1664.592
1781901900000,64.7800,64.8300,64.7800,64.8100,10156.929
1781902800000,64.8100,64.8200,64.8000,64.8100,3687.384
1781903700000,64.8100,64.8200,64.7800,64.7900,4287.051
1781904600000,64.7800,64.8000,64.7700,64.7800,11377.774
1781905500000,64.7700,64.7900,64.7700,64.7700,5391.307
1781906400000,64.7800,64.7900,64.7700,64.7800,2307.316
1781907300000,64.7900,64.7900,64.7700,64.7800,1238.815
1781908200000,64.7800,64.8400,64.7700,64.8400,4729.054
1781909100000,64.8400,64.8500,64.8100,64.8200,4961.819
1781910000000,64.8200,64.8200,64.8000,64.8100,4204.218
1781910900000,64.8200,64.8200,64.8000,64.8200,2461.388
1781911800000,64.8200,64.8200,64.8000,64.8100,2037.808
1781912700000,64.8100,64.8300,64.7900,64.7900,17031.954
1781913600000,64.8000,64.8200,64.7900,64.8200,9176.456
1781914500000,64.8200,64.8200,64.7900,64.7900,20937.812
1781915400000,64.8000,64.8200,64.7900,64.8100,8498.637
1781916300000,64.8100,64.8200,64.8000,64.8100,1485.470
1781917200000,64.8100,64.8500,64.8100,64.8200,7636.359
1781918100000,64.8200,64.8400,64.8000,64.8100,3731.078
1781919000000,64.8100,64.8400,64.8000,64.8400,2895.384
1781919900000,64.8400,64.8400,64.8300,64.8400,980.746
1781920800000,64.8400,64.9700,64.8300,64.9600,42437.191
1781921700000,64.9600,64.9600,64.8200,64.8300,22615.542
1781922600000,64.8300,64.8700,64.8300,64.8400,9054.483
1781923500000,64.8400,64.9300,64.8300,64.8900,10449.369
1781924400000,64.8900,64.9100,64.8800,64.9000,7042.170
1781925300000,64.9100,64.9100,64.9000,64.9100,1506.064
1781926200000,64.9100,64.9100,64.9000,64.9100,446.061
1781927100000,64.9100,64.9600,64.9000,64.9600,7438.854
1781928000000,64.9600,65.0500,64.9200,64.9900,42832.613
1781928900000,64.9900,65.0000,64.9400,64.9800,13348.127
1781929800000,64.9800,65.0500,64.9800,65.0300,10783.065
1781930700000,65.0400,65.0500,65.0100,65.0200,19673.935
1781931600000,65.0200,65.0500,65.0100,65.0500,9774.284
1781932500000,65.0500,65.0500,65.0000,65.0100,5734.254
1781933400000,65.0000,65.0200,65.0000,65.0200,4172.719
1781934300000,65.0200,65.0200,64.9500,64.9600,6188.122
1781935200000,64.9600,64.9600,64.9300,64.9600,6743.543
1781936100000,64.9500,65.0100,64.9200,64.9300,12015.990
1781937000000,64.9300,64.9400,64.9200,64.9200,4396.325
1781937900000,64.9300,64.9400,64.9200,64.9400,1882.852
1781938800000,64.9400,65.0100,64.8800,65.0000,22042.031
1781939700000,65.0100,65.0200,65.0000,65.0200,2383.563
1781940600000,65.0200,65.0400,64.9800,65.0000,5746.867
1781941500000,65.0000,65.0000,64.9500,64.9600,6101.448
1781942400000,64.9600,64.9900,64.9500,64.9800,2035.503
1781943300000,64.9800,64.9800,64.9700,64.9700,1648.917
1781944200000,64.9800,64.9800,64.9600,64.9700,2535.335
1781945100000,64.9600,64.9700,64.9300,64.9500,4420.715
1781946000000,64.9500,64.9600,64.9400,64.9600,1690.731
1781946900000,64.9600,64.9700,64.9500,64.9600,644.618
1781947800000,64.9700,64.9700,64.9600,64.9700,637.224
1781948700000,64.9700,64.9700,64.9500,64.9600,1808.486
1781949600000,64.9600,64.9600,64.9500,64.9600,1312.098
1781950500000,64.9600,64.9600,64.9300,64.9600,3048.965
1781951400000,64.9500,64.9600,64.9500,64.9600,897.009
1781952300000,64.9500,64.9900,64.9500,64.9600,3908.304
1781953200000,64.9600,64.9600,64.9500,64.9500,3646.392
1781954100000,64.9600,64.9800,64.9500,64.9600,3196.541
1781955000000,64.9600,64.9600,64.9400,64.9500,1105.232
1781955900000,64.9500,64.9900,64.9400,64.9900,3089.743
1781956800000,64.9800,65.0000,64.9800,65.0000,1677.987
1781957700000,65.0000,65.0000,64.9800,65.0000,2349.716
1781958600000,65.0000,65.0000,64.9800,64.9800,1084.258
1781959500000,64.9900,64.9900,64.9700,64.9900,2128.164
1781960400000,64.9900,64.9900,64.9800,64.9800,736.509
1781961300000,64.9800,64.9900,64.8700,64.9300,16754.096
1781962200000,64.9300,64.9600,64.9000,64.9300,21072.089
1781963100000,64.9200,64.9300,64.8700,64.8800,4835.249
1781964000000,64.8700,64.8800,64.8300,64.8400,14070.610
1781964900000,64.8300,64.8800,64.8000,64.8200,30659.336
1781965800000,64.8200,64.9000,64.8200,64.9000,8524.135
1781966700000,64.9100,65.1900,64.9100,65.0800,106757.695
1781967600000,65.0800,65.1300,65.0100,65.0900,29625.387
1781968500000,65.0900,65.1500,65.0700,65.1200,25430.932
1781969400000,65.1200,65.1300,65.1100,65.1200,4169.206
1781970300000,65.1200,65.1300,65.1100,65.1100,7150.061
1781971200000,65.1200,65.1300,65.1100,65.1200,6393.054
1781972100000,65.1100,65.1300,65.0700,65.1100,26457.769
1781973000000,65.1100,65.1200,65.0700,65.0700,1834.738
1781973900000,65.0800,65.0800,65.0700,65.0700,759.000
1781974800000,65.0700,65.0800,65.0300,65.0700,4361.504
1781975700000,65.0600,65.1300,65.0600,65.0700,7702.827
1781976600000,65.0700,65.0800,64.9700,65.0100,8851.146
1781977500000,65.0000,65.0100,65.0000,65.0000,401.074
1781978400000,65.0000,65.0100,64.9900,64.9900,1994.818
1781979300000,64.9900,65.0600,64.9400,65.0500,11982.097
1781980200000,65.0500,65.0700,65.0300,65.0400,3016.816
1781981100000,65.0300,65.0400,65.0300,65.0400,2567.267
1781982000000,65.0400,65.0600,65.0300,65.0400,2139.858
1781982900000,65.0500,65.0500,65.0400,65.0400,1418.272
1781983800000,65.0400,65.0400,65.0300,65.0400,475.453
1781984700000,65.0300,65.0500,65.0300,65.0500,2064.762
1781985600000,65.0500,65.0600,65.0400,65.0500,737.239
1781986500000,65.0600,65.0600,65.0500,65.0600,325.888
1781987400000,65.0600,65.1100,65.0600,65.1100,6062.714
1781988300000,65.1100,65.1100,65.1000,65.1100,608.127
1781989200000,65.1100,65.2000,65.1000,65.1900,18977.788
1781990100000,65.1900,65.2000,65.1100,65.1300,8674.489
1781991000000,65.1200,65.1500,65.1000,65.1500,3824.086
1781991900000,65.1500,65.1600,65.1400,65.1500,1293.241
1781992800000,65.1500,65.2000,65.1200,65.2000,13948.223
1781993700000,65.2000,65.2600,65.1900,65.2500,12013.972
1781994600000,65.2500,65.3800,65.1800,65.2000,76508.369
1781995500000,65.2000,65.2600,65.1900,65.2400,4204.402
1781996400000,65.2500,65.2500,65.2100,65.2200,1858.336
1781997300000,65.2200,65.2200,65.1500,65.1600,1957.601
1781998200000,65.1600,65.1900,65.1600,65.1800,730.765
1781999100000,65.1900,65.1900,65.1200,65.1700,4527.936
1782000000000,65.1700,65.1800,65.1200,65.1700,2714.224
1782000900000,65.1600,65.1700,65.1200,65.1300,3848.303
1782001800000,65.1300,65.1900,65.1200,65.1300,10992.290
1782002700000,65.1200,65.1800,65.0600,65.0900,5887.355
1782003600000,65.0900,65.1000,65.0600,65.0700,5598.383
1782004500000,65.0600,65.0700,65.0200,65.0300,4468.511
1782005400000,65.0200,65.1100,64.9800,65.1100,11584.274
1782006300000,65.1000,65.2000,65.1000,65.1000,10199.449
1782007200000,65.1100,65.1300,65.1000,65.1200,2619.443
1782008100000,65.1300,65.1900,65.1200,65.1700,8686.782
1782009000000,65.1800,65.1800,65.1700,65.1800,1158.904
1782009900000,65.1800,65.1800,65.1700,65.1700,1564.801
1782010800000,65.1800,65.1800,65.1700,65.1800,963.857
1782011700000,65.1800,65.2200,65.1800,65.1900,5495.875
1782012600000,65.1900,65.2000,65.1800,65.1900,2572.741
1782013500000,65.1800,65.2000,65.1800,65.1800,3445.210
1782014400000,65.1800,65.2000,65.1800,65.1900,1300.756
1782015300000,65.1900,65.2000,65.1900,65.1900,3544.724
1782016200000,65.2000,65.2000,65.1800,65.1900,2645.435
1782017100000,65.1900,65.1900,65.1800,65.1800,657.155
1782018000000,65.1800,65.1900,65.1800,65.1800,3014.350
1782018900000,65.1900,65.1900,65.1800,65.1800,847.810
1782019800000,65.1900,65.1900,65.1700,65.1800,12239.097
1782020700000,65.1800,65.2000,65.1700,65.1800,5109.495
1782021600000,65.1900,65.1900,65.1700,65.1900,4152.430
1782022500000,65.1900,65.2000,65.1900,65.1900,2028.347
1782023400000,65.2000,65.2700,65.1900,65.2500,17899.595
1782024300000,65.2500,65.2500,65.2200,65.2300,4931.035
1782025200000,65.2200,65.2700,65.2200,65.2400,5348.534
1782026100000,65.2400,65.2600,65.2400,65.2600,5718.871
1782027000000,65.2600,65.2700,65.1800,65.1800,16317.298
1782027900000,65.1800,65.1800,65.0800,65.1300,16856.172
1782028800000,65.1300,65.1900,65.0900,65.1300,15504.859
1782029700000,65.1300,65.1400,65.1100,65.1400,15864.352
1782030600000,65.1400,65.1400,65.1100,65.1200,2733.315
1782031500000,65.1300,65.1600,65.1100,65.1500,6409.086
1782032400000,65.1500,65.1700,65.1300,65.1700,4523.109
1782033300000,65.1700,65.2100,65.1700,65.2000,5076.012
1782034200000,65.2000,65.2500,65.1900,65.2000,13078.337
1782035100000,65.2100,65.2400,65.1600,65.1600,8114.650
1782036000000,65.1600,65.1800,65.1300,65.1700,8126.831
1782036900000,65.1700,65.1900,65.1600,65.1900,4858.965
1782037800000,65.1900,65.2300,65.1800,65.2100,4492.074
1782038700000,65.2100,65.2400,65.1500,65.1500,15778.267
1782039600000,65.1500,65.2000,65.1500,65.2000,11463.200
1782040500000,65.2000,65.2000,65.1200,65.1200,10664.070
1782041400000,65.1300,65.1400,65.1200,65.1400,2485.409
1782042300000,65.1400,65.1400,65.1200,65.1200,5477.010
1782043200000,65.1200,65.2600,65.1000,65.1200,102147.276
1782044100000,65.1100,65.1700,65.0400,65.0600,15207.954
1782045000000,65.0600,65.1000,65.0600,65.0900,7490.770
1782045900000,65.1000,65.1500,65.0900,65.1400,15610.673
1782046800000,65.1500,65.1500,65.1300,65.1400,3401.024
1782047700000,65.1500,65.1700,65.1400,65.1600,2844.679
1782048600000,65.1600,65.1600,65.1300,65.1400,2243.451
1782049500000,65.1300,65.1500,65.0900,65.1300,5741.527
1782050400000,65.1300,65.1500,65.1300,65.1500,1840.286
1782051300000,65.1500,65.1500,65.1000,65.1100,2940.146
1782052200000,65.1100,65.1100,65.1000,65.1000,1036.294
1782053100000,65.1100,65.1200,65.0600,65.1100,7979.126
1782054000000,65.1100,65.1200,65.0900,65.0900,3242.676
1782054900000,65.1000,65.1200,65.0800,65.1200,6802.679
1782055800000,65.1200,65.1400,65.0900,65.1100,3865.255
1782056700000,65.1100,65.1600,65.1000,65.1000,6993.788
1782057600000,65.1000,65.1000,65.0700,65.0800,3613.483
1782058500000,65.0800,65.1300,65.0700,65.1200,2887.546
1782059400000,65.1300,65.1300,65.0600,65.0800,4264.534
1782060300000,65.0700,65.1000,65.0700,65.0900,3250.022
1782061200000,65.0900,65.1200,65.0900,65.1200,2472.364
1782062100000,65.1100,65.1300,65.1100,65.1300,2136.508
1782063000000,65.1300,65.1900,65.1300,65.1800,14605.615
1782063900000,65.1800,65.2700,65.0300,65.0700,104943.825
1782064800000,65.0700,65.0800,64.7000,64.7900,168712.135
1782065700000,64.7800,64.8500,64.7500,64.8300,30532.728
1782066600000,64.8200,64.8900,64.8100,64.8400,46197.081
1782067500000,64.8500,64.8900,64.8300,64.8500,8891.289
1782068400000,64.8500,64.8800,64.7200,64.7300,45198.292
1782069300000,64.7300,64.8000,64.7300,64.8000,8547.151
1782070200000,64.7900,64.8200,64.7800,64.8100,6351.854
1782071100000,64.8100,64.8200,64.7200,64.7800,7583.951
1782072000000,64.7700,64.7800,64.7300,64.7300,13558.193
1782072900000,64.7400,64.7400,64.7100,64.7100,8162.231
1782073800000,64.7100,64.7400,64.7100,64.7300,8775.931
1782074700000,64.7200,64.7300,64.7100,64.7100,3057.110
1782075600000,64.7100,64.7700,64.7100,64.7600,32412.267
1782076500000,64.7700,64.8600,64.7600,64.8500,17116.332
1782077400000,64.8400,64.8500,64.7100,64.7700,20295.502
1782078300000,64.7700,64.7700,64.5000,64.7000,139904.354
1782079200000,64.6900,64.7100,63.8800,64.4800,857912.000
1782080100000,64.4900,64.7400,64.3700,64.6400,174826.116
1782081000000,64.6300,64.7200,64.5500,64.6800,110730.392
1782081900000,64.6900,64.9200,64.6500,64.8600,75380.049
1782082800000,64.8600,65.1300,64.8200,64.9600,129904.588
1782083700000,64.9600,64.9600,64.8100,64.8900,60559.200
1782084600000,64.8900,64.9000,64.4400,64.6000,110939.524
1782085500000,64.6000,64.6300,64.3000,64.4600,118413.327
1782086400000,64.4700,65.0700,64.4500,64.9900,226707.350
1782087300000,65.0000,65.2500,64.9800,65.2100,273423.003
1782088200000,65.2100,65.5700,65.1800,65.5600,157898.836
1782089100000,65.5600,66.3600,65.5600,66.3600,415888.459
1782090000000,66.3600,67.1900,66.3300,66.8500,1192284.420
1782090900000,66.8400,66.9700,66.3600,66.5800,410112.703
1782091800000,66.5700,66.5700,65.9400,66.1300,323024.213
1782092700000,66.1300,66.1900,65.8600,65.9300,176706.982
1782093600000,65.9300,66.2100,65.8400,65.9400,144488.091
1782094500000,65.9300,66.0300,65.8700,65.9300,83719.488
1782095400000,65.9200,66.2400,65.8400,65.9200,204409.962
1782096300000,65.9100,65.9100,65.6100,65.7600,247103.709
1782097200000,65.7600,65.8200,65.5300,65.6100,148489.760
1782098100000,65.6100,65.8300,65.5600,65.7700,97470.362
1782099000000,65.7800,65.7900,65.5700,65.6300,42764.912
1782099900000,65.6200,65.6800,65.4900,65.5500,57084.895
1782100800000,65.5600,65.7600,65.5200,65.5900,44728.632
1782101700000,65.6000,65.6600,65.5000,65.5500,25887.668
1782102600000,65.5400,65.6600,65.5200,65.5900,43445.400
1782103500000,65.6000,65.7300,65.5400,65.6100,51198.542
1782104400000,65.6000,65.7200,65.5500,65.6800,45751.765
1782105300000,65.6900,65.9600,65.6200,65.9400,147303.398
1782106200000,65.9400,66.6100,65.9400,66.3900,316231.291
1782107100000,66.4000,66.6100,66.3100,66.4500,174582.735
1782108000000,66.4500,66.6500,66.3900,66.5500,124390.897
1782108900000,66.5600,66.7600,66.5000,66.5500,187290.088
1782109800000,66.5500,66.6800,66.4800,66.6800,132558.430
1782110700000,66.6800,66.8600,66.6400,66.6500,156543.749
1782111600000,66.6500,66.6700,66.5200,66.6100,115800.233
1782112500000,66.6200,66.7500,66.5800,66.6200,80963.676
1782113400000,66.6200,66.6300,66.3800,66.4100,79607.664
1782114300000,66.4100,66.4300,66.2300,66.2700,70311.218
1782115200000,66.2700,66.3200,66.0100,66.0400,124535.492
1782116100000,66.0400,66.1200,65.8300,65.9500,226089.467
1782117000000,65.9400,66.0800,65.8600,66.0800,115682.894
1782117900000,66.0700,66.2600,66.0500,66.2500,123822.931
1782118800000,66.2500,66.4800,66.1700,66.3900,103181.048
1782119700000,66.3900,66.4700,66.3500,66.4400,61011.989
1782120600000,66.4400,66.6100,66.3800,66.4400,88631.745
1782121500000,66.4500,66.5300,66.4100,66.4300,45884.828
1782122400000,66.4400,66.6700,66.4200,66.5900,93430.038
1782123300000,66.5800,66.5900,66.4900,66.5200,68732.670
1782124200000,66.5200,66.5200,66.4200,66.4300,45510.082
1782125100000,66.4300,66.5400,66.3800,66.4300,66847.778
1782126000000,66.4200,66.8100,66.3800,66.6000,272135.722
1782126900000,66.5900,66.5900,66.4300,66.4400,54163.600
1782127800000,66.4400,66.4800,66.3100,66.3800,88671.941
1782128700000,66.3800,66.5300,66.2700,66.5200,74318.668
1782129600000,66.5200,66.6500,66.3800,66.3900,95460.068
1782130500000,66.3800,66.6100,66.3400,66.5000,70943.207
1782131400000,66.4900,66.5200,66.3000,66.3800,67226.531
1782132300000,66.3900,66.4300,66.2100,66.2800,70877.833
1782133200000,66.2800,66.8900,66.2500,66.8800,352146.507
1782134100000,66.8800,66.9100,66.4500,66.5000,229516.796
1782135000000,66.5000,66.7600,66.3900,66.5200,234595.094
1782135900000,66.5200,66.7500,66.4400,66.5800,203840.393
1782136800000,66.5700,66.7800,66.2300,66.4900,290163.302
1782137700000,66.4900,66.5000,66.0200,66.0400,238488.979
1782138600000,66.0300,66.0800,65.8900,65.9600,252645.931
1782139500000,65.9700,66.2700,65.9400,66.1000,372058.894
1782140400000,66.1100,66.2200,66.0400,66.1000,270189.134
1782141300000,66.1100,66.1200,65.8100,65.8500,257272.704
1782142200000,65.8500,65.9200,65.5300,65.6300,252174.895
1782143100000,65.6400,65.6400,65.1800,65.5200,295985.787
1782144000000,65.5300,65.5800,65.2800,65.3700,290413.910
1782144900000,65.3600,65.5700,65.3300,65.5200,107429.085
1782145800000,65.5100,65.5900,65.4100,65.4700,114827.660
1782146700000,65.4600,65.7700,65.4000,65.6600,93434.474
1782147600000,65.6700,65.6900,65.5100,65.5300,53978.491
1782148500000,65.5400,65.6500,65.3700,65.4100,40242.151
1782149400000,65.4100,65.4400,65.0300,65.2300,175575.135
1782150300000,65.2200,65.3700,65.1500,65.3300,61390.217
1782151200000,65.3300,65.5000,65.3200,65.3700,65263.933
1782152100000,65.3700,65.5000,65.3600,65.4400,54334.390
1782153000000,65.4400,65.4800,65.3600,65.4700,49488.334
1782153900000,65.4700,65.5400,65.4500,65.5000,40120.134
1782154800000,65.5000,65.5500,65.4200,65.4400,30935.030
1782155700000,65.4500,65.4800,65.2600,65.2600,37439.306
1782156600000,65.2600,65.2600,65.0500,65.0800,66889.736
1782157500000,65.0700,65.2600,65.0600,65.2100,72213.740
1782158400000,65.2200,65.2900,65.1900,65.2600,20820.045
1782159300000,65.2500,65.2800,65.2000,65.2300,15387.092
1782160200000,65.2300,65.2700,65.2000,65.2100,16317.642
1782161100000,65.2100,65.2200,65.1400,65.1600,47990.048
1782162000000,65.1500,65.1900,65.1300,65.1900,20194.946
1782162900000,65.1800,65.2200,65.1800,65.2100,7970.063
1782163800000,65.2000,65.2900,65.2000,65.2700,49971.039
1782164700000,65.2700,65.2800,65.2300,65.2400,4722.416
1782165600000,65.2300,65.2800,65.0700,65.1500,90340.938
1782166500000,65.1500,65.1900,65.1100,65.1300,18637.990
1782167400000,65.1300,65.1700,64.8800,64.9500,114930.239
1782168300000,64.9400,65.1300,64.9300,65.1100,113556.722
1782169200000,65.1100,65.2300,65.0400,65.0800,444229.193
1782170100000,65.0900,65.1100,65.0500,65.0900,19042.021
1782171000000,65.0800,65.2000,65.0700,65.1800,25339.364
1782171900000,65.1800,65.1900,64.9500,64.9800,48114.021
1782172800000,64.9800,65.0700,64.6500,64.6700,133147.339
1782173700000,64.6700,64.7900,64.4300,64.6900,232175.827
1782174600000,64.6900,65.0300,64.6500,65.0200,124252.943
1782175500000,65.0200,65.0700,64.9300,65.0000,97978.644
1782176400000,64.9900,65.2300,64.6100,64.8000,350209.666
1782177300000,64.8100,64.8500,64.4100,64.7200,283063.388
1782178200000,64.7200,64.7300,63.9700,64.0200,348242.950
1782179100000,64.0200,64.1800,63.8800,64.1300,378650.513
1782180000000,64.1400,64.2100,63.6800,63.8400,334230.605
1782180900000,63.8400,64.1300,63.8400,64.0700,103197.917
1782181800000,64.0600,64.1200,63.6600,63.7400,193611.955
1782182700000,63.7400,63.8000,63.3000,63.3500,303595.585
1782183600000,63.3600,63.4500,63.1400,63.2300,249575.018
1782184500000,63.2200,63.3000,62.7800,63.0900,491876.887
1782185400000,63.0800,63.2100,62.9700,63.2000,128827.345
1782186300000,63.2000,63.2900,63.1000,63.2400,85865.010
1782187200000,63.2400,63.3300,63.0900,63.1500,112246.832
1782188100000,63.1400,63.1700,63.0500,63.1500,73399.165
1782189000000,63.1400,63.1400,62.9800,63.0600,71441.511
1782189900000,63.0700,63.1000,62.5800,62.6400,135765.593
1782190800000,62.6500,63.0200,62.5900,62.9100,239900.117
1782191700000,62.9000,62.9400,62.7600,62.8000,141843.616
1782192600000,62.8000,63.1200,62.4400,63.0100,442491.315
1782193500000,63.0100,63.0200,62.5400,62.6200,194720.319
1782194400000,62.6300,62.8400,62.4000,62.7600,248076.097
1782195300000,62.7600,62.8600,62.2600,62.2900,420328.006
1782196200000,62.2900,62.4600,62.2400,62.3900,249018.135
1782197100000,62.3900,62.6500,62.3000,62.3200,218217.690
1782198000000,62.3200,62.6300,62.2100,62.5100,205536.616
1782198900000,62.5100,62.7500,62.5100,62.6000,124155.057
1782199800000,62.6000,62.6100,62.0800,62.1500,210927.551
1782200700000,62.1500,62.2700,61.8900,61.9600,410566.718
1782201600000,61.9700,62.1100,61.8900,62.0200,455220.705
1782202500000,62.0100,62.1800,61.9800,62.0700,224333.142
1782203400000,62.0700,62.2500,62.0000,62.2100,200211.241
1782204300000,62.2100,62.2100,62.0600,62.1800,130002.327
1782205200000,62.1800,62.3400,62.1500,62.2800,138625.842
1782206100000,62.2800,62.4700,62.2300,62.4400,145607.739
1782207000000,62.4400,62.5100,62.3800,62.4600,80899.389
1782207900000,62.4600,62.5900,62.4300,62.5800,103978.026
1782208800000,62.5900,62.7200,62.5700,62.6800,144617.524
1782209700000,62.6800,62.7400,62.6000,62.6400,118411.863
1782210600000,62.6300,62.6500,62.3200,62.4300,156039.841
1782211500000,62.4400,62.4400,62.2900,62.3000,93357.007
1782212400000,62.3000,62.3800,62.1200,62.3200,203866.289
1782213300000,62.3100,62.4000,62.1500,62.2400,241674.838
1782214200000,62.2400,62.2700,62.0700,62.2000,130409.867
1782215100000,62.2000,62.2100,61.9700,62.1400,166274.841
1782216000000,62.1500,62.3400,61.9200,61.9600,186155.684
1782216900000,61.9600,61.9800,61.7700,61.9500,222433.055
1782217800000,61.9500,62.1400,61.9100,62.0800,207175.927
1782218700000,62.0800,62.1600,61.8900,61.9900,163325.685
1782219600000,61.9800,62.3000,61.7200,62.1100,465881.874
1782220500000,62.1100,62.2200,61.9200,62.1700,211599.410
1782221400000,62.1800,62.4800,61.9600,62.3400,503638.771
1782222300000,62.3400,62.5700,62.2400,62.4700,351799.465
1782223200000,62.4700,62.5600,62.2900,62.4800,363533.155
1782224100000,62.4800,62.5100,62.0200,62.1300,271987.314
1782225000000,62.1300,62.1400,61.6000,61.9400,540659.800
1782225900000,61.9500,62.1600,61.9300,62.1000,248695.514
1782226800000,62.1100,62.2400,61.8900,62.0300,182705.758
1782227700000,62.0400,62.0700,61.8800,61.9600,145430.767
1782228600000,61.9500,62.3000,61.9300,62.1800,207192.126
1782229500000,62.1800,62.3700,62.1000,62.3200,116187.022
1782230400000,62.3300,62.3900,62.2200,62.3100,114957.251
1782231300000,62.3100,62.3600,62.1500,62.1800,84021.164
1782232200000,62.1700,62.2800,62.1000,62.2400,96526.414
1782233100000,62.2400,62.2500,62.0500,62.1100,70125.061
1782234000000,62.1000,62.2200,62.0000,62.2100,94714.875
1782234900000,62.2000,62.2700,62.0100,62.0300,85791.186
1782235800000,62.0400,62.1100,61.9700,62.0600,86079.431
1782236700000,62.0600,62.1400,61.8600,61.8700,104012.274
1782237600000,61.8700,61.9500,61.7100,61.7600,150242.807
1782238500000,61.7600,61.8700,61.7500,61.7500,72635.253
1782239400000,61.7500,61.8000,61.5700,61.5800,94291.049
1782240300000,61.5800,61.6000,61.4000,61.5500,198483.027
1782241200000,61.5500,61.7700,61.5300,61.7300,110476.160
1782242100000,61.7300,61.7700,61.6100,61.7600,55407.371
1782243000000,61.7600,61.8500,61.7100,61.7700,52741.214
1782243900000,61.7700,61.7800,61.6200,61.6800,63378.301
1782244800000,61.6800,61.7400,61.6300,61.7000,38620.340
1782245700000,61.7000,61.7000,61.5800,61.6900,35556.362
1782246600000,61.6900,61.6900,61.5800,61.6200,29384.309
1782247500000,61.6100,61.7400,61.5400,61.6900,73618.307
1782248400000,61.7000,61.9000,61.7000,61.8900,54356.756
1782249300000,61.8800,61.9000,61.8400,61.9000,22531.094
1782250200000,61.9000,61.9900,61.8700,61.8800,33354.321
1782251100000,61.8700,61.8900,61.8600,61.8900,4505.325
1782252000000,61.8900,61.8900,61.6800,61.7900,99901.513
1782252900000,61.7900,61.8100,61.5400,61.5900,172957.502
1782253800000,61.5900,61.6600,61.4400,61.5500,98586.731
1782254700000,61.5500,61.6600,61.5300,61.5500,54210.932
1782255600000,61.5500,61.5500,61.1600,61.4600,244074.466
1782256500000,61.4600,61.5200,61.3000,61.3100,77335.887
1782257400000,61.3100,61.3300,60.8300,61.0300,416091.399
1782258300000,61.0200,61.7200,61.0200,61.7000,417169.039
1782259200000,61.7000,61.9600,61.5600,61.7600,527967.318
1782260100000,61.7600,61.8200,61.3600,61.6300,307777.579
1782261000000,61.6300,61.6800,61.5400,61.6300,181539.141
1782261900000,61.6200,61.7900,61.5200,61.5900,149264.249
1782262800000,61.5900,61.6100,60.8000,61.5100,965798.372
1782263700000,61.5100,62.1200,61.3100,61.8700,550071.852
1782264600000,61.8600,62.0500,61.6700,61.8100,446234.058
1782265500000,61.8200,61.8300,61.6000,61.7700,214243.775
1782266400000,61.7600,61.9000,61.5500,61.6400,154984.991
1782267300000,61.6300,61.6400,61.4200,61.5000,192011.975
1782268200000,61.5000,61.6100,61.0900,61.2000,675511.521
1782269100000,61.2000,61.4200,61.0800,61.2200,308530.185
1782270000000,61.2200,61.4000,61.0900,61.2200,103309.638
1782270900000,61.2200,61.3100,61.0800,61.3100,89099.508
1782271800000,61.3100,61.6500,61.3000,61.6300,83404.237
1782272700000,61.6400,61.6400,61.3900,61.4100,65091.265
1782273600000,61.4100,61.4200,60.9900,61.0800,84945.289
1782274500000,61.0800,61.1700,60.9600,61.0900,113446.960
1782275400000,61.0900,61.2100,61.0700,61.1400,61896.642
1782276300000,61.1500,61.2300,61.0900,61.2000,62032.909
1782277200000,61.2000,61.2900,61.0600,61.2200,244462.625
1782278100000,61.2300,61.5500,61.2000,61.4800,121157.620
1782279000000,61.4900,61.8600,61.4800,61.6800,325798.867
1782279900000,61.6700,61.7100,61.4900,61.7100,92004.670
1782280800000,61.7000,62.4400,61.7000,62.2300,548217.822
1782281700000,62.2400,62.2700,61.9800,62.1000,205708.361
1782282600000,62.0900,62.2200,62.0000,62.0200,145560.944
1782283500000,62.0200,62.0800,61.8500,61.9200,112853.181
1782284400000,61.9100,61.9800,61.7900,61.9100,104069.210
1782285300000,61.9100,61.9800,61.8200,61.8700,51153.226
1782286200000,61.8600,61.9400,61.7200,61.9100,75270.832
1782287100000,61.9100,62.0000,61.5700,61.6000,123645.964
1782288000000,61.6100,61.7300,61.4900,61.6300,190755.228
1782288900000,61.6300,61.6800,61.5100,61.5200,111135.689
1782289800000,61.5300,61.7000,61.4400,61.4700,103410.837
1782290700000,61.4800,61.4800,61.3100,61.3500,140961.970
1782291600000,61.3500,61.3900,61.1500,61.3700,197748.201
1782292500000,61.3700,61.4300,61.1900,61.2300,221189.792
1782293400000,61.2300,61.3300,61.1600,61.2500,126533.524
1782294300000,61.2500,61.3300,61.1000,61.1400,183438.077
1782295200000,61.1400,61.1700,60.9200,61.0300,183641.041
1782296100000,61.0200,61.0200,60.7700,60.9600,470139.133
1782297000000,60.9700,61.1700,60.9000,61.0700,230314.997
1782297900000,61.0700,61.0700,60.6300,60.7000,271272.991
1782298800000,60.7000,60.7800,60.2400,60.3000,513126.566
1782299700000,60.3000,60.3500,59.7800,59.9300,977836.439
1782300600000,59.9200,60.2100,59.9200,60.0600,533918.476
1782301500000,60.0600,60.1400,59.4100,59.4800,925197.370
1782302400000,59.4800,59.6000,59.3100,59.3800,654757.186
1782303300000,59.3700,59.4900,58.8400,59.0100,755728.733
1782304200000,59.0100,59.2400,58.8100,59.0900,521730.708
1782305100000,59.0900,59.2300,58.1700,58.2500,772434.357
1782306000000,58.2500,58.9000,58.0900,58.4800,1563689.599
1782306900000,58.4700,58.7500,58.3100,58.6300,546410.295
1782307800000,58.6300,59.0900,58.5800,59.0600,736589.923
1782308700000,59.0500,59.6500,58.9500,59.5600,980884.551
1782309600000,59.5500,59.6200,59.0500,59.0900,473966.025
1782310500000,59.1000,59.4100,58.9200,59.2600,419017.830
1782311400000,59.2500,59.4300,58.8600,59.0200,274003.960
1782312300000,59.0100,59.1800,58.8100,58.9600,339983.062
1782313200000,58.9600,58.9900,58.7100,58.7600,281508.675
1782314100000,58.7600,59.1700,58.7200,59.1400,292652.237
1782315000000,59.1400,59.1500,58.8500,58.9800,165505.296
1782315900000,58.9700,59.1900,58.7100,58.7700,226813.912
1782316800000,58.7700,58.8300,58.5300,58.7200,195865.167
1782317700000,58.7200,58.8600,58.6500,58.8500,187974.722
1782318600000,58.8500,58.9900,58.7000,58.7500,157004.719
1782319500000,58.7400,58.7600,58.6200,58.6500,155875.185
1782320400000,58.6500,58.7200,58.4500,58.5300,213974.129
1782321300000,58.5300,58.5600,57.7400,57.7800,878947.966
1782322200000,57.7800,57.8900,57.4500,57.5800,758222.314
1782323100000,57.5800,57.6100,56.6100,56.6300,1075043.611
1782324000000,56.6400,56.9300,55.7300,56.8000,2726801.744
1782324900000,56.8000,57.2500,56.7400,57.1600,841223.054
1782325800000,57.1700,57.2900,56.8600,56.9200,394212.025
1782326700000,56.9200,56.9400,56.6100,56.8000,402213.505
1782327600000,56.8000,56.9400,56.5700,56.7000,421261.307
1782328500000,56.7000,56.8900,56.6500,56.8900,157901.331
1782329400000,56.9000,57.0100,56.6900,56.7800,193730.831
1782330300000,56.7800,57.3500,56.7500,57.2800,317771.301
1782331200000,57.2900,57.7800,57.1300,57.4900,471375.345
1782332100000,57.5000,57.7000,57.3700,57.6700,186240.834
1782333000000,57.6700,57.7000,57.3800,57.5600,207018.151
1782333900000,57.5700,57.6000,57.4800,57.5600,130177.234
1782334800000,57.5600,57.7100,57.5500,57.7100,81482.349
1782335700000,57.7100,57.7100,57.5900,57.6500,20401.243
1782336600000,57.6500,57.6900,57.6200,57.6600,43423.422
1782337500000,57.6600,57.8500,57.6500,57.8000,58578.054
1782338400000,57.7900,57.8000,57.5600,57.6000,289144.005
1782339300000,57.6000,57.6800,57.5300,57.6700,99704.949
1782340200000,57.6700,57.8700,57.6400,57.7500,130097.528
1782341100000,57.7500,57.7700,57.5300,57.5600,64906.694
1782342000000,57.5600,57.5900,57.3700,57.5400,205345.980
1782342900000,57.5400,57.6800,57.5300,57.5800,74445.599
1782343800000,57.5700,57.9600,57.5700,57.8900,180414.572
1782344700000,57.8900,57.9600,57.6900,57.7800,172496.352
1782345600000,57.7800,57.9100,57.5800,57.6100,550865.125
1782346500000,57.6200,57.7200,57.4500,57.5200,445288.524
1782347400000,57.5100,57.5600,57.2600,57.4000,412229.756
1782348300000,57.4000,57.6900,57.1200,57.3100,607450.935
1782349200000,57.3000,57.8700,57.1500,57.2900,1395582.867
1782350100000,57.2800,57.6100,57.1800,57.2900,642389.993
1782351000000,57.2800,57.4100,56.7800,57.0100,1059584.048
1782351900000,57.0100,57.2300,56.7700,56.9300,552592.642
1782352800000,56.9300,57.1000,56.4100,56.5300,666228.335
1782353700000,56.5300,57.1400,56.5300,57.0500,322011.965
1782354600000,57.0500,57.0900,56.6300,56.7000,667613.931
1782355500000,56.7000,57.0000,56.6500,56.9400,396505.507
1782356400000,56.9300,57.1200,56.5900,56.7400,778320.302
1782357300000,56.7400,57.0100,56.6500,56.9800,437766.049
1782358200000,56.9700,56.9700,56.7400,56.8500,286635.983
1782359100000,56.8400,57.5300,56.8400,57.5100,775235.617
1782360000000,57.5200,57.6100,57.3900,57.3900,286069.290
1782360900000,57.3900,57.4800,57.2700,57.4400,149562.970
1782361800000,57.4400,57.5200,57.3200,57.5100,124059.616
1782362700000,57.5200,57.6500,57.5100,57.6300,174965.657
1782363600000,57.6300,57.7000,57.5300,57.6400,281574.256
1782364500000,57.6500,57.6600,57.3100,57.5300,483711.747
1782365400000,57.5200,57.5500,57.1000,57.1100,910329.941
1782366300000,57.1000,57.3900,57.0300,57.1700,518382.576
1782367200000,57.1700,57.3100,57.0900,57.2000,335592.406
1782368100000,57.2000,57.2500,57.1000,57.1800,336180.582
1782369000000,57.1800,57.2100,56.7500,56.8800,469757.031
1782369900000,56.8800,57.0100,56.8300,56.8500,347429.492
1782370800000,56.8500,57.2800,56.6800,57.0300,678086.442
1782371700000,57.0400,57.2100,56.9700,57.0700,435820.701
1782372600000,57.0700,57.1900,56.6300,56.7000,805669.683
1782373500000,56.7100,57.3300,56.6100,57.3100,624475.593
1782374400000,57.3200,57.5600,57.3100,57.4100,842319.259
1782375300000,57.4100,57.7200,57.3400,57.5400,602750.483
1782376200000,57.5400,57.7400,57.5400,57.6800,321628.176
1782377100000,57.6700,57.6700,57.4500,57.4900,198767.613
1782378000000,57.4900,57.6300,57.4800,57.5600,222105.414
1782378900000,57.5600,57.7000,57.4600,57.6500,215989.249
1782379800000,57.6500,57.7200,57.4100,57.4300,269464.351
1782380700000,57.4300,57.6000,57.4300,57.5000,135366.056
1782381600000,57.5100,57.5600,57.3300,57.3800,240121.937
1782382500000,57.3900,57.5200,57.3700,57.5100,213981.194
1782383400000,57.5200,57.5700,57.4200,57.4500,209025.911
1782384300000,57.4500,57.4500,57.2700,57.3700,297773.810
1782385200000,57.3600,57.4600,57.2200,57.2300,391015.850
1782386100000,57.2300,57.2300,57.0100,57.1200,398825.272
1782387000000,57.1200,57.3100,57.0200,57.2700,309501.952
1782387900000,57.2600,57.4500,57.1900,57.2200,368901.990
1782388800000,57.2200,57.4100,57.1700,57.2200,331279.325
1782389700000,57.2200,57.3900,57.0700,57.2700,780367.040
1782390600000,57.2600,58.1100,57.1100,57.9700,3192144.624
1782391500000,57.9700,58.5000,57.8800,58.2800,1721085.722
1782392400000,58.2700,59.1000,58.2100,58.7800,1565848.137
1782393300000,58.7800,58.7900,58.2400,58.3900,945840.149
1782394200000,58.3900,58.5300,57.5900,57.6100,1466392.174
1782395100000,57.6100,57.6900,57.0200,57.0600,1635897.907
1782396000000,57.0600,57.8000,57.0600,57.7100,1235856.174
1782396900000,57.7000,58.2000,57.6100,58.1300,1145789.302
1782397800000,58.1300,58.2200,57.8200,58.0200,649082.604
1782398700000,58.0300,58.0900,57.8000,57.9900,571309.678
1782399600000,57.9900,58.1200,57.6600,57.7100,636526.251
1782400500000,57.7100,58.5600,57.6400,58.3400,1150118.967
1782401400000,58.3400,58.5100,58.2600,58.4700,389182.467
1782402300000,58.4700,58.8400,58.3800,58.8000,758101.827
1782403200000,58.8100,58.8600,58.6300,58.6700,437535.843
1782404100000,58.6800,58.8600,58.6700,58.6900,365365.364
1782405000000,58.6900,58.6900,58.3600,58.3700,414213.307
1782405900000,58.3700,58.4800,58.2300,58.3500,281312.808
1782406800000,58.3600,58.4700,58.3400,58.3600,204065.138
1782407700000,58.3600,58.5700,58.3200,58.4700,362859.700
1782408600000,58.4700,58.5200,58.2900,58.3000,135162.536
1782409500000,58.3000,58.4000,58.1300,58.3600,247936.588
1782410400000,58.3700,58.4000,58.0500,58.1600,358309.429
1782411300000,58.1700,58.5500,58.1500,58.5400,232037.826
1782412200000,58.5400,58.5400,58.1500,58.1800,197278.297
1782413100000,58.1700,58.3100,58.0800,58.2500,211135.013
1782414000000,58.2600,58.2800,58.1300,58.2200,143906.560
1782414900000,58.2300,58.3000,58.1200,58.1400,143784.126
1782415800000,58.1500,58.1700,58.0300,58.0700,225559.832
1782416700000,58.0700,58.0700,57.7600,57.9500,387041.280
1782417600000,57.9400,58.1300,57.9300,57.9700,157293.268
1782418500000,57.9600,58.0600,57.9500,58.0100,55035.631
1782419400000,58.0100,58.0100,57.9000,57.9400,54745.230
1782420300000,57.9400,58.0000,57.8700,57.9900,112978.606
1782421200000,57.9800,58.0000,57.9500,57.9900,43742.618
1782422100000,57.9800,58.0000,57.9500,58.0000,9665.756
1782423000000,58.0000,58.0600,57.9800,58.0400,66468.633
1782423900000,58.0400,58.0400,57.9700,57.9800,43405.684
1782424800000,57.9800,58.0400,57.6500,57.6800,485515.733
1782425700000,57.6800,57.7700,57.6400,57.7100,668159.362
1782426600000,57.7000,57.9600,57.6800,57.7900,703169.789
1782427500000,57.7900,57.9000,57.7200,57.8800,533835.261
1782428400000,57.8800,57.8900,57.7500,57.8400,296568.222
1782429300000,57.8400,58.0700,57.8200,58.0500,705494.304
1782430200000,58.0500,58.0700,57.8800,57.9400,220983.162
1782431100000,57.9400,57.9400,57.6500,57.7000,262149.927
1782432000000,57.7000,57.7600,57.4100,57.6500,925576.177
1782432900000,57.6400,57.8200,57.4700,57.5600,427878.860
1782433800000,57.5700,57.6600,57.4900,57.6300,406018.671
1782434700000,57.6400,57.9400,57.6300,57.7200,500606.263
1782435600000,57.7200,58.0900,57.3700,57.4800,1358401.264
1782436500000,57.4700,57.6400,57.2700,57.4200,648572.064
1782437400000,57.4300,57.5600,57.2900,57.3700,506680.645
1782438300000,57.3600,57.4300,56.9000,57.1900,695429.624
1782439200000,57.2000,57.3200,56.7400,56.8500,591486.449
1782440100000,56.8500,57.0200,56.6500,56.8600,344482.938
1782441000000,56.8600,56.8600,56.0900,56.1400,916096.092
1782441900000,56.1400,56.2500,55.7300,56.0400,670281.737
1782442800000,56.0400,56.6000,55.9300,56.5300,566739.573
1782443700000,56.5300,56.7200,56.3000,56.5000,458631.635
1782444600000,56.4900,56.5300,56.3800,56.5300,186003.040
1782445500000,56.5300,56.7600,56.4400,56.6600,386748.178
1782446400000,56.6600,56.7300,56.5300,56.7300,191999.455
1782447300000,56.7300,56.7900,56.5400,56.6100,202674.631
1782448200000,56.6000,56.6500,56.3700,56.5600,158510.124
1782449100000,56.5700,56.5900,56.4100,56.4700,214789.632
1782450000000,56.4700,56.6100,56.3200,56.6000,155723.651
1782450900000,56.6100,56.7300,56.4300,56.6900,264820.018
1782451800000,56.6800,56.9600,56.6300,56.7500,666572.036
1782452700000,56.7500,56.9100,56.6200,56.6800,203006.743
1782453600000,56.6900,56.7300,56.4400,56.5800,221444.918
1782454500000,56.5800,57.5300,56.5800,57.3900,1065829.097
1782455400000,57.3800,57.8700,57.2300,57.8400,709063.418
1782456300000,57.8400,58.3900,57.7300,58.3000,953916.328
1782457200000,58.3000,58.3100,57.9000,57.9200,308656.694
1782458100000,57.9200,58.1100,57.9100,58.0600,294316.563
1782459000000,58.0600,58.1700,57.9300,57.9800,154821.836
1782459900000,57.9800,58.0100,57.8400,57.9100,91908.857
1782460800000,57.9000,57.9600,57.6900,57.8200,222827.012
1782461700000,57.8300,58.0600,57.8000,58.0400,214396.857
1782462600000,58.0300,58.0600,57.8300,57.9100,161626.811
1782463500000,57.9100,58.0100,57.7100,57.7300,181516.245
1782464400000,57.7300,58.0000,57.6900,57.9500,174522.664
1782465300000,57.9500,58.3800,57.8000,58.3200,511274.055
1782466200000,58.3100,58.5000,58.1800,58.3000,443527.407
1782467100000,58.3100,58.4300,58.2700,58.2800,272360.946
1782468000000,58.2900,58.4500,58.1200,58.3700,313638.291
1782468900000,58.3700,58.4100,58.1600,58.2700,147307.106
1782469800000,58.2700,58.4200,58.2400,58.2900,183010.653
1782470700000,58.2900,58.5400,58.2700,58.5300,157205.499
1782471600000,58.5400,58.5600,58.3200,58.3300,134282.279
1782472500000,58.3300,58.4400,58.2300,58.3800,126836.139
1782473400000,58.3900,58.4400,58.2000,58.2200,172012.154
1782474300000,58.2200,58.3000,58.1100,58.2200,172843.842
1782475200000,58.2200,58.3100,58.1300,58.2900,143298.066
1782476100000,58.2800,58.3700,58.0900,58.2700,267106.303
1782477000000,58.2600,58.4300,58.0700,58.1800,330391.535
1782477900000,58.1800,59.0300,58.1500,58.9400,907430.462
1782478800000,58.9500,59.2300,58.2400,58.3200,1173657.523
1782479700000,58.3200,58.5600,58.0400,58.5300,691100.597
1782480600000,58.5300,58.5800,58.0700,58.5700,823867.525
1782481500000,58.5800,59.0100,58.4400,58.9900,481989.487
1782482400000,58.9900,59.4700,58.8000,59.2800,782908.774
1782483300000,59.2900,59.5000,59.1600,59.1900,634234.809
1782484200000,59.2000,59.4400,59.0500,59.3100,566080.695
1782485100000,59.3000,59.5800,59.2300,59.2300,543760.000
1782486000000,59.2300,59.3300,59.0200,59.0600,376319.578
1782486900000,59.0700,59.3300,59.0300,59.3200,287924.694
1782487800000,59.3300,59.6300,59.1700,59.6000,435026.821
1782488700000,59.6000,59.6200,59.2200,59.4200,674142.971
1782489600000,59.4200,59.4900,59.3300,59.3800,203191.514
1782490500000,59.3900,59.4500,59.2500,59.3100,328323.033
1782491400000,59.3200,59.5000,59.2200,59.3400,247029.080
1782492300000,59.3300,59.4200,59.2700,59.4000,252466.601
1782493200000,59.3900,59.4100,59.2300,59.2400,147705.560
1782494100000,59.2500,59.4500,59.0900,59.3100,341561.235
1782495000000,59.3100,59.3500,59.1200,59.1900,202868.166
1782495900000,59.1900,59.2200,59.0500,59.0700,115160.312
1782496800000,59.0700,59.2300,59.0200,59.2100,169496.118
1782497700000,59.2200,59.2200,59.0700,59.2000,81470.267
1782498600000,59.2000,59.2400,59.0200,59.0800,249047.703
1782499500000,59.0800,59.0800,58.9000,58.9500,179052.289
1782500400000,58.9500,59.0800,58.9000,59.0700,141036.682
1782501300000,59.0800,59.0900,58.9200,58.9400,119737.674
1782502200000,58.9500,59.0900,58.9300,59.0800,65466.273
1782503100000,59.0800,59.1200,58.9800,59.0000,202889.530
1782504000000,59.0000,59.0200,58.6700,58.7700,284218.883
1782504900000,58.7700,58.8400,58.6200,58.7800,183671.864
1782505800000,58.7700,58.7700,58.6100,58.7000,147618.070
1782506700000,58.7000,59.3200,58.6800,59.2400,340760.251
1782507600000,59.2300,59.2300,59.1200,59.2000,113981.807
1782508500000,59.1900,59.2900,59.1900,59.2400,21388.357
1782509400000,59.2500,59.2500,59.1000,59.1100,94187.034
1782510300000,59.1200,59.1300,59.0600,59.0700,65522.987
1782511200000,59.0800,59.1400,59.0500,59.0700,43201.130
1782512100000,59.0700,59.1000,59.0600,59.1000,7605.944
1782513000000,59.1000,59.1200,59.0900,59.1200,11240.103
1782513900000,59.1200,59.1500,59.1100,59.1400,13578.409
1782514800000,59.1300,59.1800,59.1200,59.1600,16772.879
1782515700000,59.1600,59.1900,59.1400,59.1800,5541.547
1782516600000,59.1900,59.2200,59.1700,59.1800,13595.118
1782517500000,59.1700,59.2700,59.1600,59.2200,15172.560
1782518400000,59.2100,59.2700,59.2100,59.2500,7022.429
1782519300000,59.2500,59.2600,59.1600,59.1700,6699.097
1782520200000,59.1600,59.1900,59.1400,59.1700,10508.375
1782521100000,59.1600,59.2000,59.1600,59.1900,2641.786
1782522000000,59.1900,59.2000,59.1600,59.1800,7777.732
1782522900000,59.1800,59.2000,59.1700,59.1800,8601.178
1782523800000,59.1700,59.1900,59.1700,59.1800,3076.474
1782524700000,59.1800,59.1900,59.1000,59.1500,34863.774
1782525600000,59.1400,59.1700,59.1400,59.1600,3512.514
1782526500000,59.1600,59.1900,59.1400,59.1800,6020.449
1782527400000,59.1900,59.1900,59.1800,59.1800,7879.889
1782528300000,59.1800,59.2000,59.1700,59.1900,6272.444
1782529200000,59.1900,59.2000,59.1600,59.1800,7307.703
1782530100000,59.1800,59.1800,59.1400,59.1500,5232.974
1782531000000,59.1500,59.1800,59.1400,59.1700,5352.706
1782531900000,59.1700,59.1900,59.1300,59.1900,6441.012
1782532800000,59.1900,59.2000,59.1400,59.1600,22750.303
1782533700000,59.1700,59.2000,59.1500,59.1500,7102.056
1782534600000,59.1600,59.1700,59.1500,59.1600,1282.615
1782535500000,59.1700,59.1700,59.1300,59.1400,4434.040
1782536400000,59.1400,59.1500,59.1100,59.1500,15528.300
1782537300000,59.1500,59.1500,59.1000,59.1000,7063.894
1782538200000,59.1000,59.1300,59.1000,59.1300,3633.703
1782539100000,59.1200,59.1300,59.0900,59.1300,13857.285
1782540000000,59.1300,59.1300,59.1000,59.1200,4969.660
1782540900000,59.1200,59.1500,59.1100,59.1400,2038.870
1782541800000,59.1400,59.1800,59.1400,59.1800,3909.688
1782542700000,59.1700,59.1800,59.1500,59.1600,9856.667
1782543600000,59.1600,59.1600,59.0200,59.0500,67482.476
1782544500000,59.0600,59.1100,59.0500,59.1000,13432.051
1782545400000,59.1100,59.1100,59.0700,59.1000,14292.906
1782546300000,59.1000,59.1300,59.0900,59.1300,2232.110
1782547200000,59.1300,59.1300,59.0900,59.0900,1934.001
1782548100000,59.1000,59.1100,59.0800,59.0900,4835.737
1782549000000,59.0900,59.1100,59.0700,59.0900,4212.169
1782549900000,59.0800,59.1100,59.0800,59.1000,6975.248
1782550800000,59.1000,59.1000,59.0800,59.0800,2000.917
1782551700000,59.0800,59.1000,59.0700,59.0800,7932.002
1782552600000,59.0900,59.1000,59.0800,59.0900,2364.231
1782553500000,59.0900,59.1100,59.0700,59.1100,12048.283
1782554400000,59.1100,59.1100,59.0900,59.1100,2191.708
1782555300000,59.1100,59.1100,59.1000,59.1000,968.481
1782556200000,59.1100,59.1200,59.1000,59.1000,2141.656
1782557100000,59.1100,59.1100,59.1000,59.1100,1630.485
1782558000000,59.1100,59.1200,59.1000,59.1100,2013.095
1782558900000,59.1100,59.1400,59.1000,59.1100,7222.407
1782559800000,59.1100,59.1100,59.0900,59.1000,1571.288
1782560700000,59.1100,59.1200,59.1000,59.1200,2061.496
1782561600000,59.1200,59.1200,59.1100,59.1100,1429.971
1782562500000,59.1100,59.1200,59.1100,59.1100,992.491
1782563400000,59.1100,59.1200,59.0800,59.0900,5485.008
1782564300000,59.0900,59.1100,59.0700,59.1100,8833.599
1782565200000,59.1000,59.1300,59.1000,59.1200,6445.222
1782566100000,59.1300,59.1300,59.1000,59.1200,2443.260
1782567000000,59.1200,59.1400,59.1000,59.1100,5407.978
1782567900000,59.1200,59.1300,59.1100,59.1300,2302.310
1782568800000,59.1300,59.1400,59.1100,59.1300,5636.450
1782569700000,59.1200,59.1400,59.1200,59.1400,1659.658
1782570600000,59.1400,59.1400,59.1100,59.1100,3239.664
1782571500000,59.1200,59.1200,59.1100,59.1200,1690.202
1782572400000,59.1100,59.1200,59.0800,59.1200,9163.986
1782573300000,59.1200,59.1600,59.1000,59.1300,12286.377
1782574200000,59.1400,59.1700,59.1300,59.1500,9355.368
1782575100000,59.1500,59.1500,59.1200,59.1300,6230.595
1782576000000,59.1300,59.1400,59.1100,59.1300,4738.871
1782576900000,59.1300,59.1300,59.1100,59.1100,1291.248
1782577800000,59.1100,59.1200,59.1100,59.1100,1544.856
1782578700000,59.1100,59.1200,59.1100,59.1100,1160.666
1782579600000,59.1100,59.1300,59.0900,59.1000,11460.595
1782580500000,59.1100,59.1100,59.0500,59.0800,22144.169
1782581400000,59.0700,59.0900,59.0700,59.0800,4118.752
1782582300000,59.0700,59.0800,59.0700,59.0700,4209.682
1782583200000,59.0700,59.0800,59.0700,59.0700,1478.439
1782584100000,59.0800,59.0900,59.0700,59.0800,1836.177
1782585000000,59.0900,59.0900,59.0700,59.0800,1684.217
1782585900000,59.0800,59.0800,59.0700,59.0800,840.480
1782586800000,59.0800,59.0900,59.0700,59.0800,2136.549
1782587700000,59.0800,59.0900,59.0300,59.0600,11416.232
1782588600000,59.0500,59.0600,59.0300,59.0500,3660.280
1782589500000,59.0500,59.0700,59.0500,59.0600,2299.688
1782590400000,59.0600,59.0700,59.0600,59.0700,1585.475
1782591300000,59.0700,59.0700,59.0500,59.0600,2397.156
1782592200000,59.0600,59.0700,59.0500,59.0600,838.058
1782593100000,59.0600,59.0700,59.0600,59.0600,900.481
1782594000000,59.0600,59.0700,59.0200,59.0400,14525.077
1782594900000,59.0400,59.0800,59.0300,59.0700,1588.724
1782595800000,59.0700,59.0700,59.0200,59.0300,9459.810
1782596700000,59.0300,59.0400,59.0200,59.0300,2267.711
1782597600000,59.0300,59.0600,59.0000,59.0000,38926.049
1782598500000,59.0000,59.0000,58.9300,58.9400,15927.024
1782599400000,58.9400,58.9700,58.9400,58.9500,6876.444
1782600300000,58.9500,58.9600,58.9500,58.9500,1793.456
1782601200000,58.9500,58.9900,58.9500,58.9800,12605.883
1782602100000,58.9800,58.9900,58.9500,58.9800,8018.799
1782603000000,58.9800,59.0000,58.9800,58.9900,3885.740
1782603900000,59.0000,59.0000,58.9800,58.9800,3157.584
1782604800000,58.9800,59.0500,58.9800,59.0400,5067.253
1782605700000,59.0400,59.0600,59.0300,59.0600,5023.027
1782606600000,59.0600,59.0600,59.0200,59.0300,6151.244
1782607500000,59.0300,59.0500,59.0100,59.0400,6865.138
1782608400000,59.0300,59.0700,59.0000,59.0700,11643.540
1782609300000,59.0800,59.1000,58.9300,58.9700,49668.767
1782610200000,58.9700,58.9900,58.9500,58.9800,4828.421
1782611100000,58.9900,58.9900,58.9700,58.9800,3854.566
1782612000000,58.9800,58.9900,58.9800,58.9900,644.406
1782612900000,58.9900,59.0200,58.9600,58.9800,4901.393
1782613800000,58.9800,59.0000,58.9800,58.9900,1053.573
1782614700000,58.9900,59.0000,58.9900,59.0000,1487.600
1782615600000,59.0000,59.0300,58.9900,59.0300,3950.509
1782616500000,59.0300,59.0400,59.0200,59.0300,1602.174
1782617400000,59.0300,59.0400,59.0100,59.0300,3675.833
1782618300000,59.0300,59.0700,59.0200,59.0600,25144.315
1782619200000,59.0600,59.0700,59.0600,59.0700,3703.261
1782620100000,59.0600,59.0800,59.0400,59.0500,6856.415
1782621000000,59.0600,59.0800,59.0400,59.0700,6937.469
1782621900000,59.0700,59.0900,59.0600,59.0700,2809.438
1782622800000,59.0700,59.0900,59.0600,59.0700,3965.384
1782623700000,59.0600,59.0700,59.0400,59.0500,2828.465
1782624600000,59.0600,59.0600,59.0400,59.0500,2809.748
1782625500000,59.0600,59.0700,59.0200,59.0400,3886.201
1782626400000,59.0400,59.0600,59.0400,59.0500,2948.982
1782627300000,59.0500,59.0700,59.0400,59.0600,4812.766
1782628200000,59.0500,59.0800,59.0500,59.0800,2216.679
1782629100000,59.0800,59.0900,59.0700,59.0800,2438.330
1782630000000,59.0800,59.0800,59.0300,59.0300,8619.637
1782630900000,59.0400,59.0700,59.0300,59.0500,2990.066
1782631800000,59.0600,59.0800,59.0500,59.0700,1648.220
1782632700000,59.0700,59.0800,59.0600,59.0800,3083.048
1782633600000,59.0800,59.0800,59.0600,59.0600,1925.272
1782634500000,59.0700,59.0700,59.0500,59.0600,1421.262
1782635400000,59.0600,59.0800,59.0500,59.0800,4735.991
1782636300000,59.0800,59.0800,59.0700,59.0800,1227.173
1782637200000,59.0700,59.0800,59.0400,59.0400,8967.330
1782638100000,59.0500,59.0500,59.0400,59.0500,693.049
1782639000000,59.0500,59.0500,59.0400,59.0500,1164.720
1782639900000,59.0500,59.0500,59.0200,59.0300,1531.281
1782640800000,59.0300,59.0300,59.0200,59.0300,4513.042
1782641700000,59.0300,59.0300,59.0000,59.0100,3978.486
1782642600000,59.0000,59.0100,59.0000,59.0100,913.236
1782643500000,59.0100,59.0100,59.0000,59.0000,2854.389
1782644400000,59.0000,59.0000,58.9500,58.9500,7423.629
1782645300000,58.9500,58.9700,58.9400,58.9700,4760.955
1782646200000,58.9600,58.9700,58.9600,58.9600,4387.899
1782647100000,58.9600,58.9800,58.9600,58.9800,6392.335
1782648000000,58.9700,59.0400,58.9700,59.0100,9291.527
1782648900000,59.0200,59.0400,59.0100,59.0400,1780.390
1782649800000,59.0500,59.0600,59.0200,59.0300,4190.477
1782650700000,59.0300,59.0300,59.0200,59.0200,1227.811
1782651600000,59.0300,59.0300,58.9800,58.9900,3328.978
1782652500000,58.9900,58.9900,58.9800,58.9900,1604.372
1782653400000,58.9900,59.0300,58.9800,59.0300,5262.841
1782654300000,59.0300,59.0500,59.0200,59.0400,2770.034
1782655200000,59.0500,59.0500,59.0400,59.0500,1747.420
1782656100000,59.0500,59.0500,59.0100,59.0200,4273.630
1782657000000,59.0100,59.0600,58.9900,58.9900,14039.927
1782657900000,59.0000,59.0000,58.9700,58.9700,3409.395
1782658800000,58.9700,58.9800,58.9500,58.9500,4676.253
1782659700000,58.9500,58.9800,58.9500,58.9800,7001.970
1782660600000,58.9700,58.9800,58.9700,58.9700,1186.174
1782661500000,58.9700,58.9800,58.9500,58.9600,4139.306
1782662400000,58.9500,58.9800,58.9500,58.9800,10751.223
1782663300000,58.9800,58.9800,58.9600,58.9800,6491.196
1782664200000,58.9800,58.9800,58.9400,58.9600,6713.934
1782665100000,58.9600,58.9700,58.9400,58.9700,10564.742
1782666000000,58.9700,58.9900,58.9500,58.9700,6949.492
1782666900000,58.9700,58.9900,58.9700,58.9800,4204.448
1782667800000,58.9800,58.9900,58.9400,58.9600,3708.766
1782668700000,58.9500,58.9700,58.9400,58.9400,14600.402
1782669600000,58.9500,58.9700,58.9400,58.9600,3671.531
1782670500000,58.9500,58.9700,58.9400,58.9500,5273.689
1782671400000,58.9600,58.9900,58.9500,58.9900,11320.237
1782672300000,58.9900,58.9900,58.9800,58.9900,2467.677
1782673200000,58.9900,58.9900,58.9800,58.9900,1078.901
1782674100000,58.9900,59.0000,58.9800,58.9900,3273.983
1782675000000,58.9900,59.0000,58.9900,59.0000,3005.199
1782675900000,59.0000,59.0200,58.9700,59.0200,12153.554
1782676800000,59.0200,59.0400,58.9900,59.0400,3883.889
1782677700000,59.0300,59.1300,58.9900,59.0700,71932.587
1782678600000,59.0700,59.1800,59.0200,59.1700,118554.520
1782679500000,59.1700,59.1900,59.0700,59.1000,32956.647
1782680400000,59.1000,59.1200,59.0400,59.1000,16535.132
1782681300000,59.0900,59.1700,59.0900,59.1600,9473.601
1782682200000,59.1700,59.1900,59.1400,59.1400,19511.332
1782683100000,59.1300,59.1600,58.9400,58.9600,54147.191
1782684000000,58.9600,59.5100,58.8900,59.1400,859737.039
1782684900000,59.1300,59.1300,58.5500,58.6300,671563.683
1782685800000,58.6200,58.7800,58.5300,58.7200,325663.399
1782686700000,58.7200,58.9000,58.6900,58.8200,200697.738
1782687600000,58.8200,59.0300,58.7900,58.8700,263286.700
1782688500000,58.8600,58.8700,58.6700,58.7300,148876.634
1782689400000,58.7300,58.8800,58.6400,58.8600,163398.620
1782690300000,58.8600,58.9300,58.7200,58.7300,173038.757
1782691200000,58.7300,58.7800,58.5500,58.6200,390309.223
1782692100000,58.6100,58.6900,58.1200,58.1200,544799.021
1782693000000,58.1300,58.6700,58.1300,58.6700,242015.950
1782693900000,58.6600,58.8400,58.4400,58.7100,217021.478
1782694800000,58.7200,58.9000,58.3500,58.4500,712611.353
1782695700000,58.4500,58.7600,58.3800,58.4500,390992.237
1782696600000,58.4400,58.8000,58.2200,58.7100,347424.724
1782697500000,58.7100,58.7100,58.3200,58.3900,449783.829
1782698400000,58.4000,58.6400,58.2900,58.4200,500185.994
1782699300000,58.4200,58.8700,58.3600,58.8300,315226.604
1782700200000,58.8400,58.9400,58.4800,58.6100,467596.889
1782701100000,58.6100,58.8200,58.5800,58.7300,248726.866
1782702000000,58.7300,59.0100,58.7100,58.9200,309670.586
1782702900000,58.9200,59.2200,58.8600,58.9900,303203.840
1782703800000,59.0000,59.0100,58.6400,58.6400,226929.766
1782704700000,58.6500,58.8100,58.6300,58.7100,92394.787
1782705600000,58.7100,58.7200,58.5500,58.5500,99716.405
1782706500000,58.5500,58.6100,58.4900,58.5300,91554.022
1782707400000,58.5300,58.5400,58.2700,58.3800,176591.916
1782708300000,58.3900,58.4200,58.2400,58.2800,111275.000
1782709200000,58.2800,58.4300,58.2000,58.3900,176814.580
1782710100000,58.3800,58.4100,58.1800,58.2200,79450.930
1782711000000,58.2100,58.2900,57.8300,58.2700,608819.513
1782711900000,58.2700,58.7100,58.1600,58.6300,464335.981
1782712800000,58.6400,58.9300,58.6000,58.7200,308639.954
1782713700000,58.7300,58.9900,58.7200,58.8600,194515.894
1782714600000,58.8600,58.9000,58.7200,58.8500,163740.627
1782715500000,58.8500,58.9000,58.6700,58.6900,116683.520
1782716400000,58.6900,58.7100,58.4800,58.5200,244096.937
1782717300000,58.5300,58.6400,58.5200,58.6100,134534.606
1782718200000,58.6100,58.6100,58.3900,58.4400,138665.294
1782719100000,58.4400,58.6100,58.3700,58.3900,115370.268
1782720000000,58.3800,58.5600,58.3700,58.4900,96537.862
1782720900000,58.4900,58.5900,58.3400,58.3700,197700.399
1782721800000,58.3800,58.5200,58.2800,58.3100,194129.959
1782722700000,58.3100,58.3800,57.9600,58.0800,236762.928
1782723600000,58.0700,58.2300,57.9900,58.1500,157323.688
1782724500000,58.1400,58.2400,58.1000,58.1500,217592.023
1782725400000,58.1500,58.2300,58.0200,58.0500,143933.235
1782726300000,58.0500,58.0800,57.4600,57.7500,788390.141
1782727200000,57.7600,57.9200,57.6100,57.8400,473536.216
1782728100000,57.8400,57.8500,57.6700,57.8100,215715.333
1782729000000,57.8100,57.8400,57.5800,57.7000,159768.244
1782729900000,57.6900,57.8900,57.6400,57.8500,144448.558
1782730800000,57.8500,57.9100,57.6600,57.7100,225584.528
1782731700000,57.7200,57.8100,57.6900,57.7900,163520.024
1782732600000,57.7900,57.9800,57.7600,57.9200,281762.970
1782733500000,57.9200,58.2700,57.9100,58.2100,203482.091
1782734400000,58.2200,58.4700,58.1600,58.2900,357070.861
1782735300000,58.2800,58.3400,58.0400,58.0700,356846.834
1782736200000,58.0800,58.4600,58.0500,58.3900,335106.824
1782737100000,58.4300,58.5900,58.3800,58.4100,195607.528
1782738000000,58.4100,58.7500,58.3900,58.7300,351109.164
1782738900000,58.7300,58.8000,58.4000,58.4000,227211.541
1782739800000,58.4000,58.6000,58.2900,58.3700,419382.806
1782740700000,58.3700,58.4200,58.0900,58.2000,321359.170
1782741600000,58.2100,58.2600,57.6600,57.6700,821336.819
1782742500000,57.6700,58.2600,57.4400,58.1600,763999.303
1782743400000,58.1500,58.2900,57.9800,57.9900,313809.959
1782744300000,58.0000,58.2100,57.8400,58.0800,343298.047
1782745200000,58.0900,58.1000,57.7700,57.8900,194967.199
1782746100000,57.8800,58.0700,57.7300,57.9800,160400.740
1782747000000,57.9800,58.1000,57.8800,58.0700,258192.906
1782747900000,58.0700,58.2400,58.0500,58.1500,119732.917
1782748800000,58.1500,58.2100,58.0900,58.1100,67062.119
1782749700000,58.1100,58.1700,58.0300,58.0700,45947.636
1782750600000,58.0800,58.1000,57.9700,58.0700,80672.345
1782751500000,58.0800,58.3100,58.0500,58.1600,110068.852
1782752400000,58.1700,58.4700,58.1600,58.3400,184723.980
1782753300000,58.3500,58.3800,58.1800,58.2300,108697.699
1782754200000,58.2200,58.3000,58.1100,58.1200,116730.491
1782755100000,58.1200,58.2800,58.1000,58.2800,48135.077
1782756000000,58.2700,58.3500,58.2600,58.3300,85348.556
1782756900000,58.3300,58.4200,58.2900,58.3300,46689.236
1782757800000,58.3200,58.4100,58.3000,58.4000,127936.518
1782758700000,58.4000,58.4100,58.1500,58.2100,60829.346
1782759600000,58.2100,58.2300,57.9800,57.9900,97383.697
1782760500000,57.9800,58.3300,57.9700,58.3300,68540.055
1782761400000,58.3400,58.3900,58.2400,58.3100,36017.588
1782762300000,58.3000,58.3300,58.1900,58.2900,46545.231
1782763200000,58.2900,58.2900,58.2300,58.2600,25618.711
1782764100000,58.2700,58.4000,58.2600,58.3900,32832.507
1782765000000,58.3800,58.3800,58.2700,58.2900,15171.848
1782765900000,58.3000,58.4300,58.2500,58.3800,82476.698
1782766800000,58.3800,58.4000,58.3700,58.3900,12572.702
1782767700000,58.3900,58.4000,58.3700,58.3900,9647.159
1782768600000,58.3800,58.3900,58.3700,58.3800,22736.034
1782769500000,58.3800,58.4000,58.3700,58.3700,14255.489
1782770400000,58.3700,58.4700,58.2800,58.3500,145822.451
1782771300000,58.3500,58.4200,58.3100,58.3300,46728.538
1782772200000,58.3300,58.3300,58.2500,58.2500,35462.702
1782773100000,58.2500,58.3300,58.2400,58.2700,37601.547
1782774000000,58.2800,58.6000,58.2700,58.5600,118064.695
1782774900000,58.5600,58.6000,58.4800,58.5000,67845.194
1782775800000,58.5100,58.6200,58.4600,58.5200,90035.712
1782776700000,58.5200,58.5900,58.4600,58.4600,79065.601
1782777600000,58.4700,58.4700,58.1500,58.3500,388643.324
1782778500000,58.3400,58.3900,58.1200,58.1400,187991.063
1782779400000,58.1500,58.1700,57.6300,57.6600,393435.737
1782780300000,57.6500,57.8200,57.3200,57.5800,619053.408
1782781200000,57.5900,57.5900,56.6400,56.9000,1921657.341
1782782100000,56.9000,57.8200,56.6500,57.7600,1059756.695
1782783000000,57.7600,57.7900,57.3100,57.4600,549316.681
1782783900000,57.4600,57.6000,57.3200,57.4800,290420.750
1782784800000,57.4800,57.7200,57.1800,57.3800,384460.597
1782785700000,57.3900,57.5400,57.2100,57.3500,193793.215
1782786600000,57.3400,57.3800,57.1100,57.1900,294528.797
1782787500000,57.1800,57.5900,57.1500,57.4000,207955.030
1782788400000,57.4100,57.6600,57.4000,57.5500,142364.846
1782789300000,57.5500,57.7800,57.4500,57.5100,120986.314
1782790200000,57.5100,57.5200,57.2500,57.2500,97568.250
1782791100000,57.2500,57.3800,57.2100,57.3100,61031.933
1782792000000,57.3200,57.5500,57.3100,57.4400,116673.953
1782792900000,57.4400,57.6000,57.4000,57.5700,50493.185
1782793800000,57.5700,58.0800,57.5700,57.8700,221771.329
1782794700000,57.8800,57.9100,57.7000,57.7300,97390.818
1782795600000,57.7400,57.7700,57.4800,57.5400,185624.118
1782796500000,57.5500,57.5500,57.2800,57.3500,247563.742
1782797400000,57.3600,57.6100,57.1400,57.4500,513363.438
1782798300000,57.4500,57.5400,57.2900,57.3200,167249.556
1782799200000,57.3300,57.6800,57.3300,57.6700,165269.775
1782800100000,57.6700,59.0100,57.5500,58.8900,1146897.711
1782801000000,58.8900,59.6800,58.8400,59.0500,1419615.303
1782801900000,59.0400,59.2700,58.9900,59.1000,452891.774
1782802800000,59.1000,59.1200,58.7900,58.8600,413807.888
1782803700000,58.8700,59.1700,58.8600,58.9800,244946.354
1782804600000,58.9800,59.0700,58.8700,58.9500,379308.791
1782805500000,58.9400,59.0900,58.8500,59.0500,156730.840
1782806400000,59.0400,59.1900,58.6800,58.7900,280635.643
1782807300000,58.7900,58.8100,58.6600,58.7900,130209.645
1782808200000,58.8000,58.8400,58.4700,58.5200,178322.185
1782809100000,58.5300,58.6200,58.4600,58.5700,264766.406
1782810000000,58.5600,58.7000,58.5200,58.6500,187156.281
1782810900000,58.6400,58.7800,58.5800,58.6000,160741.717
1782811800000,58.6100,58.7400,58.4900,58.7300,99785.689
1782812700000,58.7400,58.8800,58.7400,58.8800,114316.570
1782813600000,58.8900,58.9900,58.7900,58.9100,131372.622
1782814500000,58.9100,58.9700,58.8000,58.9600,110006.970
1782815400000,58.9600,59.0600,58.8900,59.0000,85251.964
1782816300000,59.0100,59.1400,58.9400,59.0600,113079.706
1782817200000,59.0700,59.1200,58.8200,59.0300,184773.992
1782818100000,59.0400,59.1300,58.9800,59.1000,104944.943
1782819000000,59.1100,59.2300,58.9900,59.1900,99164.451
1782819900000,59.1800,59.2000,58.9600,59.0900,109312.899
1782820800000,59.1000,59.1100,58.9000,58.9900,279396.628
1782821700000,59.0000,59.0000,58.3900,58.4000,443723.875
1782822600000,58.4000,58.6400,58.3400,58.5500,333795.071
1782823500000,58.5400,58.5800,58.2900,58.3700,227673.479
1782824400000,58.3800,59.1900,58.3700,59.0200,549519.266
1782825300000,59.0300,59.4300,58.9300,59.0300,304381.504
1782826200000,59.0400,59.2600,58.8400,59.1300,485032.102
1782827100000,59.1300,59.3800,59.0100,59.2900,300287.481
1782828000000,59.3000,60.0600,59.1000,59.9000,1220533.306
1782828900000,59.9000,60.4000,59.7900,60.1400,1160022.721
1782829800000,60.1400,60.4900,60.1200,60.3000,417176.208
1782830700000,60.3000,60.3200,59.8400,59.9000,511259.653
1782831600000,59.9000,60.0400,59.7200,59.9200,395225.350
1782832500000,59.9100,59.9200,59.5500,59.8100,330320.151
1782833400000,59.8200,59.8600,59.6000,59.7200,167996.211
1782834300000,59.7100,59.8300,59.5700,59.6200,108896.413
1782835200000,59.6200,59.7400,59.5900,59.7300,93401.558
1782836100000,59.7300,59.8500,59.7200,59.7700,159367.367
1782837000000,59.7700,59.8200,59.6900,59.7800,81195.973
1782837900000,59.7800,59.8500,59.4800,59.5200,131985.794
1782838800000,59.5200,59.5800,59.4100,59.5400,119945.767
1782839700000,59.5400,59.6400,59.4400,59.5500,126232.305
1782840600000,59.5600,59.6000,59.4700,59.5800,40969.230
1782841500000,59.5800,59.7700,59.5600,59.6900,70972.895
1782842400000,59.6900,59.7900,59.6700,59.7300,46766.453
1782843300000,59.7200,59.7600,59.6500,59.7000,35061.772
1782844200000,59.7000,59.7900,59.6200,59.7900,45608.009
1782845100000,59.7900,59.9200,59.7700,59.8000,222933.640
1782846000000,59.8000,59.8100,59.6500,59.6900,60424.267
1782846900000,59.6900,59.7300,59.4900,59.5200,196327.303
1782847800000,59.5100,59.5500,59.4100,59.4300,206906.979
1782848700000,59.4300,59.4500,59.1600,59.2000,149758.395
1782849600000,59.1900,59.3500,59.1100,59.2900,191686.615
1782850500000,59.2900,59.3200,58.9300,58.9500,212971.327
1782851400000,58.9500,58.9600,58.8000,58.8400,79273.217
1782852300000,58.8400,58.8600,58.6400,58.6500,166179.585
1782853200000,58.6500,58.7100,58.6100,58.6800,63183.497
1782854100000,58.6700,58.6900,58.5700,58.6600,98769.908
1782855000000,58.6700,58.6800,58.6100,58.6300,21153.325
1782855900000,58.6400,58.6700,58.6300,58.6600,5590.145
1782856800000,58.6600,58.9000,58.6300,58.8100,204963.517
1782857700000,58.8100,58.8700,58.7500,58.8700,85500.258
1782858600000,58.8800,58.9300,58.8300,58.8500,37903.131
1782859500000,58.8500,58.8800,58.7300,58.7700,56956.882
1782860400000,58.7800,58.9000,58.7100,58.8100,58752.726
1782861300000,58.8100,58.8400,58.6600,58.6800,39238.002
1782862200000,58.6900,58.6900,58.5600,58.5600,74105.978
1782863100000,58.5600,58.5800,58.4200,58.4400,164842.141
1782864000000,58.4500,58.6600,58.3600,58.6100,246545.571
1782864900000,58.6000,58.6200,58.3100,58.4000,327483.922
1782865800000,58.4000,58.5800,58.4000,58.4500,148115.583
1782866700000,58.4500,58.6300,58.3600,58.5400,111811.580
1782867600000,58.5300,58.7500,58.0700,58.1500,561176.366
1782868500000,58.1600,58.2500,57.8500,58.0200,422920.245
1782869400000,58.0300,58.1100,57.7200,57.9100,320546.763
1782870300000,57.9100,57.9500,57.5700,57.7700,288925.435
1782871200000,57.7600,57.8400,57.5300,57.7900,223093.361
1782872100000,57.7800,57.8700,57.7200,57.8000,128431.452
1782873000000,57.8000,57.9600,57.7400,57.9100,152675.562
1782873900000,57.9100,57.9700,57.7200,57.7500,125190.263
1782874800000,57.7500,58.0300,57.7500,58.0000,113172.882
1782875700000,57.9900,58.0800,57.8700,57.8800,98072.110
1782876600000,57.8900,57.9700,57.7900,57.8000,80163.789
1782877500000,57.8000,57.8800,57.7500,57.8700,89265.642
1782878400000,57.8700,57.9000,57.6700,57.7100,79900.799
1782879300000,57.7200,57.7600,57.6500,57.7500,197929.679
1782880200000,57.7500,57.8500,57.6100,57.7100,208622.501
1782881100000,57.7100,57.9100,57.7000,57.7100,143587.566
1782882000000,57.7200,57.7500,57.5200,57.6000,121995.787
1782882900000,57.6000,57.7200,57.4900,57.6200,196927.559
1782883800000,57.6300,57.7800,57.4700,57.6500,237031.153
1782884700000,57.6400,57.7600,57.5600,57.5800,291727.236
1782885600000,57.5800,57.7000,57.3600,57.4300,382648.528
1782886500000,57.4400,57.5400,57.2000,57.5100,223519.302
1782887400000,57.5100,57.6200,57.2900,57.5800,233489.967
1782888300000,57.5900,57.6100,57.4300,57.4800,90106.397
1782889200000,57.4700,57.6200,57.2800,57.3900,318742.092
1782890100000,57.4000,57.5900,57.3700,57.4200,84673.623
1782891000000,57.4100,57.6100,57.2800,57.5400,106066.658
1782891900000,57.5400,57.7500,57.5400,57.7400,106878.354
1782892800000,57.7300,57.7700,57.5700,57.7700,93737.455
1782893700000,57.7700,57.9400,57.7600,57.8700,189723.439
1782894600000,57.8700,57.8900,57.6700,57.8400,85428.007
1782895500000,57.8400,57.9100,57.7000,57.7800,148212.776
1782896400000,57.7800,57.9400,57.6600,57.9000,80588.042
1782897300000,57.8900,58.0200,57.8800,57.9700,153963.230
1782898200000,57.9700,58.1000,57.9400,58.0600,161531.857
1782899100000,58.0700,58.1200,58.0100,58.0800,212647.301
1782900000000,58.0800,58.1700,57.9900,58.0100,94750.789
1782900900000,58.0200,58.0600,57.9400,58.0600,61915.753
1782901800000,58.0500,58.1800,58.0200,58.0300,125625.313
1782902700000,58.0400,58.3300,58.0300,58.3000,87613.473
1782903600000,58.3000,58.5700,58.2700,58.5100,406985.962
1782904500000,58.5100,59.0100,58.5000,58.9400,347627.449
1782905400000,58.9500,59.0400,58.8400,59.0000,188085.046
1782906300000,59.0000,59.1700,58.9300,58.9300,383030.349
1782907200000,58.9400,58.9900,58.6800,58.7300,412820.675
1782908100000,58.7400,58.9400,58.7300,58.7800,188318.800
1782909000000,58.7700,58.9600,58.6800,58.8400,604279.427
1782909900000,58.8400,59.0600,58.8300,58.8700,211556.807
1782910800000,58.8700,58.9000,58.3600,58.4700,732444.848
1782911700000,58.4700,59.0500,58.3800,59.0500,389803.532
1782912600000,59.0500,60.4700,58.9300,60.4500,1361746.680
1782913500000,60.4500,60.7800,60.1600,60.3300,922647.862
1782914400000,60.3300,60.6200,60.1700,60.4300,624367.129
1782915300000,60.4400,61.0800,60.3300,60.7000,861494.869
1782916200000,60.7000,61.0100,60.4300,60.4500,477967.804
1782917100000,60.4600,60.5000,60.2800,60.3800,292044.411
1782918000000,60.3900,60.4300,60.1200,60.2500,551184.209
1782918900000,60.2600,60.3500,60.0600,60.2700,198781.052
1782919800000,60.2600,60.3100,60.1500,60.2400,136626.552
1782920700000,60.2300,60.4200,60.1800,60.2300,96674.115
1782921600000,60.2400,60.4300,60.2400,60.3500,98745.636
1782922500000,60.3400,60.4700,60.3200,60.4000,71711.753
1782923400000,60.4000,60.4300,60.1800,60.2000,110030.922
1782924300000,60.2000,60.2300,60.0900,60.1400,60702.168
1782925200000,60.1400,60.2200,59.9900,60.0500,164194.648
1782926100000,60.0500,60.0800,59.9500,60.0300,99136.821
1782927000000,60.0300,60.1700,60.0300,60.0700,51228.546
1782927900000,60.0600,60.1000,59.8900,59.9200,107041.851
1782928800000,59.9200,60.0500,59.8800,59.9100,78380.325
1782929700000,59.9000,59.9400,59.6900,59.6900,133618.319
1782930600000,59.7000,59.8600,59.7000,59.7500,147514.107
1782931500000,59.7600,59.7800,59.6300,59.7700,134402.629
1782932400000,59.7600,59.9500,59.7600,59.8200,92460.550
1782933300000,59.8100,59.8300,59.6900,59.7400,69849.225
1782934200000,59.7300,59.7700,59.5200,59.5400,86817.295
1782935100000,59.5500,59.5900,59.2400,59.3100,229802.420
1782936000000,59.3100,59.3100,59.0900,59.2400,148379.624
1782936900000,59.2400,59.2800,59.1900,59.2400,34539.093
1782937800000,59.2300,59.2600,59.1000,59.1500,38176.586
1782938700000,59.1500,59.2600,59.0900,59.1700,173147.156
1782939600000,59.1800,59.2800,59.1800,59.2600,62498.113
1782940500000,59.2600,59.2700,59.1900,59.2500,13148.212
1782941400000,59.2400,59.4700,59.2400,59.3700,54023.332
1782942300000,59.3700,59.4200,59.2700,59.3300,21703.089
1782943200000,59.3200,59.4500,59.2700,59.3500,99815.501
1782944100000,59.3500,59.4000,59.2800,59.3600,67026.879
1782945000000,59.3500,59.4200,59.3300,59.3800,58563.808
1782945900000,59.3800,59.4500,59.3700,59.4200,65924.913
1782946800000,59.4200,59.4400,59.2400,59.2500,51194.816
1782947700000,59.2500,59.3000,59.2100,59.3000,34117.894
1782948600000,59.2900,59.3500,59.2700,59.2700,48625.962
1782949500000,59.2800,59.2800,59.1100,59.1200,114453.493
1782950400000,59.1200,59.4300,58.9500,59.4300,288935.396
1782951300000,59.4200,59.4600,59.3100,59.3800,59719.715
1782952200000,59.3800,59.3900,59.1200,59.1500,125909.865
1782953100000,59.1500,59.5900,59.1500,59.5300,263901.550
1782954000000,59.5300,60.2000,59.4900,60.0800,766484.498
1782954900000,60.0900,60.0900,59.6900,59.7300,333486.087
1782955800000,59.7300,59.9100,59.5900,59.6600,194422.379
1782956700000,59.6600,60.0100,59.5900,59.8200,174091.927
1782957600000,59.8300,59.8500,59.6800,59.8400,99741.465
1782958500000,59.8500,59.9900,59.8300,59.9000,128255.364
1782959400000,59.8900,60.2100,59.7500,60.1200,433214.625
1782960300000,60.1200,60.2000,60.0200,60.1000,78336.442
1782961200000,60.1000,60.1700,60.0100,60.0700,64886.620
1782962100000,60.0700,60.2100,60.0200,60.1500,105075.958
1782963000000,60.1500,60.3300,60.1000,60.2600,131358.642
1782963900000,60.2500,60.4700,60.1800,60.3500,208763.874
1782964800000,60.3500,60.4900,60.3000,60.3600,185963.624
1782965700000,60.3700,60.3700,60.1800,60.2000,72399.382
1782966600000,60.2000,60.2200,60.0500,60.1200,102764.122
1782967500000,60.1100,60.2000,60.0600,60.1300,72598.035
1782968400000,60.1400,60.1600,59.8100,59.8200,594627.539
1782969300000,59.8100,59.9800,59.7700,59.7700,133954.773
1782970200000,59.7800,59.9000,59.4300,59.7300,486658.429
1782971100000,59.7300,59.9500,59.6900,59.8700,360537.565
1782972000000,59.8700,60.2900,59.8600,59.9900,320408.615
1782972900000,59.9900,60.2600,59.9400,60.0800,120034.859
1782973800000,60.0800,60.1500,59.8500,59.9000,104843.177
1782974700000,59.9000,60.0700,59.8300,59.9700,100089.952
1782975600000,59.9800,60.0100,59.7600,59.7800,100615.014
1782976500000,59.7900,59.8100,59.6000,59.6700,100763.240
1782977400000,59.6600,59.7900,59.5900,59.7500,353959.176
1782978300000,59.7600,59.7700,59.4100,59.4400,253674.603
1782979200000,59.4300,59.7300,59.3400,59.7000,423375.180
1782980100000,59.6900,60.0400,59.6900,60.0400,420646.589
1782981000000,60.0300,60.2800,59.9900,60.2300,200025.162
1782981900000,60.2400,60.3900,60.1600,60.2200,390455.148
1782982800000,60.2200,60.2800,60.0500,60.1300,160087.700
1782983700000,60.1200,60.1300,59.9100,60.0000,204714.861
1782984600000,60.0000,60.1300,59.9300,60.0600,158632.475
1782985500000,60.0600,60.1000,59.8700,59.9000,95511.513
1782986400000,59.9000,59.9900,59.8600,59.9000,78524.435
1782987300000,59.9000,59.9700,59.8100,59.9500,292640.326
1782988200000,59.9400,60.0000,59.8500,59.8900,83628.745
1782989100000,59.8900,59.9300,59.8100,59.8800,40166.374
1782990000000,59.8800,59.8900,59.5100,59.8600,263829.566
1782990900000,59.8600,59.9900,59.8500,59.9300,148662.591
1782991800000,59.9300,60.1400,59.9200,60.1400,98277.601
1782992700000,60.1400,60.1400,59.8500,59.8500,93602.905
1782993600000,59.8500,60.0200,59.7400,59.8200,153278.132
1782994500000,59.8200,59.9700,59.7300,59.8700,203648.555
1782995400000,59.8700,61.9800,59.8500,61.4900,3540402.441
1782996300000,61.5000,61.5100,60.9500,61.2400,1207287.242
1782997200000,61.2500,61.7900,61.1600,61.3500,713657.545
1782998100000,61.3500,61.3700,60.9900,61.0100,388387.111
1782999000000,61.0100,62.0600,60.9200,61.8400,860315.402
1782999900000,61.8300,62.1300,61.7700,61.9500,699940.719
1783000800000,61.9600,61.9700,61.5300,61.7100,389866.094
1783001700000,61.7100,61.8000,61.1600,61.2400,415584.010
1783002600000,61.2500,61.4800,61.1700,61.3300,425711.037
1783003500000,61.3300,61.4200,61.1400,61.4100,258744.410
1783004400000,61.4100,61.4500,60.8600,61.2000,354173.424
1783005300000,61.1900,61.2600,60.9800,61.0800,204940.735
1783006200000,61.0800,61.3800,61.0700,61.1800,340114.268
1783007100000,61.1900,61.2400,61.0600,61.1600,160179.725
1783008000000,61.1700,61.1900,60.9300,61.0800,277839.105
1783008900000,61.0800,61.1200,60.8300,60.8500,183571.376
1783009800000,60.8500,60.9300,60.5300,60.8600,524195.224
1783010700000,60.8500,60.9900,60.8300,60.9000,153916.596
1783011600000,60.9000,60.9500,60.7200,60.8300,193398.256
1783012500000,60.8300,60.8500,60.5200,60.6600,204222.740
1783013400000,60.6500,60.7200,60.4600,60.5100,204275.305
1783014300000,60.5100,60.6400,60.4900,60.5100,112773.611
1783015200000,60.5100,60.8700,60.4900,60.7900,250763.356
1783016100000,60.7900,60.8400,60.6400,60.8400,107165.243
1783017000000,60.8400,61.0000,60.8300,60.8300,104063.741
1783017900000,60.8200,60.9000,60.7600,60.8500,51011.253
1783018800000,60.8500,60.9000,60.5800,60.5900,201395.411
1783019700000,60.5900,60.6300,60.4000,60.5900,91754.174
1783020600000,60.5900,60.7100,60.5800,60.6600,41924.599
1783021500000,60.6600,60.9700,60.6500,60.9000,77435.577
1783022400000,60.9000,60.9300,60.8100,60.8800,73671.825
1783023300000,60.8800,61.0200,60.8700,60.9500,42958.177
1783024200000,60.9500,61.0000,60.8800,60.9100,29520.008
1783025100000,60.9100,61.0900,60.8800,61.0700,139248.488
1783026000000,61.0600,61.0800,61.0100,61.0200,62189.782
1783026900000,61.0300,61.0700,61.0200,61.0600,19412.710
1783027800000,61.0600,61.1000,61.0400,61.0800,23171.239
1783028700000,61.0900,61.1100,61.0600,61.1100,11342.939
1783029600000,61.1000,61.1400,60.9900,61.0100,104068.392
1783030500000,61.0200,61.0500,60.9600,61.0100,44781.249
1783031400000,61.0100,61.0900,61.0000,61.0400,54306.981
1783032300000,61.0500,61.0900,61.0300,61.0500,30774.420
1783033200000,61.0500,61.1200,61.0500,61.0800,24121.207
1783034100000,61.0700,61.1800,61.0400,61.1700,33205.498
1783035000000,61.1600,61.2400,61.0200,61.1000,126499.979
1783035900000,61.0900,61.2100,61.0800,61.1400,91943.918
1783036800000,61.1300,61.3500,61.0700,61.2900,285549.878
1783037700000,61.2900,61.3600,61.1800,61.2500,170417.565
1783038600000,61.2400,61.3400,61.1200,61.2200,134804.081
1783039500000,61.2200,61.5800,61.1900,61.5100,337930.304
1783040400000,61.5100,62.1300,61.3800,62.0600,775066.871
1783041300000,62.0700,62.3600,61.9800,62.2000,527260.773
1783042200000,62.1900,62.5100,62.1100,62.2100,403355.954
1783043100000,62.2200,62.3300,62.0900,62.2700,163836.448
1783044000000,62.2700,62.4200,62.1900,62.3600,158893.065
1783044900000,62.3500,62.3700,62.2700,62.3700,66497.213
1783045800000,62.3600,62.6500,62.3200,62.5600,518354.032
1783046700000,62.5600,62.5700,62.3800,62.4300,389984.391
1783047600000,62.4200,62.5000,62.3000,62.3700,147454.897
1783048500000,62.3700,62.3900,62.2800,62.3600,62232.478
1783049400000,62.3600,62.3900,62.2200,62.2300,67718.437
1783050300000,62.2300,62.3100,62.2300,62.3100,27255.270
1783051200000,62.3100,62.4800,62.2600,62.4700,45388.272
1783052100000,62.4600,62.7100,62.4300,62.4800,178033.416
1783053000000,62.4900,62.4900,62.3900,62.4600,60579.016
1783053900000,62.4700,62.5000,62.3800,62.4300,78346.239
1783054800000,62.4400,62.5200,62.3800,62.4700,71539.296
1783055700000,62.4700,62.5000,62.2700,62.3800,65155.000
1783056600000,62.3800,62.5700,62.3100,62.4500,140984.359
1783057500000,62.4600,62.5100,62.2900,62.3900,85000.227
1783058400000,62.3900,62.4400,62.2900,62.2900,90845.177
1783059300000,62.3000,62.3400,62.1400,62.2700,209340.603
1783060200000,62.2800,62.4800,62.2500,62.3900,104077.384
1783061100000,62.4000,62.5100,62.3800,62.4600,117088.275
1783062000000,62.4500,62.6100,62.4100,62.5000,307313.557
1783062900000,62.5000,62.6500,62.3900,62.6400,55245.307
1783063800000,62.6500,62.8700,62.6200,62.8400,248258.357
1783064700000,62.8500,62.9100,62.7200,62.7400,103859.600
1783065600000,62.7500,62.9400,62.7300,62.8000,92859.170
1783066500000,62.8000,62.8500,62.7100,62.7300,136599.264
1783067400000,62.7300,62.8100,62.6500,62.7300,85130.426
1783068300000,62.7400,62.7800,62.6100,62.7300,117246.317
1783069200000,62.7300,62.7600,62.5800,62.7600,52576.741
1783070100000,62.7500,62.7800,62.6200,62.6300,59908.753
1783071000000,62.6200,62.7000,62.5700,62.6900,67200.663
1783071900000,62.6900,62.6900,62.5800,62.5800,54648.185
1783072800000,62.5900,62.7400,62.5800,62.7000,46892.113
1783073700000,62.6900,62.7100,62.5900,62.6100,39728.510
1783074600000,62.6000,62.6100,62.4700,62.5800,80776.826
1783075500000,62.5700,62.5900,62.4600,62.4800,86136.908
1783076400000,62.4800,62.5400,62.3100,62.5300,246872.413
1783077300000,62.5300,62.5700,62.3700,62.3800,115790.829
1783078200000,62.3800,62.5100,62.3800,62.5000,136136.926
1783079100000,62.4900,62.5300,62.3800,62.4300,113979.168
1783080000000,62.4300,62.4400,62.2900,62.2900,125312.907
1783080900000,62.2900,62.3300,62.0900,62.1900,224189.882
1783081800000,62.1900,62.3800,62.0700,62.3800,127015.337
1783082700000,62.3800,62.5000,62.3600,62.4200,68633.968
